smiles,n_success_mut,n_failures_mut,LinComb(1-(SigmLin(redox_potential_-1)); SigmLin(redox_potential)),1-(SigmLin(redox_potential_-1)),SigmLin(redox_potential_-1),redox_potential_-1,SigmLin(redox_potential),redox_potential,total,obj_computation_time,history_data
CCPCl,0,0,0.5,0.0,1.0,1.1033364534378052,1.0,1.1033364534378052,0.5,0.04146599769592285,C|AddA-15|Sub-8|ChB-1406|AddA-12|MoveFG-2|AddA-12_CutA-0|Sub-22_InsA-0
N,5,1,0.5,0.0,1.0,0.6800122261047363,1.0,0.6800122261047363,0.5,0.016481637954711914,C|Sub-1
CBr,5,0,0.5,0.0,1.0,1.3434268236160278,1.0,1.3434268236160278,0.5,0.021878957748413086,C|AddA-15
CC,4,0,0.5,0.0,1.0,0.7720221281051636,1.0,0.7720221281051636,0.5,0.03245091438293457,C|AddA-15|Sub-8
NBr,4,0,0.5,0.0,1.0,1.5023244619369507,1.0,1.5023244619369507,0.5,0.0170290470123291,C|Sub-1|AddA-15
CS,4,0,0.5,0.0,1.0,0.8581949472427368,1.0,0.8581949472427368,0.5,0.020737171173095703,C|AddA-13
CSS,3,0,0.5,0.0,1.0,1.3372762203216553,1.0,1.3372762203216553,0.5,0.041785240173339844,C|AddA-13|AddA-21
OBr,3,0,0.5,0.0,1.0,2.0780959129333496,1.0,2.0780959129333496,0.5,0.016258955001831055,C|Sub-1|AddA-15|Sub-2
CCC,3,0,0.5,0.0,1.0,0.8114511370658875,1.0,0.8114511370658875,0.5,0.036566972732543945,C|AddA-15|Sub-8|InsA-0
CCBr,2,0,0.5,0.0,1.0,1.3670368194580078,1.0,1.3670368194580078,0.5,0.040106773376464844,C|AddA-15|InsA-0
NP,2,0,0.5,0.0,1.0,0.7065226435661316,1.0,0.7065226435661316,0.5,0.024580717086791992,C|Sub-1|AddA-12
FNS,1,0,0.5,0.0,1.0,1.6974214315414429,1.0,1.6974214315414429,0.5,0.018697023391723633,C|Sub-1|AddA-12|Sub-11_AddA-13
OC(CPBr)OCCl,0,0,0.5,0.0,1.0,1.4309782981872559,1.0,1.4309782981872559,0.5,0.08570218086242676,C|Sub-1|AddA-15|Sub-2|AddA-8_Sub-12|AddA-30|InsA-0|AddA-23|InsA-3_AddA-58
CCN,1,0,0.5,0.0,1.0,0.8144412636756897,1.0,0.8144412636756897,0.5,0.038218021392822266,C|AddA-15|Sub-8|InsA-0|MoveFG-1406_Sub-17
O,1,0,0.5,0.0,1.0,1.1168124675750732,1.0,1.1168124675750732,0.5,0.014778852462768555,C|Sub-1|AddA-15|Sub-2|RmA-1
CSF,3,0,0.5,0.0,1.0,1.3644320964813232,1.0,1.3644320964813232,0.5,0.02081012725830078,C|AddA-13|AddA-21|Sub-19
C=[SH]N,2,0,0.5,0.0,1.0,1.1621984243392944,1.0,1.1621984243392944,0.5,0.03367924690246582,C|AddA-13|ChB-1406_AddA-17
ClNBr,2,0,0.5,0.0,1.0,1.725469708442688,1.0,1.725469708442688,0.5,0.017952680587768555,C|Sub-1|AddA-15|AddA-14
C#C,3,0,0.5,0.0,1.0,1.3698581457138062,1.0,1.3698581457138062,0.5,0.016842126846313477,C|AddA-15|Sub-8|ChB-2109
SBr,3,0,0.5,0.0,1.0,1.9496110677719116,1.0,1.9496110677719116,0.5,0.014943122863769531,C|AddA-15|Sub-5
NCl,4,1,0.5,0.0,1.0,1.1745052337646484,1.0,1.1745052337646484,0.5,0.017026185989379883,C|Sub-1|AddA-14
NCCl,3,0,0.5,0.0,1.0,1.0094038248062134,1.0,1.0094038248062134,0.5,0.03835797309875488,C|Sub-1|AddA-14|InsA-0
C=CCBr,4,0,0.5,0.0,1.0,1.2450933456420898,1.0,1.2450933456420898,0.5,0.04417014122009277,C|AddA-15|InsA-0|InsA-37_ChB-1407
S,0,3,0.5,0.0,1.0,0.7763682007789612,1.0,0.7763682007789612,0.5,0.015889883041381836,C|Sub-1|Sub-5
CN(C)CF,0,0,0.5,0.0,1.0,1.0679734945297241,1.0,1.0679734945297241,0.5,0.051126956939697266,C|AddA-15|Sub-8|InsA-0|InsA-37|MoveFG-41|InsA-2|Sub-3|Sub-25
CF,4,0,0.5,0.0,1.0,0.9503915905952454,1.0,0.9503915905952454,0.5,0.020809173583984375,C|AddA-15|Sub-8|Sub-3
Br,3,2,0.5,0.0,1.0,1.1582566499710083,1.0,1.1582566499710083,0.5,0.012163639068603516,C|Sub-1|AddA-15|Sub-7_RmA-1
CCCS,4,0,0.5,0.0,1.0,0.907734751701355,1.0,0.907734751701355,0.5,0.05353498458862305,C|AddA-13|InsA-0_InsA-37
SCS,5,0,0.5,0.0,1.0,0.9832349419593811,1.0,0.9832349419593811,0.5,0.029790163040161133,C|AddA-13|AddA-21|MoveFG-1406
COP,4,0,0.5,0.0,1.0,0.8327972292900085,1.0,0.8327972292900085,0.5,0.03304696083068848,C|Sub-1|AddA-15|Sub-2|AddA-8_Sub-12
CCCC,5,0,0.5,0.0,1.0,0.828458309173584,1.0,0.828458309173584,0.5,0.055278778076171875,C|AddA-15|Sub-8|InsA-0|InsA-37
CCC(C)P,4,0,0.5,0.0,1.0,0.823493480682373,1.0,0.823493480682373,0.5,0.06715202331542969,C|AddA-15|Sub-8|InsA-0|InsA-37|AddA-28
POCCl,4,0,0.5,0.0,1.0,1.057587742805481,1.0,1.057587742805481,0.5,0.04491090774536133,C|Sub-1|AddA-15|Sub-2|AddA-8_Sub-12|AddA-30
CN,4,0,0.5,0.0,1.0,0.7710415124893188,1.0,0.7710415124893188,0.5,0.02845597267150879,C|Sub-1|AddA-8
PCBr,3,0,0.5,0.0,1.0,1.2996352910995483,1.0,1.2996352910995483,0.5,0.029536008834838867,C|AddA-15|AddA-12
C=C,4,0,0.5,0.0,1.0,1.076478362083435,1.0,1.076478362083435,0.5,0.019977807998657227,C|AddA-15|Sub-8|ChB-1406
BrNBr,4,0,0.5,0.0,1.0,1.966569423675537,1.0,1.966569423675537,0.5,0.01673412322998047,C|Sub-1|AddA-15|AddA-13_Sub-23
NCS,3,0,0.5,0.0,1.0,0.8938882946968079,1.0,0.8938882946968079,0.5,0.06211400032043457,C|AddA-13|AddA-9
CSCS,2,0,0.5,0.0,1.0,0.9869365096092224,1.0,0.9869365096092224,0.5,0.0365293025970459,C|AddA-13|AddA-21|InsA-37
OCBr,3,0,0.5,0.0,1.0,1.5940076112747192,1.0,1.5940076112747192,0.5,0.018227100372314453,C|Sub-1|AddA-15|Sub-2|InsA-0
C1#CC1,3,0,0.5,0.0,1.0,1.1776942014694214,1.0,1.1776942014694214,0.5,0.06639313697814941,C|AddA-15|Sub-8|InsA-0|ChB-2109
CCS,2,0,0.5,0.0,1.0,0.8882040977478027,1.0,0.8882040977478027,0.5,0.03577995300292969,C|AddA-15|Sub-8|InsA-0|ChB-2109|Sub-5_ChB-0
CCOBr,1,0,0.5,0.0,1.0,1.8765935897827148,1.0,1.8765935897827148,0.5,0.04610395431518555,C|Sub-1|AddA-15|Sub-2|InsA-0|MoveFG-1406_InsA-1
P,0,0,0.5,0.0,1.0,0.6478987336158752,1.0,0.6478987336158752,0.5,0.017000913619995117,C|AddA-15|Sub-8|ChB-2109|Sub-4_RmA-1
CNBr,1,0,0.5,0.0,1.0,1.5001744031906128,1.0,1.5001744031906128,0.5,0.03214693069458008,C|Sub-1|AddA-15|AddA-14|InsA-1_RmA-2
C1=[SH]N1,2,0,0.5,0.0,1.0,1.5974758863449097,1.0,1.5974758863449097,0.5,0.029295682907104492,C|AddA-13|ChB-1406_AddA-17|ChB-704
FC(S)Cl,2,0,0.5,0.0,1.0,1.3595929145812988,1.0,1.3595929145812988,0.5,0.019619226455688477,C|AddA-13|AddA-21|Sub-19|MoveFG-1406_AddA-14
Cl,1,1,0.5,0.0,1.0,0.8680475950241089,1.0,0.8680475950241089,0.5,0.01204824447631836,C|Sub-1|AddA-15|Sub-2|RmA-1|Sub-6
CPCN,2,0,0.5,0.0,1.0,0.7804474234580994,1.0,0.7804474234580994,0.5,0.05361294746398926,C|AddA-15|Sub-8|InsA-0|MoveFG-1406_Sub-17|Sub-4_InsA-1
FS,3,0,0.5,0.0,1.0,1.3615823984146118,1.0,1.3615823984146118,0.5,0.016353845596313477,C|Sub-1|AddA-12|Sub-11_AddA-13|CutA-0
NNF,4,0,0.5,0.0,1.0,1.4292281866073608,1.0,1.4292281866073608,0.5,0.024370908737182617,C|Sub-1|AddA-12|AddA-11_Sub-9
NCCNF,3,0,0.5,0.0,1.0,1.093214988708496,1.0,1.093214988708496,0.5,0.0522611141204834,C|Sub-1|AddA-12|AddA-11_Sub-9|InsA-0_InsA-38
FCS,2,0,0.5,0.0,1.0,1.098811388015747,1.0,1.098811388015747,0.5,0.035756826400756836,C|Sub-1|AddA-12|Sub-11_AddA-13|CutA-0|AddA-16_MoveFG-2
C=CC,2,0,0.5,0.0,1.0,0.9813386797904968,1.0,0.9813386797904968,0.5,0.07662606239318848,C|AddA-15|InsA-0|InsA-37_ChB-1407|RmA-1
N#CN,3,0,0.5,0.0,1.0,1.2413575649261475,1.0,1.2413575649261475,0.5,0.03999018669128418,C|Sub-1|AddA-14|InsA-0|Sub-9_ChB-2110
NNCl,2,0,0.5,0.0,1.0,1.3112695217132568,1.0,1.3112695217132568,0.5,0.03696084022521973,C|Sub-1|AddA-14|AddA-9_MoveFG-2
SCBr,3,0,0.5,0.0,1.0,1.451768398284912,1.0,1.451768398284912,0.5,0.019376754760742188,C|AddA-15|Sub-5|InsA-0
C#N,2,0,0.5,0.0,1.0,1.7851823568344116,1.0,1.7851823568344116,0.5,0.015037298202514648,C|AddA-15|Sub-8|ChB-2109|Sub-9
ClCBr,4,0,0.5,0.0,1.0,1.4751414060592651,1.0,1.4751414060592651,0.5,0.02329707145690918,C|Sub-1|AddA-15|AddA-14|Sub-0
CCSN,2,0,0.5,0.0,1.0,1.1074565649032593,1.0,1.1074565649032593,0.5,0.2368781566619873,C|AddA-13|ChB-1406_AddA-17|InsA-0
CCSF,4,0,0.5,0.0,1.0,1.3950550556182861,1.0,1.3950550556182861,0.5,0.3243260383605957,C|AddA-13|AddA-21|Sub-19|InsA-0
CC[SH](N)CF,2,0,0.5,0.0,1.0,1.0937509536743164,1.0,1.0937509536743164,0.5,0.35120105743408203,C|AddA-13|AddA-21|Sub-19|InsA-0|InsA-37_AddA-17
C#SCl,3,0,0.5,0.0,1.0,2.1961660385131836,1.0,2.1961660385131836,0.5,0.018291950225830078,C|AddA-13|AddA-21|Sub-19|Sub-22_ChB-2109
FS1=[SH]C1,2,0,0.5,0.0,1.0,1.5087007284164429,1.0,1.5087007284164429,0.5,0.03476405143737793,C|AddA-13|AddA-21|MoveFG-1406|AddA-19_ChB-1443
CCCC#[SH],2,0,0.5,0.0,1.0,1.111335039138794,1.0,1.111335039138794,0.5,0.043653011322021484,C|AddA-13|InsA-0_InsA-37|ChB-2147_InsA-73
OCF,3,0,0.5,0.0,1.0,1.1786011457443237,1.0,1.1786011457443237,0.5,0.01891183853149414,C|AddA-15|Sub-8|Sub-3|AddA-18
CCCCCBr,3,0,0.5,0.0,1.0,1.3991402387619019,1.0,1.3991402387619019,0.5,0.054080963134765625,C|AddA-15|InsA-0|InsA-37_ChB-1407|InsA-1_InsA-38
CCl,2,0,0.5,0.0,1.0,1.0098872184753418,1.0,1.0098872184753418,0.5,0.01773810386657715,C|Sub-1|AddA-14|InsA-0|RmA-0
SCl,2,0,0.5,0.0,1.0,1.6431753635406494,1.0,1.6431753635406494,0.5,0.014415740966796875,C|Sub-1|AddA-14|Sub-5
NSBr,5,0,0.5,0.0,1.0,2.066801071166992,1.0,2.066801071166992,0.5,0.017393827438354492,C|AddA-15|Sub-5|AddA-9
C#CF,4,0,0.5,0.0,1.0,1.7197047472000122,1.0,1.7197047472000122,0.5,0.016418933868408203,C|AddA-15|Sub-8|ChB-2109|AddA-19
CCF,2,0,0.5,0.0,1.0,0.9915511012077332,1.0,0.9915511012077332,0.5,0.03777885437011719,C|AddA-15|Sub-8|ChB-2109|AddA-19|ChB-703_MoveFG-1406
FBr,2,0,0.5,0.0,1.0,2.0952110290527344,1.0,2.0952110290527344,0.5,0.011684894561767578,C|Sub-1|AddA-15|Sub-7_RmA-1|AddA-11
PBr,2,0,0.5,0.0,1.0,1.3873286247253418,1.0,1.3873286247253418,0.5,0.016834020614624023,C|AddA-15|Sub-5|Sub-4
NS,3,0,0.5,0.0,1.0,1.012721061706543,1.0,1.012721061706543,0.5,0.0204007625579834,C|Sub-1|AddA-14|Sub-13
CNCl,3,0,0.5,0.0,1.0,1.2066084146499634,1.0,1.2066084146499634,0.5,0.030784130096435547,C|Sub-1|AddA-14|InsA-0|MoveFG-1406
CCPCP,0,0,0.5,0.0,1.0,0.7823882699012756,1.0,0.7823882699012756,0.5,0.038970232009887695,C|AddA-15|Sub-8|ChB-1406|AddA-12|MoveFG-2|AddA-12_CutA-0|InsA-37_InsA-0
C=CF,2,0,0.5,0.0,1.0,1.3484394550323486,1.0,1.3484394550323486,0.5,0.021737098693847656,C|AddA-15|Sub-8|Sub-3|InsA-0_ChB-1443
CSC(P)S,2,0,0.5,0.0,1.0,0.971781313419342,1.0,0.971781313419342,0.5,0.04858803749084473,C|AddA-13|InsA-0_InsA-37|Sub-21_AddA-36
N#SF,2,0,0.5,0.0,1.0,2.2441020011901855,1.0,2.2441020011901855,0.5,0.014868021011352539,C|AddA-15|Sub-5|AddA-9|ChB-2110_Sub-11
SCC#[SH],3,0,0.5,0.0,1.0,1.2642087936401367,1.0,1.2642087936401367,0.5,0.032135009765625,C|AddA-13|AddA-21|MoveFG-1406|ChB-2110_InsA-0
C1#S#SC1,3,0,0.5,0.0,1.0,1.881546139717102,1.0,1.881546139717102,0.5,0.03085803985595703,C|AddA-13|AddA-21|MoveFG-1406|ChB-2110_InsA-0|ChB-2146
CCCCP,2,0,0.5,0.0,1.0,0.8255420327186584,1.0,0.8255420327186584,0.5,0.05048203468322754,C|AddA-15|Sub-8|InsA-0|InsA-37|AddA-20
C=CBr,2,0,0.5,0.0,1.0,1.7065707445144653,1.0,1.7065707445144653,0.5,0.020500898361206055,C|AddA-15|InsA-0|InsA-37_ChB-1407|CutA-3
NCF,2,0,0.5,0.0,1.0,1.0301291942596436,1.0,1.0301291942596436,0.5,0.03192496299743652,C|AddA-15|Sub-8|Sub-3|AddA-17
FC=PPS,0,0,0.5,0.0,1.0,1.3228925466537476,1.0,1.3228925466537476,0.5,0.026224136352539062,C|AddA-15|Sub-8|ChB-1406|AddA-12|MoveFG-2|AddA-12_CutA-0|AddA-29_AddA-11
CCC(C)S,4,0,0.5,0.0,1.0,0.8959831595420837,1.0,0.8959831595420837,0.5,0.04390382766723633,C|AddA-13|InsA-0_InsA-37|AddA-32
PS,2,0,0.5,0.0,1.0,0.7857481241226196,1.0,0.7857481241226196,0.5,0.021669864654541016,C|AddA-13|AddA-21|MoveFG-1406|CutA-0_Sub-12
C1=PO1,2,0,0.5,0.0,1.0,1.4247180223464966,1.0,1.4247180223464966,0.5,0.0173799991607666,C|Sub-1|AddA-15|Sub-2|AddA-8_Sub-12|ChB-1443
CC1=CC1P,3,0,0.5,0.0,1.0,0.9240416884422302,1.0,0.9240416884422302,0.5,0.07018804550170898,C|AddA-15|Sub-8|InsA-0|InsA-37|AddA-28|ChB-1408
CPP,3,0,0.5,0.0,1.0,0.7172785401344299,1.0,0.7172785401344299,0.5,0.04181408882141113,C|Sub-1|AddA-15|Sub-2|AddA-8_Sub-12|AddA-30|Sub-4_RmA-3
CP,4,0,0.5,0.0,1.0,0.7249122262001038,1.0,0.7249122262001038,0.5,0.22475504875183105,C|Sub-1|AddA-15|Sub-2|AddA-8_Sub-12|AddA-30|Sub-4_RmA-3|MoveFG-39_CutA-1
CC1=C(O)C1P,4,0,0.5,0.0,1.0,1.0266426801681519,1.0,1.0266426801681519,0.5,0.17145490646362305,C|AddA-15|Sub-8|InsA-0|InsA-37|AddA-28|ChB-1408|AddA-10
CO,4,0,0.5,0.0,1.0,0.9586727619171143,1.0,0.9586727619171143,0.5,0.02038717269897461,C|AddA-15|Sub-8|Sub-3|AddA-18_RmA-0
CNCCS,4,0,0.5,0.0,1.0,0.9248791337013245,1.0,0.9248791337013245,0.5,0.04222893714904785,C|AddA-13|InsA-0_InsA-37|InsA-73_Sub-17
C1#[SH]=[SH]1,5,0,0.5,0.0,1.0,2.1194772720336914,1.0,2.1194772720336914,0.5,0.021151065826416016,C|AddA-13|AddA-21|MoveFG-1406|ChB-2110_ChB-1443
POCl,4,0,0.5,0.0,1.0,1.7573970556259155,1.0,1.7573970556259155,0.5,0.02817511558532715,C|Sub-1|AddA-15|Sub-2|AddA-8_Sub-12|Sub-22
CCCCC,5,0,0.5,0.0,1.0,0.8397105932235718,1.0,0.8397105932235718,0.5,0.1411571502685547,C|AddA-15|Sub-8|InsA-0|InsA-37|InsA-1
CC(C)P,5,0,0.5,0.0,1.0,0.8098515272140503,1.0,0.8098515272140503,0.5,0.06468892097473145,C|AddA-15|Sub-8|InsA-0|InsA-37|AddA-28|CutA-3
OC(P)Cl,3,0,0.5,0.0,1.0,1.0726196765899658,1.0,1.0726196765899658,0.5,0.038114070892333984,C|Sub-1|AddA-15|Sub-2|AddA-8_Sub-12|AddA-30|ChB-740_ChB-0
CC#N,5,0,0.5,0.0,1.0,1.2660120725631714,1.0,1.2660120725631714,0.5,0.020746946334838867,C|Sub-1|AddA-8|InsA-0_ChB-2110
CC=N,3,0,0.5,0.0,1.0,1.061834692955017,1.0,1.061834692955017,0.5,0.033286094665527344,C|Sub-1|AddA-8|InsA-0_ChB-2110|ChB-1407
ClBr,1,1,0.5,0.0,1.0,2.167703628540039,1.0,2.167703628540039,0.5,0.012042045593261719,C|Sub-1|AddA-15|Sub-7_RmA-1|AddA-14
OS,2,0,0.5,0.0,1.0,1.4748682975769043,1.0,1.4748682975769043,0.5,0.016893863677978516,C|AddA-13|AddA-21|MoveFG-1406|Sub-2_RmA-2
COPO,3,0,0.5,0.0,1.0,1.0925869941711426,1.0,1.0925869941711426,0.5,0.034252166748046875,C|Sub-1|AddA-15|Sub-2|AddA-8_Sub-12|AddA-18
CC1=[SH]C1,2,0,0.5,0.0,1.0,1.0329196453094482,1.0,1.0329196453094482,0.5,0.057286739349365234,C|AddA-15|Sub-8|InsA-0|InsA-37|ChB-1443_Sub-13
CCCP,3,0,0.5,0.0,1.0,0.808853805065155,1.0,0.808853805065155,0.5,0.05957794189453125,C|AddA-15|Sub-8|InsA-0|InsA-37|AddA-28|CutA-3_MoveFG-2775
PCOCCl,4,0,0.5,0.0,1.0,1.031665325164795,1.0,1.031665325164795,0.5,0.06118512153625488,C|Sub-1|AddA-15|Sub-2|AddA-8_Sub-12|AddA-30|InsA-0
CNN,4,0,0.5,0.0,1.0,0.8673744797706604,1.0,0.8673744797706604,0.5,0.030984878540039062,C|Sub-1|AddA-8|AddA-10_Sub-17
SCCBr,3,0,0.5,0.0,1.0,1.4061800241470337,1.0,1.4061800241470337,0.5,0.03298497200012207,C|AddA-15|AddA-12|Sub-16_AddA-29
C=CP,4,0,0.5,0.0,1.0,0.9813147783279419,1.0,0.9813147783279419,0.5,0.036741018295288086,C|AddA-15|Sub-8|ChB-1406|AddA-12
C1=CP1,3,0,0.5,0.0,1.0,1.0502326488494873,1.0,1.0502326488494873,0.5,0.033806800842285156,C|AddA-15|Sub-8|ChB-1406|AddA-12|ChB-740
CC(F)S,4,0,0.5,0.0,1.0,1.0664951801300049,1.0,1.0664951801300049,0.5,0.033638715744018555,C|AddA-15|Sub-8|InsA-0|ChB-2109|Sub-5_ChB-0|AddA-27
CC(C)C,4,0,0.5,0.0,1.0,0.834856390953064,1.0,0.834856390953064,0.5,0.12469196319580078,C|AddA-15|Sub-8|InsA-0|InsA-37|MoveFG-41
CC1=PC1C,2,0,0.5,0.0,1.0,1.1963728666305542,1.0,1.1963728666305542,0.5,0.05200672149658203,C|AddA-15|Sub-8|InsA-0|InsA-37|AddA-28|ChB-1514
COCP,3,0,0.5,0.0,1.0,0.8323415517807007,1.0,0.8323415517807007,0.5,0.048558950424194336,C|Sub-1|AddA-15|Sub-2|AddA-8_Sub-12|AddA-30|InsA-0_RmA-3
C=N,3,0,0.5,0.0,1.0,1.3253905773162842,1.0,1.3253905773162842,0.5,0.021940946578979492,C|Sub-1|AddA-8|ChB-1406
PCCBr,3,0,0.5,0.0,1.0,1.3436685800552368,1.0,1.3436685800552368,0.5,0.04491424560546875,C|AddA-15|AddA-12|InsA-1
C=CCl,2,0,0.5,0.0,1.0,1.5362359285354614,1.0,1.5362359285354614,0.5,0.02853703498840332,C|AddA-15|Sub-8|ChB-1406|AddA-22_MoveFG-1406
CC#P,0,0,0.5,0.0,1.0,1.1468783617019653,1.0,1.1468783617019653,0.5,0.019277095794677734,C|AddA-15|Sub-8|ChB-1406|AddA-12|MoveFG-2_RmA-0|InsA-0_ChB-2146
S=CCl,4,0,0.5,0.0,1.0,1.9398407936096191,1.0,1.9398407936096191,0.5,0.018108129501342773,C|AddA-13|AddA-9|Sub-22_ChB-1406
S[SH]=CCl,3,0,0.5,0.0,1.0,1.772857904434204,1.0,1.772857904434204,0.5,0.03854799270629883,C|AddA-13|AddA-9|Sub-22_ChB-1406|AddA-21
OS1=CN1,3,0,0.5,0.0,1.0,1.7586817741394043,1.0,1.7586817741394043,0.5,0.03431296348571777,C|AddA-13|ChB-1406_AddA-17|ChB-704|AddA-18
C#P,3,0,0.5,0.0,1.0,1.5686780214309692,1.0,1.5686780214309692,0.5,0.014874935150146484,C|Sub-1|AddA-8|ChB-2109_Sub-4
OPCBr,2,0,0.5,0.0,1.0,1.364303469657898,1.0,1.364303469657898,0.5,0.033843994140625,C|AddA-15|AddA-12|AddA-26
FC=CP,4,0,0.5,0.0,1.0,1.2218694686889648,1.0,1.2218694686889648,0.5,0.033332109451293945,C|AddA-15|Sub-8|ChB-1406|AddA-20_AddA-11
BrCNBr,3,0,0.5,0.0,1.0,1.6467196941375732,1.0,1.6467196941375732,0.5,0.04886293411254883,C|Sub-1|AddA-15|AddA-13_Sub-23|InsA-0
NCCS,3,0,0.5,0.0,1.0,0.9147611856460571,1.0,0.9147611856460571,0.5,0.041716814041137695,C|AddA-13|AddA-9|InsA-0
CSCO,3,0,0.5,0.0,1.0,1.0306566953659058,1.0,1.0306566953659058,0.5,0.03741168975830078,C|AddA-13|AddA-21|InsA-37|Sub-18
OCCO,4,0,0.5,0.0,1.0,1.0550130605697632,1.0,1.0550130605697632,0.5,0.03766608238220215,C|Sub-1|AddA-15|Sub-2|InsA-0|InsA-37_Sub-10
C1#SC1,3,0,0.5,0.0,1.0,1.3882304430007935,1.0,1.3882304430007935,0.5,0.02139902114868164,C|AddA-15|Sub-8|InsA-0|ChB-2109|Sub-13
C1#SCC1,4,0,0.5,0.0,1.0,1.135159969329834,1.0,1.135159969329834,0.5,0.03888416290283203,C|AddA-15|Sub-8|InsA-0|ChB-2109|Sub-13|InsA-1
OCCCl,4,0,0.5,0.0,1.0,1.1742315292358398,1.0,1.1742315292358398,0.5,0.0419459342956543,C|Sub-1|AddA-15|Sub-2|InsA-0|InsA-37_Sub-10|Sub-6
C=CO,2,0,0.5,0.0,1.0,1.213043212890625,1.0,1.213043212890625,0.5,0.04093003273010254,C|AddA-15|Sub-8|ChB-1406|AddA-10
PP1CC1,0,0,0.5,0.0,1.0,0.7533819675445557,1.0,0.7533819675445557,0.5,0.04710507392883301,C|AddA-15|Sub-8|InsA-0|InsA-37|AddA-28|CutA-3_MoveFG-2775|ChB-703_MoveFG-1446|Sub-20
NP=S,4,0,0.5,0.0,1.0,1.2944368124008179,1.0,1.2944368124008179,0.5,0.020636320114135742,C|AddA-13|AddA-9|Sub-4_ChB-1406
SC1CCS1,3,0,0.5,0.0,1.0,1.449293851852417,1.0,1.449293851852417,0.5,0.05224299430847168,C|AddA-13|AddA-21|InsA-37|ChB-1408_InsA-2
COBr,2,0,0.5,0.0,1.0,1.8862212896347046,1.0,1.8862212896347046,0.5,0.03821706771850586,C|Sub-1|AddA-15|Sub-2|InsA-0|MoveFG-1406
C1CCC1,3,0,0.5,0.0,1.0,0.877133309841156,1.0,0.877133309841156,0.5,0.08016109466552734,C|AddA-15|Sub-8|InsA-0|ChB-2109|InsA-0
SCCCBr,4,0,0.5,0.0,1.0,1.406067132949829,1.0,1.406067132949829,0.5,0.05801081657409668,C|AddA-15|Sub-8|InsA-0|ChB-2109|Sub-5_ChB-0|InsA-37_AddA-23
OCCBr,3,0,0.5,0.0,1.0,1.4114032983779907,1.0,1.4114032983779907,0.5,0.038450002670288086,C|Sub-1|AddA-15|Sub-2|InsA-0|MoveFG-1406_InsA-1|MoveFG-2
ClCCBr,3,0,0.5,0.0,1.0,1.439166784286499,1.0,1.439166784286499,0.5,0.043367862701416016,C|Sub-1|AddA-15|Sub-2|InsA-0|MoveFG-1406_InsA-1|MoveFG-2|Sub-6
C1#SN1,4,0,0.5,0.0,1.0,1.8086899518966675,1.0,1.8086899518966675,0.5,0.021517038345336914,C|AddA-13|ChB-1406_AddA-17|ChB-704|ChB-2109
NCNF,4,0,0.5,0.0,1.0,1.1126980781555176,1.0,1.1126980781555176,0.5,0.04132223129272461,C|Sub-1|AddA-12|AddA-11_Sub-9|InsA-0_InsA-38|CutA-3
CNF,3,0,0.5,0.0,1.0,1.0555709600448608,1.0,1.0555709600448608,0.5,0.02657794952392578,C|Sub-1|AddA-12|AddA-11_Sub-9|Sub-8
F,0,4,0.5,0.0,1.0,0.9375951886177063,1.0,0.9375951886177063,0.5,0.011426210403442383,C|Sub-1|AddA-12|Sub-11_AddA-13|CutA-0|RmA-1
C1=PCP1,0,0,0.5,0.0,1.0,1.0800431966781616,1.0,1.0800431966781616,0.5,0.031903982162475586,C|AddA-15|Sub-8|ChB-1406|AddA-12|ChB-740|Sub-12|InsA-37
OCl,3,0,0.5,0.0,1.0,1.8509562015533447,1.0,1.8509562015533447,0.5,0.014873266220092773,C|Sub-1|AddA-15|Sub-2|RmA-1|Sub-6|AddA-10
FCCCl,3,0,0.5,0.0,1.0,1.14905846118927,1.0,1.14905846118927,0.5,0.04104924201965332,C|AddA-13|AddA-21|Sub-19|MoveFG-1406_AddA-14|InsA-2_RmA-1
SNBr,3,0,0.5,0.0,1.0,1.9130867719650269,1.0,1.9130867719650269,0.5,0.019629716873168945,C|Sub-1|AddA-15|AddA-14|InsA-1_RmA-2|Sub-21
NN(Br)Br,5,0,0.5,0.0,1.0,2.274894952774048,1.0,2.274894952774048,0.5,0.022315025329589844,C|Sub-1|AddA-15|AddA-13_Sub-23|AddA-9
BrNNBr,2,0,0.5,0.0,1.0,1.9996559619903564,1.0,1.9996559619903564,0.5,0.0207827091217041,C|Sub-1|AddA-15|AddA-13_Sub-23|AddA-9|MoveFG-3
SPBr,4,0,0.5,0.0,1.0,1.5772461891174316,1.0,1.5772461891174316,0.5,0.04960489273071289,C|AddA-15|Sub-5|InsA-0|Sub-20
NCCN,2,0,0.5,0.0,1.0,0.8370828628540039,1.0,0.8370828628540039,0.5,0.033685922622680664,C|Sub-1|AddA-14|InsA-0|Sub-9_ChB-2110|InsA-1
CC=CBr,3,0,0.5,0.0,1.0,1.67203950881958,1.0,1.67203950881958,0.5,0.04200601577758789,C|AddA-15|InsA-0|InsA-37_ChB-1407|RmA-1|AddA-15
FC=S,4,0,0.5,0.0,1.0,1.7336941957473755,1.0,1.7336941957473755,0.5,0.016787052154541016,C|Sub-1|AddA-12|Sub-11_AddA-13|CutA-0|AddA-16_MoveFG-2|ChB-1443
CCNF,2,0,0.5,0.0,1.0,1.069270133972168,1.0,1.069270133972168,0.5,0.04116392135620117,C|Sub-1|AddA-12|AddA-11_Sub-9|InsA-0_InsA-38|RmA-1
NN(F)Br,3,0,0.5,0.0,1.0,2.2089715003967285,1.0,2.2089715003967285,0.5,0.027041196823120117,C|Sub-1|AddA-12|AddA-11_Sub-9|AddA-15
FF,3,0,0.5,0.0,1.0,1.4591341018676758,1.0,1.4591341018676758,0.5,0.012130022048950195,C|Sub-1|AddA-12|Sub-11_AddA-13|CutA-0|Sub-11
PCCP,4,0,0.5,0.0,1.0,0.7789950370788574,1.0,0.7789950370788574,0.5,0.04630899429321289,C|AddA-15|Sub-8|InsA-0|MoveFG-1406_Sub-17|Sub-4_InsA-1|MoveFG-77_Sub-20
FC(S)CCl,4,0,0.5,0.0,1.0,1.2239457368850708,1.0,1.2239457368850708,0.5,0.047693729400634766,C|AddA-13|AddA-21|Sub-19|MoveFG-1406_AddA-14|InsA-2
FC(CS)CCl,3,0,0.5,0.0,1.0,1.1679552793502808,1.0,1.1679552793502808,0.5,0.04389214515686035,C|AddA-13|AddA-21|Sub-19|MoveFG-1406_AddA-14|InsA-2|InsA-0
FNCNP,2,0,0.5,0.0,1.0,1.0766609907150269,1.0,1.0766609907150269,0.5,0.03620409965515137,C|Sub-1|AddA-12|AddA-11_Sub-9|InsA-0_InsA-38|AddA-20_CutA-3
F[SH](Cl)Br,3,0,0.5,0.0,1.0,1.89228355884552,1.0,1.89228355884552,0.5,0.01821112632751465,C|Sub-1|AddA-15|AddA-14|Sub-0|Sub-5_AddA-11
C#[SH],3,0,0.5,0.0,1.0,1.4617919921875,1.0,1.4617919921875,0.5,0.0168149471282959,C|AddA-15|Sub-8|ChB-2109|Sub-9|Sub-13
CCC(C)CCP,0,0,0.5,0.0,1.0,0.8423675298690796,1.0,0.8423675298690796,0.5,0.06721806526184082,C|AddA-15|Sub-8|InsA-0|InsA-37|MoveFG-41|InsA-2|InsA-73_AddA-28
N=NCl,2,0,0.5,0.0,1.0,2.0036683082580566,1.0,2.0036683082580566,0.5,0.01690387725830078,C|Sub-1|AddA-14|AddA-9_MoveFG-2|ChB-1407_MoveFG-1406
N=CN,4,0,0.5,0.0,1.0,1.0862644910812378,1.0,1.0862644910812378,0.5,0.031200885772705078,C|Sub-1|AddA-14|InsA-0|Sub-9_ChB-2110|ChB-1407
CC=CN,4,0,0.5,0.0,1.0,0.9408369660377502,1.0,0.9408369660377502,0.5,0.06178998947143555,C|AddA-15|InsA-0|InsA-37_ChB-1407|RmA-1|AddA-9
CCCF,2,0,0.5,0.0,1.0,1.0284496545791626,1.0,1.0284496545791626,0.5,0.03870105743408203,C|Sub-1|AddA-12|Sub-11_AddA-13|CutA-0|AddA-16_MoveFG-2|InsA-37_Sub-8
N=NF,5,0,0.5,0.0,1.0,1.750312089920044,1.0,1.750312089920044,0.5,0.01723790168762207,C|Sub-1|AddA-12|AddA-11_Sub-9|ChB-1406
FN=NOF,3,0,0.5,0.0,1.0,2.3190877437591553,1.0,2.3190877437591553,0.5,0.029890060424804688,C|Sub-1|AddA-12|AddA-11_Sub-9|ChB-1406|AddA-18_AddA-35
N#CNP,3,0,0.5,0.0,1.0,1.1433414220809937,1.0,1.1433414220809937,0.5,0.026715755462646484,C|Sub-1|AddA-14|InsA-0|Sub-9_ChB-2110|AddA-20
SC#SCCl,2,0,0.5,0.0,1.0,1.4323574304580688,1.0,1.4323574304580688,0.5,0.028655052185058594,C|AddA-13|AddA-21|Sub-19|Sub-22_ChB-2109|InsA-37_AddA-13
CC[SH](N)#CCF,3,0,0.5,0.0,1.0,1.1755627393722534,1.0,1.1755627393722534,0.5,0.07330489158630371,C|AddA-13|AddA-21|Sub-19|InsA-0|InsA-37_AddA-17|InsA-39_ChB-2150
CCSS,2,0,0.5,0.0,1.0,1.3311587572097778,1.0,1.3311587572097778,0.5,0.05261421203613281,C|AddA-13|AddA-21|Sub-19|InsA-0|MoveFG-1444_Sub-21
NSCS,2,0,0.5,0.0,1.0,1.138118028640747,1.0,1.138118028640747,0.5,0.04174399375915527,C|AddA-13|ChB-1406_AddA-17|InsA-0|Sub-5
SCCl,4,0,0.5,0.0,1.0,1.1287721395492554,1.0,1.1287721395492554,0.5,0.022349834442138672,C|Sub-1|AddA-15|AddA-14|Sub-0|Sub-13
CC(N)SCl,0,0,0.5,0.0,1.0,1.6210530996322632,1.0,1.6210530996322632,0.5,0.032206058502197266,C|AddA-15|AddA-12|Sub-16_AddA-29|Sub-9_AddA-38|MoveFG-2774
CSBr,2,0,0.5,0.0,1.0,1.8947389125823975,1.0,1.8947389125823975,0.5,0.020704030990600586,C|AddA-15|Sub-5|InsA-0|MoveFG-1406
NN,3,0,0.5,0.0,1.0,0.8135103583335876,1.0,0.8135103583335876,0.5,0.01957416534423828,C|Sub-1|AddA-14|AddA-9_MoveFG-2|CutA-2_Sub-9
NOS,3,0,0.5,0.0,1.0,1.6585875749588013,1.0,1.6585875749588013,0.5,0.018668174743652344,C|Sub-1|AddA-14|AddA-9_MoveFG-2|CutA-2_Sub-9|Sub-2_AddA-13
CCP,3,0,0.5,0.0,1.0,0.779040515422821,1.0,0.779040515422821,0.5,0.03971290588378906,C|Sub-1|AddA-15|Sub-2|AddA-8_Sub-12|AddA-30|Sub-4_RmA-3|MoveFG-39_CutA-1|InsA-0
OOF,1,0,0.5,0.0,1.0,2.235835313796997,1.0,2.235835313796997,0.5,0.0170590877532959,C|AddA-15|Sub-8|Sub-3|AddA-18|MoveFG-2_Sub-10
C1#SCCC1,2,0,0.5,0.0,1.0,1.1553677320480347,1.0,1.1553677320480347,0.5,0.04758286476135254,C|AddA-13|InsA-0_InsA-37|ChB-2147_InsA-73|MoveFG-4104_ChB-742
F[SH]1CCSC1,2,0,0.5,0.0,1.0,1.4619125127792358,1.0,1.4619125127792358,0.5,0.10976886749267578,C|AddA-13|AddA-21|MoveFG-1406|AddA-19_ChB-1443|InsA-0_InsA-37
C#SCCl,1,0,0.5,0.0,1.0,1.3856045007705688,1.0,1.3856045007705688,0.5,0.05282282829284668,C|AddA-13|AddA-21|Sub-19|Sub-22_ChB-2109|InsA-37
C[SH](N)CCF,1,0,0.5,0.0,1.0,1.0905009508132935,1.0,1.0905009508132935,0.5,0.05876898765563965,C|AddA-13|AddA-21|Sub-19|InsA-0|InsA-37_AddA-17|InsA-74_CutA-3
FCC(P)S,1,0,0.5,0.0,1.0,1.0255647897720337,1.0,1.0255647897720337,0.5,0.04631686210632324,C|AddA-13|AddA-21|Sub-19|InsA-0|AddA-36_MoveFG-1406
CC(F)NS,1,0,0.5,0.0,1.0,1.1296714544296265,1.0,1.1296714544296265,0.5,0.0396881103515625,C|AddA-13|ChB-1406_AddA-17|InsA-0|AddA-35_MoveFG-1446
FCl,3,1,0.5,0.0,1.0,1.6663501262664795,1.0,1.6663501262664795,0.5,0.012007951736450195,C|Sub-1|AddA-15|AddA-14|Sub-0|CutA-0_Sub-3
PCl,3,0,0.5,0.0,1.0,1.004266381263733,1.0,1.004266381263733,0.5,0.01793813705444336,C|Sub-1|AddA-15|AddA-14|Sub-0|CutA-0_Sub-3|Sub-4
CN(C)F,4,0,0.5,0.0,1.0,1.1675992012023926,1.0,1.1675992012023926,0.5,0.04509377479553223,C|AddA-13|AddA-21|Sub-19|InsA-0|MoveFG-77_Sub-9
c1cs[nH]1,0,0,0.5,0.0,1.0,1.1308717727661133,1.0,1.1308717727661133,0.5,0.03038311004638672,C|AddA-13|AddA-9|InsA-0|CutA-3_ChB-740|InsA-1|ChB-1408
OCS,3,0,0.5,0.0,1.0,1.0509480237960815,1.0,1.0509480237960815,0.5,0.03543496131896973,C|Sub-1|AddA-14|Sub-5|Sub-10_InsA-0
CCCl,2,0,0.5,0.0,1.0,1.0334200859069824,1.0,1.0334200859069824,0.5,0.032037973403930664,C|Sub-1|AddA-14|InsA-0|RmA-0|InsA-0
CCCC(C)Br,2,0,0.5,0.0,1.0,1.3585684299468994,1.0,1.3585684299468994,0.5,0.05714726448059082,C|AddA-15|InsA-0|InsA-37_ChB-1407|InsA-1_InsA-38|CutA-4_AddA-40
COF,3,0,0.5,0.0,1.0,1.3400392532348633,1.0,1.3400392532348633,0.5,0.020527124404907227,C|AddA-15|Sub-8|Sub-3|AddA-18|MoveFG-2
C#SCC,3,0,0.5,0.0,1.0,1.172419548034668,1.0,1.172419548034668,0.5,0.03528118133544922,C|AddA-13|InsA-0_InsA-37|ChB-2147_InsA-73|CutA-4_MoveFG-2775
FC1[SH]=[SH]1,2,0,0.5,0.0,1.0,1.7314200401306152,1.0,1.7314200401306152,0.5,0.029000043869018555,C|AddA-13|AddA-21|MoveFG-1406|AddA-19_ChB-1443|MoveFG-1444
C=[SH]Cl,3,0,0.5,0.0,1.0,1.6533781290054321,1.0,1.6533781290054321,0.5,0.018217086791992188,C|AddA-13|AddA-21|Sub-19|Sub-22_ChB-2109|ChB-1406
CSCl,2,0,0.5,0.0,1.0,1.6120914220809937,1.0,1.6120914220809937,0.5,0.020212888717651367,C|AddA-13|AddA-21|Sub-19|Sub-22_ChB-2109|ChB-1406|InsA-0_CutA-3
N=S,5,0,0.5,0.0,1.0,1.7903724908828735,1.0,1.7903724908828735,0.5,0.01491403579711914,C|Sub-1|AddA-14|Sub-13|ChB-1406
FCBr,3,0,0.5,0.0,1.0,1.348554015159607,1.0,1.348554015159607,0.5,0.021013975143432617,C|Sub-1|AddA-15|Sub-7_RmA-1|AddA-11|InsA-0
C#CP,3,0,0.5,0.0,1.0,1.1418490409851074,1.0,1.1418490409851074,0.5,0.01832294464111328,C|AddA-15|Sub-8|ChB-2109|AddA-19|ChB-703_MoveFG-1406|ChB-2109_Sub-20
CPC(C)C,0,0,0.5,0.0,1.0,0.8027075529098511,1.0,0.8027075529098511,0.5,0.043565988540649414,C|AddA-15|Sub-8|InsA-0|InsA-37|MoveFG-41|InsA-2|Sub-36
NSP,0,0,0.5,0.0,1.0,1.073021650314331,1.0,1.073021650314331,0.5,0.026282072067260742,C|AddA-15|Sub-8|ChB-1406|AddA-12|MoveFG-39_Sub-5|CutA-1_AddA-9
NSCl,2,0,0.5,0.0,1.0,1.8025463819503784,1.0,1.8025463819503784,0.5,0.01830911636352539,C|Sub-1|AddA-14|Sub-5|AddA-9
ClCCl,4,0,0.5,0.0,1.0,1.2750942707061768,1.0,1.2750942707061768,0.5,0.01771092414855957,C|Sub-1|AddA-14|InsA-0|RmA-0|AddA-22
C#CCC(F)CBr,3,0,0.5,0.0,1.0,1.3276654481887817,1.0,1.3276654481887817,0.5,0.04442000389099121,C|AddA-15|InsA-0|InsA-37_ChB-1407|InsA-1_InsA-38|AddA-35_ChB-2112
OF,3,1,0.5,0.0,1.0,1.5531128644943237,1.0,1.5531128644943237,0.5,0.015154361724853516,C|AddA-15|Sub-8|Sub-3|AddA-18|ChB-1443_CutA-1
OC(O)F,2,0,0.5,0.0,1.0,1.6459277868270874,1.0,1.6459277868270874,0.5,0.07148003578186035,C|AddA-15|Sub-8|Sub-3|AddA-18|ChB-1443_CutA-1|InsA-0_AddA-26
CCCCCCBr,3,0,0.5,0.0,1.0,1.3879497051239014,1.0,1.3879497051239014,0.5,0.1609199047088623,C|AddA-15|InsA-0|InsA-37_ChB-1407|InsA-1_InsA-38|InsA-73
C#CO,2,0,0.5,0.0,1.0,1.4602123498916626,1.0,1.4602123498916626,0.5,0.020843982696533203,C|AddA-15|Sub-8|Sub-3|InsA-0_ChB-1443|ChB-2146_Sub-2
C=NCl,3,0,0.5,0.0,1.0,1.7194147109985352,1.0,1.7194147109985352,0.5,0.018777132034301758,C|Sub-1|AddA-14|InsA-0|MoveFG-1406|ChB-1407
N#[SH],3,0,0.5,0.0,1.0,1.7430939674377441,1.0,1.7430939674377441,0.5,0.01545405387878418,C|Sub-1|AddA-14|Sub-13|ChB-2109
PPBr,4,0,0.5,0.0,1.0,1.3741012811660767,1.0,1.3741012811660767,0.5,0.02077007293701172,C|AddA-15|Sub-5|Sub-4|AddA-12
NF,2,0,0.5,0.0,1.0,1.0321131944656372,1.0,1.0321131944656372,0.5,0.017839670181274414,C|Sub-1|AddA-15|Sub-7_RmA-1|AddA-11|Sub-1
FCCP,3,0,0.5,0.0,1.0,0.9737313389778137,1.0,0.9737313389778137,0.5,0.03630709648132324,C|AddA-15|Sub-8|ChB-2109|AddA-19|ChB-703_MoveFG-1406|AddA-20
CC#CF,3,0,0.5,0.0,1.0,1.394966721534729,1.0,1.394966721534729,0.5,0.04534626007080078,C|AddA-15|Sub-8|ChB-2109|AddA-19|InsA-37_MoveFG-2774
NOBr,4,0,0.5,0.0,1.0,2.132232666015625,1.0,2.132232666015625,0.5,0.03286480903625488,C|AddA-15|Sub-5|AddA-9|Sub-2
PCC=S,0,0,0.5,0.0,1.0,1.211020827293396,1.0,1.211020827293396,0.5,0.03786110877990723,C|AddA-15|Sub-8|ChB-1406|AddA-12|MoveFG-39_Sub-5|InsA-37
NSCBr,2,0,0.5,0.0,1.0,1.459294319152832,1.0,1.459294319152832,0.5,0.06857609748840332,C|AddA-15|Sub-5|AddA-9|InsA-0
C1S#S1,2,0,0.5,0.0,1.0,1.5648109912872314,1.0,1.5648109912872314,0.5,0.030755996704101562,C|AddA-13|AddA-21|MoveFG-1406|ChB-2110_InsA-0|ChB-2146|CutA-0
SCCC#[SH],3,0,0.5,0.0,1.0,1.130102276802063,1.0,1.130102276802063,0.5,0.04245805740356445,C|AddA-13|AddA-21|MoveFG-1406|ChB-2110_InsA-0|InsA-2
FSCNCl,2,0,0.5,0.0,1.0,1.4837313890457153,1.0,1.4837313890457153,0.5,0.04437398910522461,C|AddA-15|Sub-5|AddA-9|ChB-2110_Sub-11|InsA-1_AddA-30
CC(P)S,2,0,0.5,0.0,1.0,0.8593376874923706,1.0,0.8593376874923706,0.5,0.04439115524291992,C|AddA-13|InsA-0_InsA-37|Sub-21_AddA-36|CutA-2
NC=CF,2,0,0.5,0.0,1.0,1.2874313592910767,1.0,1.2874313592910767,0.5,0.03171586990356445,C|AddA-15|Sub-8|Sub-3|InsA-0_ChB-1443|AddA-17
CCNCl,3,0,0.5,0.0,1.0,1.231015920639038,1.0,1.231015920639038,0.5,0.031622886657714844,C|Sub-1|AddA-14|InsA-0|MoveFG-1406|InsA-1
CSN,2,0,0.5,0.0,1.0,1.0808137655258179,1.0,1.0808137655258179,0.5,0.027971982955932617,C|Sub-1|AddA-14|Sub-13|AddA-16
ClPBr,3,0,0.5,0.0,1.0,1.6170289516448975,1.0,1.6170289516448975,0.5,0.017534971237182617,C|AddA-15|Sub-5|Sub-4|AddA-14
CP(Cl)Br,3,0,0.5,0.0,1.0,1.559716820716858,1.0,1.559716820716858,0.5,0.04332590103149414,C|AddA-15|Sub-5|Sub-4|AddA-14|AddA-8
FC(Cl)Br,2,0,0.5,0.0,1.0,1.57150137424469,1.0,1.57150137424469,0.5,0.020375967025756836,C|Sub-1|AddA-15|AddA-14|Sub-0|AddA-11
CCSC,3,0,0.5,0.0,1.0,0.9367734789848328,1.0,0.9367734789848328,0.5,0.052861928939819336,C|AddA-13|InsA-0_InsA-37|AddA-32|Sub-21_RmA-1
FCCNBr,3,0,0.5,0.0,1.0,1.4763684272766113,1.0,1.4763684272766113,0.5,0.04743218421936035,C|AddA-15|Sub-8|Sub-3|AddA-17|InsA-37_AddA-31
P=CBr,4,0,0.5,0.0,1.0,1.710113763809204,1.0,1.710113763809204,0.5,0.020228147506713867,C|AddA-15|InsA-0|InsA-37_ChB-1407|CutA-3|Sub-4
CCCC=P,2,0,0.5,0.0,1.0,0.9909154176712036,1.0,0.9909154176712036,0.5,0.04256725311279297,C|AddA-15|Sub-8|InsA-0|InsA-37|AddA-20|ChB-1445
C#S#SP,3,0,0.5,0.0,1.0,1.5714176893234253,1.0,1.5714176893234253,0.5,0.03060603141784668,C|AddA-13|AddA-21|MoveFG-1406|ChB-2110_InsA-0|ChB-2146|Sub-28_ChB-2
CC#[SH],3,0,0.5,0.0,1.0,1.14141047000885,1.0,1.14141047000885,0.5,0.030034303665161133,C|AddA-13|AddA-21|MoveFG-1406|ChB-2110_InsA-0|ChB-2147_RmA-2
N#SP,3,0,0.5,0.0,1.0,1.3023687601089478,1.0,1.3023687601089478,0.5,0.017425060272216797,C|AddA-15|Sub-5|AddA-9|ChB-2110_Sub-11|Sub-9_Sub-12
CSC(O)(P)S,5,0,0.5,0.0,1.0,1.042496919631958,1.0,1.042496919631958,0.5,0.03958296775817871,C|AddA-13|InsA-0_InsA-37|Sub-21_AddA-36|AddA-34
CCSC(O)(P)S,3,0,0.5,0.0,1.0,1.01826012134552,1.0,1.01826012134552,0.5,0.0466458797454834,C|AddA-13|InsA-0_InsA-37|Sub-21_AddA-36|AddA-34|InsA-1
PNCCl,3,0,0.5,0.0,1.0,1.022078514099121,1.0,1.022078514099121,0.5,0.03560805320739746,C|Sub-1|AddA-14|InsA-0|MoveFG-1406|AddA-12_MoveFG-2
CC1=CC(P)C1,3,0,0.5,0.0,1.0,0.8754121661186218,1.0,0.8754121661186218,0.5,0.04834890365600586,C|AddA-15|Sub-8|InsA-0|InsA-37|AddA-28|ChB-1408|InsA-73
PS1=CO1,3,0,0.5,0.0,1.0,1.426390290260315,1.0,1.426390290260315,0.5,0.030576705932617188,C|Sub-1|AddA-15|Sub-2|AddA-8_Sub-12|ChB-1443|Sub-13_AddA-20
P=S,2,1,0.5,0.0,1.0,1.6178069114685059,1.0,1.6178069114685059,0.5,0.01467275619506836,C|AddA-13|AddA-21|MoveFG-1406|CutA-0_Sub-12|ChB-1406
CCC(S)Cl,2,0,0.5,0.0,1.0,1.1381771564483643,1.0,1.1381771564483643,0.5,0.04282379150390625,C|AddA-13|InsA-0_InsA-37|AddA-32|Sub-38
NC(F)F,2,0,0.5,0.0,1.0,1.199967861175537,1.0,1.199967861175537,0.5,0.02806568145751953,C|AddA-15|Sub-8|Sub-3|AddA-17|AddA-19
C=CC(O)Br,2,0,0.5,0.0,1.0,1.4731647968292236,1.0,1.4731647968292236,0.5,0.032257795333862305,C|AddA-15|InsA-0|InsA-37_ChB-1407|CutA-3|InsA-37_AddA-34
CCC1CP1,2,0,0.5,0.0,1.0,0.8375116586685181,1.0,0.8375116586685181,0.5,0.03880596160888672,C|AddA-15|Sub-8|InsA-0|InsA-37|AddA-20|MoveFG-1482_ChB-777
C1#SCSC1,4,0,0.5,0.0,1.0,1.7371925115585327,1.0,1.7371925115585327,0.5,0.03531217575073242,C|AddA-13|AddA-21|MoveFG-1406|ChB-2110_InsA-0|ChB-2146|InsA-37
OCPBr,0,0,0.5,0.0,1.0,1.5458519458770752,1.0,1.5458519458770752,0.5,0.038194894790649414,C|Sub-1|AddA-15|Sub-2|AddA-8_Sub-12|AddA-30|InsA-0|AddA-23|RmA-3_RmA-2
C#[SH]=S,3,0,0.5,0.0,1.0,1.8642909526824951,1.0,1.8642909526824951,0.5,0.019667863845825195,C|AddA-13|AddA-21|MoveFG-1406|ChB-2110_ChB-1443|ChB-0
C=O,2,0,0.5,0.0,1.0,1.745733380317688,1.0,1.745733380317688,0.5,0.01654505729675293,C|AddA-15|Sub-8|Sub-3|AddA-18_RmA-0|ChB-1406
CC1=C2CPC12,2,0,0.5,0.0,1.0,0.979307234287262,1.0,0.979307234287262,0.5,0.046631813049316406,C|AddA-15|Sub-8|InsA-0|InsA-37|AddA-28|ChB-1408|AddA-10|Sub-40_ChB-845
PCCl,3,0,0.5,0.0,1.0,0.9880613088607788,1.0,0.9880613088607788,0.5,0.03237414360046387,C|Sub-1|AddA-15|Sub-2|AddA-8_Sub-12|AddA-30|Sub-4_RmA-3|MoveFG-39_CutA-1|AddA-22
CPPC,4,0,0.5,0.0,1.0,0.7379735112190247,1.0,0.7379735112190247,0.5,0.0482480525970459,C|Sub-1|AddA-15|Sub-2|AddA-8_Sub-12|AddA-30|Sub-4_RmA-3|AddA-16
CC=CCP,3,0,0.5,0.0,1.0,0.9046915173530579,1.0,0.9046915173530579,0.5,0.10796880722045898,C|AddA-15|Sub-8|InsA-0|InsA-37|AddA-28|ChB-1408|ChB-73
C=PCO,0,0,0.5,0.0,1.0,1.1662760972976685,1.0,1.1662760972976685,0.5,0.03490900993347168,C|AddA-15|Sub-8|ChB-1406|AddA-12|MoveFG-2|AddA-10
PCS,3,0,0.5,0.0,1.0,0.8445650935173035,1.0,0.8445650935173035,0.5,0.028963804244995117,C|AddA-13|AddA-21|MoveFG-1406|CutA-0_Sub-12|InsA-0
CCC1SC1N,3,0,0.5,0.0,1.0,1.144614815711975,1.0,1.144614815711975,0.5,0.04326510429382324,C|AddA-13|InsA-0_InsA-37|AddA-32|ChB-742_AddA-41
CC1SC1N,4,0,0.5,0.0,1.0,1.1121749877929688,1.0,1.1121749877929688,0.5,0.03878021240234375,C|AddA-13|InsA-0_InsA-37|AddA-32|ChB-742_AddA-41|CutA-2
CC(O)Cl,2,0,0.5,0.0,1.0,1.0840343236923218,1.0,1.0840343236923218,0.5,0.044866085052490234,C|Sub-1|AddA-15|Sub-2|InsA-0|InsA-37_Sub-10|Sub-6|ChB-740_ChB-38
CC#CCC,3,0,0.5,0.0,1.0,0.9848499298095703,1.0,0.9848499298095703,0.5,0.04068183898925781,C|AddA-15|Sub-8|InsA-0|InsA-37|InsA-1|ChB-2183
OCPCl,3,0,0.5,0.0,1.0,1.1790552139282227,1.0,1.1790552139282227,0.5,0.035089731216430664,C|Sub-1|AddA-15|Sub-2|AddA-8_Sub-12|Sub-22|InsA-0_MoveFG-39
O[SH]=S,3,0,0.5,0.0,1.0,1.6403112411499023,1.0,1.6403112411499023,0.5,0.020119905471801758,C|AddA-13|AddA-21|MoveFG-1406|ChB-2110_ChB-1443|AddA-26_RmA-0
CNCS,3,0,0.5,0.0,1.0,0.9320321679115295,1.0,0.9320321679115295,0.5,0.03491091728210449,C|AddA-13|InsA-0_InsA-37|InsA-73_Sub-17|CutA-3
CNO,2,0,0.5,0.0,1.0,1.349108099937439,1.0,1.349108099937439,0.5,0.030106306076049805,C|AddA-15|Sub-8|Sub-3|AddA-18_RmA-0|InsA-0_Sub-17
PC1C2=C1C(Br)O2,2,0,0.5,0.0,1.0,1.7008681297302246,1.0,1.7008681297302246,0.5,0.03667497634887695,C|AddA-15|Sub-8|InsA-0|InsA-37|AddA-28|ChB-1408|AddA-10|AddA-23_ChB-743
OP,2,0,0.5,0.0,1.0,0.9522002339363098,1.0,0.9522002339363098,0.5,0.019624948501586914,C|Sub-1|AddA-15|Sub-2|AddA-8_Sub-12|AddA-30|Sub-4_RmA-3|MoveFG-39_CutA-1|Sub-12_Sub-10
PCPS,4,0,0.5,0.0,1.0,0.8016648292541504,1.0,0.8016648292541504,0.5,0.03070831298828125,C|Sub-1|AddA-15|Sub-2|AddA-8_Sub-12|AddA-30|Sub-4_RmA-3|InsA-0_Sub-21
CPSP,2,0,0.5,0.0,1.0,0.8178497552871704,1.0,0.8178497552871704,0.5,0.03902316093444824,C|Sub-1|AddA-15|Sub-2|AddA-8_Sub-12|AddA-30|Sub-4_RmA-3|InsA-0_Sub-21|MoveFG-1446
CCC(C)CS,2,0,0.5,0.0,1.0,0.9122779369354248,1.0,0.9122779369354248,0.5,0.05724620819091797,C|AddA-13|InsA-0_InsA-37|AddA-32|MoveFG-42_InsA-38
CCNC,3,0,0.5,0.0,1.0,0.8420870304107666,1.0,0.8420870304107666,0.5,0.03700089454650879,C|Sub-1|AddA-8|InsA-0_ChB-2110|InsA-1_MoveFG-1406
OCC(P)Cl,2,0,0.5,0.0,1.0,1.1150176525115967,1.0,1.1150176525115967,0.5,0.03685402870178223,C|Sub-1|AddA-15|Sub-2|AddA-8_Sub-12|AddA-30|ChB-740_ChB-0|InsA-1
CC(N)P,3,0,0.5,0.0,1.0,0.8126360177993774,1.0,0.8126360177993774,0.5,0.042984962463378906,C|AddA-15|Sub-8|InsA-0|InsA-37|AddA-28|CutA-3|Sub-1
CC(C)CS,3,0,0.5,0.0,1.0,0.9135621190071106,1.0,0.9135621190071106,0.5,0.040315866470336914,C|AddA-15|Sub-8|InsA-0|InsA-37|InsA-1|MoveFG-117_Sub-37
PCOCl,3,0,0.5,0.0,1.0,1.649729609489441,1.0,1.649729609489441,0.5,0.028847217559814453,C|Sub-1|AddA-15|Sub-2|AddA-8_Sub-12|Sub-22|InsA-0
CS1#C[SH]=1,3,0,0.5,0.0,1.0,1.7326565980911255,1.0,1.7326565980911255,0.5,0.035372018814086914,C|AddA-13|AddA-21|MoveFG-1406|ChB-2110_ChB-1443|AddA-24
CC(S)CN,3,0,0.5,0.0,1.0,0.9028228521347046,1.0,0.9028228521347046,0.5,0.0364689826965332,C|AddA-13|InsA-0_InsA-37|InsA-73_Sub-17|MoveFG-41
CCO,5,0,0.5,0.0,1.0,0.9443831443786621,1.0,0.9443831443786621,0.5,0.03258395195007324,C|AddA-15|Sub-8|Sub-3|AddA-18_RmA-0|InsA-0
C1CO1,2,0,0.5,0.0,1.0,0.9796508550643921,1.0,0.9796508550643921,0.5,0.031594038009643555,C|AddA-15|Sub-8|Sub-3|AddA-18_RmA-0|InsA-0|ChB-703
CCC(C)F,2,0,0.5,0.0,1.0,0.9945706129074097,1.0,0.9945706129074097,0.5,0.038105010986328125,C|AddA-15|Sub-8|InsA-0|InsA-37|InsA-1|CutA-4_AddA-35
CPN,3,0,0.5,0.0,1.0,0.7472643852233887,1.0,0.7472643852233887,0.5,0.03282523155212402,C|Sub-1|AddA-15|Sub-2|AddA-8_Sub-12|AddA-30|Sub-4_RmA-3|MoveFG-39_CutA-1|AddA-9
CC1=C(O)C1(P)P,3,0,0.5,0.0,1.0,1.0179625749588013,1.0,1.0179625749588013,0.5,0.044493675231933594,C|AddA-15|Sub-8|InsA-0|InsA-37|AddA-28|ChB-1408|AddA-10|AddA-28
OCO,2,0,0.5,0.0,1.0,1.221067190170288,1.0,1.221067190170288,0.5,0.02811908721923828,C|AddA-15|Sub-8|Sub-3|AddA-18_RmA-0|AddA-10
FCCS,5,0,0.5,0.0,1.0,1.0581669807434082,1.0,1.0581669807434082,0.5,0.03683114051818848,C|AddA-13|InsA-0_InsA-37|InsA-73_Sub-17|RmA-0_Sub-11
C=[SH]Br,0,0,0.5,0.0,1.0,2.136826515197754,1.0,2.136826515197754,0.5,0.025526046752929688,C|AddA-15|Sub-8|ChB-1406|AddA-12|MoveFG-39_Sub-5|Sub-23_MoveFG-1406
OPCl,2,0,0.5,0.0,1.0,1.2470959424972534,1.0,1.2470959424972534,0.5,0.019561052322387695,C|Sub-1|AddA-15|Sub-2|AddA-8_Sub-12|Sub-22|MoveFG-39
CC(P)CS,3,0,0.5,0.0,1.0,0.8866785168647766,1.0,0.8866785168647766,0.5,0.03564000129699707,C|AddA-15|Sub-8|InsA-0|InsA-37|AddA-28|CutA-3|AddA-13
C=C(C)F,4,0,0.5,0.0,1.0,1.2030785083770752,1.0,1.2030785083770752,0.5,0.03368973731994629,C|AddA-15|Sub-8|ChB-2109|AddA-19|ChB-1406_AddA-16
C=C(F)CC,3,0,0.5,0.0,1.0,1.2089934349060059,1.0,1.2089934349060059,0.5,0.03658485412597656,C|AddA-15|Sub-8|ChB-2109|AddA-19|ChB-1406_AddA-16|InsA-38
CS#N,2,0,0.5,0.0,1.0,1.2256114482879639,1.0,1.2256114482879639,0.5,0.017851829528808594,C|Sub-1|AddA-8|InsA-0_ChB-2110|MoveFG-39_Sub-13
CNNCS,3,0,0.5,0.0,1.0,0.9867845177650452,1.0,0.9867845177650452,0.5,0.03980207443237305,C|AddA-13|InsA-0_InsA-37|InsA-73_Sub-17|Sub-33
C1#S#S1,3,0,0.5,1.0,2.082210818846773e-20,3.7431259155273438,2.305118494683156e-40,3.7431259155273438,0.5,0.017117977142333984,C|AddA-13|AddA-21|MoveFG-1406|ChB-2110_ChB-1443|ChB-2146
NPCl,2,0,0.5,0.0,1.0,1.021222472190857,1.0,1.021222472190857,0.5,0.019500017166137695,C|Sub-1|AddA-15|Sub-2|AddA-8_Sub-12|Sub-22|CutA-0_AddA-9
CCCCC(C)O,3,0,0.5,0.0,1.0,0.9254321455955505,1.0,0.9254321455955505,0.5,0.0593569278717041,C|AddA-15|Sub-8|InsA-0|InsA-37|InsA-1|InsA-73_AddA-34
CC(P)CCl,3,0,0.5,0.0,1.0,1.021529197692871,1.0,1.021529197692871,0.5,0.05398297309875488,C|AddA-15|Sub-8|InsA-0|InsA-37|AddA-28|CutA-3|AddA-14
ClC1OP1,3,0,0.5,0.0,1.0,1.4615241289138794,1.0,1.4615241289138794,0.5,0.025872230529785156,C|Sub-1|AddA-15|Sub-2|AddA-8_Sub-12|AddA-30|ChB-740_ChB-0|ChB-703
CCCN,4,0,0.5,0.0,1.0,0.8305245041847229,1.0,0.8305245041847229,0.5,0.039650678634643555,C|Sub-1|AddA-8|InsA-0_ChB-2110|ChB-1407|InsA-1
CC1=C(CO)CC1P,5,0,0.5,0.0,1.0,0.9609025716781616,1.0,0.9609025716781616,0.5,0.0572810173034668,C|AddA-15|Sub-8|InsA-0|InsA-37|AddA-28|ChB-1408|AddA-10|InsA-4_InsA-1
CC1=C(O)C(P)C1O,4,0,0.5,0.0,1.0,1.273982286453247,1.0,1.273982286453247,0.5,0.053726911544799805,C|AddA-15|Sub-8|InsA-0|InsA-37|AddA-28|ChB-1408|AddA-10|InsA-4_InsA-1|MoveFG-6657_Sub-10
CC(C)CN,3,0,0.5,0.0,1.0,0.843242883682251,1.0,0.843242883682251,0.5,0.04295015335083008,C|AddA-15|Sub-8|InsA-0|InsA-37|MoveFG-41|AddA-9
CCCC(C)O,3,0,0.5,0.0,1.0,0.9278466701507568,1.0,0.9278466701507568,0.5,0.06075692176818848,C|AddA-15|Sub-8|InsA-0|InsA-37|InsA-1|AddA-34
C=C(C)CP,3,0,0.5,0.0,1.0,0.9097342491149902,1.0,0.9097342491149902,0.5,0.039433956146240234,C|AddA-15|Sub-8|InsA-0|InsA-37|AddA-28|CutA-3|ChB-1443_InsA-73
OPP,3,0,0.5,0.0,1.0,0.8780072927474976,1.0,0.8780072927474976,0.5,0.029156208038330078,C|Sub-1|AddA-15|Sub-2|AddA-8_Sub-12|AddA-30|ChB-740_ChB-0|RmA-3_Sub-20
N#CP,2,0,0.5,0.0,1.0,1.3823820352554321,1.0,1.3823820352554321,0.5,0.01728510856628418,C|Sub-1|AddA-8|InsA-0_ChB-2110|Sub-12
CC=S,4,0,0.5,0.0,1.0,1.2272390127182007,1.0,1.2272390127182007,0.5,0.030114173889160156,C|Sub-1|AddA-8|InsA-0_ChB-2110|ChB-1407|Sub-5
ClCl,2,2,0.5,0.0,1.0,1.8604761362075806,1.0,1.8604761362075806,0.5,0.0119171142578125,C|Sub-1|AddA-15|Sub-7_RmA-1|AddA-14|Sub-6
CC(OC(P)Cl)PBr,0,0,0.5,0.0,1.0,1.4753186702728271,1.0,1.4753186702728271,0.5,0.04543113708496094,C|Sub-1|AddA-15|Sub-2|AddA-8_Sub-12|AddA-30|InsA-0|AddA-23|AddA-40_AddA-28
NP(O)O,3,0,0.5,0.0,1.0,1.446708083152771,1.0,1.446708083152771,0.5,0.029245853424072266,C|Sub-1|AddA-15|Sub-2|AddA-8_Sub-12|AddA-18|RmA-2_AddA-17
NPO,3,0,0.5,0.0,1.0,1.0212361812591553,1.0,1.0212361812591553,0.5,0.03139901161193848,C|Sub-1|AddA-15|Sub-2|AddA-8_Sub-12|AddA-18|RmA-2_AddA-17|RmA-0
CCPC,2,0,0.5,0.0,1.0,0.7824349403381348,1.0,0.7824349403381348,0.5,0.04101991653442383,C|AddA-15|Sub-8|InsA-0|InsA-37|AddA-28|CutA-3|MoveFG-1409
CCC#N,3,0,0.5,0.0,1.0,1.325681447982788,1.0,1.325681447982788,0.5,0.029174089431762695,C|Sub-1|AddA-8|InsA-0_ChB-2110|InsA-37
CCC=N,2,0,0.5,0.0,1.0,1.063344120979309,1.0,1.063344120979309,0.5,0.03461599349975586,C|Sub-1|AddA-8|InsA-0_ChB-2110|ChB-1407|InsA-37_MoveFG-2775
SOS,2,0,0.5,0.0,1.0,1.832485318183899,1.0,1.832485318183899,0.5,0.01821279525756836,C|AddA-13|AddA-21|MoveFG-1406|Sub-2_RmA-2|AddA-13
COO,3,0,0.5,0.0,1.0,1.4003572463989258,1.0,1.4003572463989258,0.5,0.026904821395874023,C|Sub-1|AddA-15|Sub-2|AddA-8_Sub-12|AddA-18|CutA-1
C1=[SH]C1,2,0,0.5,0.0,1.0,1.1283206939697266,1.0,1.1283206939697266,0.5,0.0394899845123291,C|AddA-15|Sub-8|InsA-0|InsA-37|ChB-1443_Sub-13|RmA-0
PC1CC1,3,0,0.5,0.0,1.0,0.8458660244941711,1.0,0.8458660244941711,0.5,0.15474510192871094,C|AddA-15|Sub-8|InsA-0|InsA-37|AddA-28|CutA-3_MoveFG-2775|ChB-703_MoveFG-1446
CCOCCl,3,0,0.5,0.0,1.0,1.086661696434021,1.0,1.086661696434021,0.5,0.05223727226257324,C|Sub-1|AddA-15|Sub-2|AddA-8_Sub-12|AddA-30|InsA-0|RmA-1_InsA-2
CNOC,4,0,0.5,0.0,1.0,0.9743879437446594,1.0,0.9743879437446594,0.5,0.04245781898498535,C|Sub-1|AddA-8|AddA-10_Sub-17|Sub-2_AddA-24
c1co[nH]1,4,0,0.5,0.0,1.0,1.1583887338638306,1.0,1.1583887338638306,0.5,0.028523921966552734,C|Sub-1|AddA-8|AddA-10_Sub-17|Sub-2_AddA-24|ChB-1444
C1=[SH]CP1,3,0,0.5,0.0,1.0,1.0220683813095093,1.0,1.0220683813095093,0.5,0.03364300727844238,C|AddA-15|Sub-8|ChB-1406|AddA-12|ChB-740|InsA-1_Sub-5
OC1OP1,3,0,0.5,0.0,1.0,1.613057255744934,1.0,1.613057255744934,0.5,0.02944493293762207,C|Sub-1|AddA-15|Sub-2|AddA-8_Sub-12|AddA-18|ChB-740_MoveFG-1446
CCC1=[SH]C1,2,0,0.5,0.0,1.0,1.038474440574646,1.0,1.038474440574646,0.5,0.03910708427429199,C|AddA-15|Sub-8|InsA-0|InsA-37|ChB-1443_Sub-13|AddA-8
PC1=CCC1,3,0,0.5,0.0,1.0,0.8755452036857605,1.0,0.8755452036857605,0.5,0.057321786880493164,C|AddA-15|Sub-8|InsA-0|InsA-37|AddA-28|CutA-3_MoveFG-2775|ChB-1406_InsA-1
PCOCCCl,3,0,0.5,0.0,1.0,1.0181307792663574,1.0,1.0181307792663574,0.5,0.049436092376708984,C|Sub-1|AddA-15|Sub-2|AddA-8_Sub-12|AddA-30|InsA-0|InsA-1
CCNN,4,0,0.5,0.0,1.0,0.8727521300315857,1.0,0.8727521300315857,0.5,0.04345393180847168,C|Sub-1|AddA-8|AddA-10_Sub-17|AddA-16
BrC1CS1,119,0,0.5,0.0,1.0,1.6390488147735596,1.0,1.6390488147735596,0.5,0.026098966598510742,C|AddA-15|AddA-12|Sub-16_AddA-29|ChB-705
C=P,3,1,0.5,0.0,1.0,1.129822850227356,1.0,1.129822850227356,0.5,0.017991065979003906,C|AddA-15|Sub-8|ChB-1406|AddA-12|MoveFG-2_RmA-0
CCC(F)S,3,0,0.5,0.0,1.0,1.0814274549484253,1.0,1.0814274549484253,0.5,0.040637969970703125,C|AddA-15|Sub-8|InsA-0|ChB-2109|Sub-5_ChB-0|AddA-27|InsA-37
CPC(F)S,4,0,0.5,0.0,1.0,1.032270073890686,1.0,1.032270073890686,0.5,0.0390620231628418,C|AddA-15|Sub-8|InsA-0|ChB-2109|Sub-5_ChB-0|AddA-27|InsA-37|Sub-36
C=CCP,3,0,0.5,0.0,1.0,0.9417282938957214,1.0,0.9417282938957214,0.5,0.03316187858581543,C|AddA-15|Sub-8|ChB-1406|AddA-20_AddA-11|RmA-3_InsA-37
C1=C2PC12,4,0,0.5,0.0,1.0,1.1862170696258545,1.0,1.1862170696258545,0.5,0.03303885459899902,C|AddA-15|Sub-8|InsA-0|InsA-37|AddA-28|CutA-3_MoveFG-2775|ChB-1406_ChB-776
PCOC(S)Cl,119,0,0.5,0.0,1.0,1.1349072456359863,1.0,1.1349072456359863,0.5,0.03882122039794922,C|Sub-1|AddA-15|Sub-2|AddA-8_Sub-12|AddA-30|InsA-0|AddA-29
N=NN,120,0,0.5,0.0,1.0,1.2711247205734253,1.0,1.2711247205734253,0.5,0.019400835037231445,C|Sub-1|AddA-8|AddA-10_Sub-17|Sub-9_ChB-1406
NCCSCl,121,0,0.5,0.0,1.0,1.6239585876464844,1.0,1.6239585876464844,0.5,0.03613018989562988,C|AddA-15|AddA-12|Sub-16_AddA-29|Sub-9_AddA-38
C=PC,122,0,0.5,0.0,1.0,1.0063191652297974,1.0,1.0063191652297974,0.5,0.02984619140625,C|AddA-15|Sub-8|ChB-1406|AddA-12|MoveFG-2
C1=PP1,122,0,0.5,0.0,1.0,1.2466726303100586,1.0,1.2466726303100586,0.5,0.019870996475219727,C|AddA-15|Sub-8|ChB-1406|AddA-12|ChB-740|Sub-12
FC1CS1,125,0,0.5,0.0,1.0,1.336827039718628,1.0,1.336827039718628,0.5,0.030569076538085938,C|AddA-15|Sub-8|InsA-0|ChB-2109|Sub-5_ChB-0|AddA-27|ChB-703
CCC(C)C,125,0,0.5,0.0,1.0,0.8404510021209717,1.0,0.8404510021209717,0.5,0.053555965423583984,C|AddA-15|Sub-8|InsA-0|InsA-37|MoveFG-41|InsA-2
CC(C)CF,123,0,0.5,0.0,1.0,1.0353591442108154,1.0,1.0353591442108154,0.5,0.03603410720825195,C|AddA-15|Sub-8|InsA-0|InsA-37|MoveFG-41|InsA-2|Sub-3
ClCOCPBr,6,0,0.5,0.0,1.0,1.5099583864212036,1.0,1.5099583864212036,0.5,0.03238201141357422,C|Sub-1|AddA-15|Sub-2|AddA-8_Sub-12|AddA-30|InsA-0|AddA-23
SC=CBr,5,0,0.5,0.0,1.0,1.7785379886627197,1.0,1.7785379886627197,0.5,0.025503158569335938,C|AddA-15|AddA-12|Sub-16_AddA-29|ChB-1407
PC=S,4,0,0.5,0.0,1.0,1.31691575050354,1.0,1.31691575050354,0.5,0.018141984939575195,C|AddA-15|Sub-8|ChB-1406|AddA-12|MoveFG-39_Sub-5
C1CPC1,3,0,0.5,0.0,1.0,0.8064671158790588,1.0,0.8064671158790588,0.5,0.037928104400634766,C|AddA-15|Sub-8|ChB-1406|AddA-12|ChB-740|InsA-0
CC(F)CS,4,0,0.5,0.0,1.0,1.034214735031128,1.0,1.034214735031128,0.5,0.03712201118469238,C|AddA-15|Sub-8|InsA-0|ChB-2109|Sub-5_ChB-0|AddA-27|InsA-1
CC1C#CC1,0,0,0.5,0.0,1.0,1.1369394063949585,1.0,1.1369394063949585,0.5,0.04274415969848633,C|AddA-15|Sub-8|InsA-0|InsA-37|MoveFG-41|InsA-38_ChB-2109
CC1=PCC1C,1,0,0.5,0.0,1.0,1.0502941608428955,1.0,1.0502941608428955,0.5,0.04303789138793945,C|AddA-15|Sub-8|InsA-0|InsA-37|AddA-28|ChB-1514|InsA-74
COCPO,0,0,0.5,0.0,1.0,0.950448215007782,1.0,0.950448215007782,0.5,0.03698992729187012,C|Sub-1|AddA-15|Sub-2|AddA-8_Sub-12|AddA-30|InsA-0_RmA-3|AddA-18
N=N,1,0,0.5,0.0,1.0,1.3560383319854736,1.0,1.3560383319854736,0.5,0.01628708839416504,C|Sub-1|AddA-8|ChB-1406|Sub-9
C1CPP1,0,0,0.5,0.0,1.0,0.7744974493980408,1.0,0.7744974493980408,0.5,0.033432960510253906,C|AddA-15|Sub-8|ChB-1406|AddA-12|MoveFG-2|AddA-12_CutA-0|InsA-0_ChB-704
SSS,0,0,0.5,0.0,1.0,1.9585180282592773,1.0,1.9585180282592773,0.5,0.01973724365234375,C|AddA-13|AddA-9|Sub-22_ChB-1406|AddA-21|Sub-21_CutA-0
C=C(F)S,0,0,0.5,0.0,1.0,1.4926129579544067,1.0,1.4926129579544067,0.5,0.02682018280029297,C|AddA-15|Sub-8|InsA-0|ChB-2109|Sub-5_ChB-0|AddA-27|ChB-1443
CC1=CC1,1,0,0.5,0.0,1.0,0.9537211656570435,1.0,0.9537211656570435,0.5,0.03202080726623535,C|AddA-15|Sub-8|InsA-0|InsA-37|MoveFG-41|ChB-1479_ChB-740
CC1P=C1N,0,0,0.5,0.0,1.0,1.045603632926941,1.0,1.045603632926941,0.5,0.04036998748779297,C|AddA-15|Sub-8|InsA-0|InsA-37|AddA-28|ChB-1514|Sub-9
CCOCP,0,0,0.5,0.0,1.0,0.8402208089828491,1.0,0.8402208089828491,0.5,0.04645419120788574,C|Sub-1|AddA-15|Sub-2|AddA-8_Sub-12|AddA-30|InsA-0_RmA-3|InsA-1
N=CO,0,0,0.5,0.0,1.0,1.3569203615188599,1.0,1.3569203615188599,0.5,0.02596306800842285,C|Sub-1|AddA-8|ChB-1406|AddA-18
PCCCBr,0,0,0.5,0.0,1.0,1.3558123111724854,1.0,1.3558123111724854,0.5,0.07067418098449707,C|AddA-15|AddA-12|InsA-1|InsA-0
CSCCl,0,0,0.5,0.0,1.0,1.1083225011825562,1.0,1.1083225011825562,0.5,0.03712320327758789,C|AddA-15|Sub-8|ChB-1406|AddA-22_MoveFG-1406|InsA-0_Sub-29
C=[SH]CCl,1,0,0.5,0.0,1.0,1.232550024986267,1.0,1.232550024986267,0.5,0.0444180965423584,C|AddA-13|AddA-9|Sub-22_ChB-1406|MoveFG-39_InsA-37
C#SC,0,0,0.5,0.0,1.0,1.212385892868042,1.0,1.212385892868042,0.5,0.02589583396911621,C|AddA-13|AddA-9|Sub-22_ChB-1406|MoveFG-39_InsA-37|ChB-2109_RmA-2
CCC#SCC,0,0,0.5,0.0,1.0,1.016600251197815,1.0,1.016600251197815,0.5,0.0428929328918457,C|AddA-13|InsA-0_InsA-37|ChB-2147_InsA-73|MoveFG-4104_ChB-742|AddA-8_ChB-1
OC#P,0,0,0.5,0.0,1.0,1.5894912481307983,1.0,1.5894912481307983,0.5,0.016570091247558594,C|Sub-1|AddA-15|Sub-2|AddA-8_Sub-12|AddA-30|InsA-0_RmA-3|RmA-2_ChB-2146
OC=NBr,0,0,0.5,0.0,1.0,2.3148624897003174,1.0,2.3148624897003174,0.5,0.019747018814086914,C|Sub-1|AddA-8|ChB-1406|AddA-15_AddA-18
CC(Br)CP,0,0,0.5,0.0,1.0,1.306591272354126,1.0,1.306591272354126,0.5,0.0441591739654541,C|AddA-15|AddA-12|InsA-1|AddA-8
O=CCl,0,0,0.5,0.0,1.0,2.0217549800872803,1.0,2.0217549800872803,0.5,0.017426729202270508,C|AddA-15|Sub-8|ChB-1406|AddA-22_MoveFG-1406|Sub-10
C=S,0,0,0.5,0.0,1.0,1.6109137535095215,1.0,1.6109137535095215,0.5,0.017229080200195312,C|AddA-13|AddA-9|Sub-22_ChB-1406|RmA-2
NC1CS1,0,0,0.5,0.0,1.0,1.1382099390029907,1.0,1.1382099390029907,0.5,0.06412792205810547,C|AddA-15|Sub-8|InsA-0|ChB-2109|Sub-5_ChB-0|AddA-27|ChB-703|Sub-25
OC1=[SH]N1,0,0,0.5,0.0,1.0,1.8156144618988037,1.0,1.8156144618988037,0.5,0.04557490348815918,C|AddA-13|ChB-1406_AddA-17|ChB-704|AddA-18|MoveFG-1444
CS#P,1,0,0.5,0.0,1.0,1.1951597929000854,1.0,1.1951597929000854,0.5,0.01888895034790039,C|Sub-1|AddA-8|ChB-2109_Sub-4|AddA-21_MoveFG-2
C=[SH]#P,0,0,0.5,0.0,1.0,1.5235044956207275,1.0,1.5235044956207275,0.5,0.020269155502319336,C|Sub-1|AddA-8|ChB-2109_Sub-4|AddA-21_MoveFG-2|ChB-1443
CCPBr,0,0,0.5,0.0,1.0,1.4713857173919678,1.0,1.4713857173919678,0.5,0.0378270149230957,C|AddA-15|AddA-12|InsA-1|MoveFG-2
SCCCl,0,0,0.5,0.0,1.0,1.1121212244033813,1.0,1.1121212244033813,0.5,0.035179853439331055,C|AddA-13|AddA-9|Sub-22_ChB-1406|InsA-0
C=[SH]S,0,0,0.5,0.0,1.0,1.3214846849441528,1.0,1.3214846849441528,0.5,0.03134727478027344,C|AddA-13|AddA-9|Sub-22_ChB-1406|AddA-21|RmA-2
N=CP,0,0,0.5,0.0,1.0,1.1183958053588867,1.0,1.1183958053588867,0.5,0.02722001075744629,C|AddA-15|Sub-8|ChB-1406|AddA-12|MoveFG-39_Sub-5|Sub-1
P#CCl,0,0,0.5,0.0,1.0,2.3099164962768555,1.0,2.3099164962768555,0.5,0.01570916175842285,C|Sub-1|AddA-8|ChB-2109_Sub-4|AddA-22
OC(Br)PS,0,0,0.5,0.0,1.0,1.560707926750183,1.0,1.560707926750183,0.5,0.038065195083618164,C|AddA-15|AddA-12|AddA-26|AddA-10_Sub-29
FN=CCP,0,0,0.5,0.0,1.0,1.242527723312378,1.0,1.242527723312378,0.5,0.042474985122680664,C|AddA-15|Sub-8|ChB-1406|AddA-20_AddA-11|Sub-1_InsA-37
BrC=CNBr,0,0,0.5,0.0,1.0,1.7941865921020508,1.0,1.7941865921020508,0.5,0.03336501121520996,C|Sub-1|AddA-15|AddA-13_Sub-23|InsA-0|InsA-2_ChB-1514
C1NS1,1,0,0.5,0.0,1.0,1.9521530866622925,1.0,1.9521530866622925,0.5,0.04220080375671387,C|AddA-13|AddA-9|InsA-0|CutA-3_ChB-740
C1CSN1,1,0,0.5,0.0,1.0,1.7918232679367065,1.0,1.7918232679367065,0.5,0.03781390190124512,C|AddA-13|AddA-9|InsA-0|CutA-3_ChB-740|InsA-1
C1CCSCC1,0,0,0.5,0.0,1.0,1.412940502166748,1.0,1.412940502166748,0.5,0.04997086524963379,C|AddA-15|Sub-8|InsA-0|ChB-2109|Sub-13|InsA-1|InsA-0_InsA-2
C=[SH]O,0,0,0.5,0.0,1.0,1.3544893264770508,1.0,1.3544893264770508,0.5,0.030599117279052734,C|AddA-13|ChB-1406_AddA-17|ChB-704|AddA-18|RmA-2
[SH]#[SH],0,0,0.5,0.0,1.0,1.562615990638733,1.0,1.562615990638733,0.5,0.0168459415435791,C|Sub-1|AddA-8|ChB-2109_Sub-4|Sub-13_Sub-5
OPBr,0,0,0.5,0.0,1.0,1.7644315958023071,1.0,1.7644315958023071,0.5,0.019862890243530273,C|AddA-15|AddA-12|AddA-26|CutA-0
FP=C(F)P,0,0,0.5,0.0,1.0,1.3467804193496704,1.0,1.3467804193496704,0.5,0.026610136032104492,C|AddA-15|Sub-8|ChB-1406|AddA-20_AddA-11|AddA-19_Sub-4
BrC=NBr,0,0,0.5,0.0,1.0,2.3132097721099854,1.0,2.3132097721099854,0.5,0.024859189987182617,C|Sub-1|AddA-15|AddA-13_Sub-23|InsA-0|ChB-1408
NCCCS,0,0,0.5,0.0,1.0,0.9179515242576599,1.0,0.9179515242576599,0.5,0.039051055908203125,C|AddA-13|AddA-9|InsA-0|InsA-38
CSCCO,0,0,0.5,0.0,1.0,1.0104981660842896,1.0,1.0104981660842896,0.5,0.03682994842529297,C|AddA-13|AddA-21|InsA-37|Sub-18|InsA-38
OCCCO,1,0,0.5,0.0,1.0,1.0274968147277832,1.0,1.0274968147277832,0.5,0.04352617263793945,C|Sub-1|AddA-15|Sub-2|InsA-0|InsA-37_Sub-10|InsA-1
CC(O)CO,0,0,0.5,0.0,1.0,1.021325707435608,1.0,1.021325707435608,0.5,0.045247793197631836,C|Sub-1|AddA-15|Sub-2|InsA-0|InsA-37_Sub-10|InsA-1|MoveFG-2778
NSCP,0,0,0.5,0.0,1.0,1.045649766921997,1.0,1.045649766921997,0.5,0.03826713562011719,C|AddA-13|AddA-9|Sub-4_ChB-1406|MoveFG-39_InsA-0
C=C(F)P,0,0,0.5,0.0,1.0,1.2211601734161377,1.0,1.2211601734161377,0.5,0.029542922973632812,C|AddA-15|Sub-8|ChB-1406|AddA-20_AddA-11|MoveFG-77
NCBr,0,0,0.5,0.0,1.0,1.4402625560760498,1.0,1.4402625560760498,0.5,0.029756784439086914,C|Sub-1|AddA-15|AddA-13_Sub-23|InsA-0|RmA-2
SCNCl,0,0,0.5,0.0,1.0,1.258390188217163,1.0,1.258390188217163,0.5,0.10397577285766602,C|AddA-13|AddA-9|InsA-0|MoveFG-78_Sub-6
OCCS,0,0,0.5,0.0,1.0,1.0101203918457031,1.0,1.0101203918457031,0.5,0.02956390380859375,C|AddA-13|AddA-21|InsA-37|Sub-18|InsA-73_RmA-0
NSCO,0,0,0.5,0.0,1.0,1.1899020671844482,1.0,1.1899020671844482,0.5,0.03257393836975098,C|Sub-1|AddA-15|Sub-2|InsA-0|InsA-37_Sub-10|Sub-29_Sub-9
N=PN,0,0,0.5,0.0,1.0,1.1172945499420166,1.0,1.1172945499420166,0.5,0.0377500057220459,C|Sub-1|AddA-8|AddA-10_Sub-17|Sub-9_ChB-1406|Sub-4
Br[SH]1#CCC1,0,0,0.5,0.0,1.0,1.8641360998153687,1.0,1.8641360998153687,0.5,0.03977322578430176,C|AddA-15|Sub-8|InsA-0|ChB-2109|Sub-13|InsA-1|AddA-21_Sub-39
CCCCl,1,0,0.5,0.0,1.0,1.0634762048721313,1.0,1.0634762048721313,0.5,0.04649019241333008,C|Sub-1|AddA-15|Sub-2|InsA-0|InsA-37_Sub-10|Sub-6|Sub-8
CC(S)Cl,0,0,0.5,0.0,1.0,1.1100857257843018,1.0,1.1100857257843018,0.5,0.044045209884643555,C|Sub-1|AddA-15|Sub-2|InsA-0|InsA-37_Sub-10|Sub-6|Sub-8|CutA-2_AddA-29
SCPBr,0,0,0.5,0.0,1.0,1.4747798442840576,1.0,1.4747798442840576,0.5,0.03679299354553223,C|AddA-15|Sub-5|InsA-0|Sub-20|ChB-1407_InsA-1
CSO,0,0,0.5,0.0,1.0,1.4684606790542603,1.0,1.4684606790542603,0.5,0.036585092544555664,C|AddA-13|AddA-21|InsA-37|Sub-18|CutA-3
O=CO,0,0,0.5,0.0,1.0,1.6181881427764893,1.0,1.6181881427764893,0.5,0.02020883560180664,C|Sub-1|AddA-15|Sub-2|InsA-0|InsA-37_Sub-10|CutA-3_ChB-1407
BrC1C#S1,0,0,0.5,0.0,1.0,1.9732192754745483,1.0,1.9732192754745483,0.5,0.021967172622680664,C|AddA-15|Sub-8|InsA-0|ChB-2109|Sub-13|AddA-31
O[SH]1#CCC1,0,0,0.5,0.0,1.0,1.1678944826126099,1.0,1.1678944826126099,0.5,0.044477224349975586,C|AddA-15|Sub-8|InsA-0|ChB-2109|Sub-13|InsA-1|AddA-18
OCC(Cl)Cl,0,0,0.5,0.0,1.0,1.3629405498504639,1.0,1.3629405498504639,0.5,0.03586697578430176,C|Sub-1|AddA-15|Sub-2|InsA-0|InsA-37_Sub-10|Sub-6|AddA-30
CCC(O)Cl,0,0,0.5,0.0,1.0,1.1025217771530151,1.0,1.1025217771530151,0.5,0.0547032356262207,C|AddA-15|Sub-8|ChB-1406|AddA-10|AddA-14_InsA-0
N1=S=P1,0,0,0.5,1.0,8.837241304651534e-28,3.9278390407562256,9.78329772804305e-48,3.9278390407562256,0.5,0.017420053482055664,C|AddA-13|AddA-9|Sub-4_ChB-1406|ChB-1443
BrC1CCCS1,1,0,0.5,0.0,1.0,1.7962466478347778,1.0,1.7962466478347778,0.5,0.03657197952270508,C|AddA-13|AddA-21|InsA-37|ChB-1408_InsA-2|Sub-23_InsA-0
BrC1CCC1,0,0,0.5,0.0,1.0,1.2725859880447388,1.0,1.2725859880447388,0.5,0.04237794876098633,C|AddA-13|AddA-21|InsA-37|ChB-1408_InsA-2|Sub-23_InsA-0|MoveFG-2778_CutA-1
O=PP,0,0,0.5,0.0,1.0,1.2994555234909058,1.0,1.2994555234909058,0.5,0.04004693031311035,C|AddA-15|Sub-8|ChB-1406|AddA-12|MoveFG-2|AddA-12_CutA-0|Sub-2
C1CC1,0,0,0.5,0.0,1.0,0.8769158124923706,1.0,0.8769158124923706,0.5,0.037940263748168945,C|AddA-15|Sub-8|InsA-0|ChB-2109|Sub-13|InsA-1|CutA-1
OC#CCl,0,0,0.5,0.0,1.0,2.084286689758301,1.0,2.084286689758301,0.5,0.01986098289489746,C|Sub-1|AddA-15|Sub-2|InsA-0|InsA-37_Sub-10|Sub-6|ChB-2182
CCCO,0,0,0.5,0.0,1.0,0.945944607257843,1.0,0.945944607257843,0.5,0.052948951721191406,C|AddA-15|Sub-8|ChB-1406|AddA-10|ChB-2109_InsA-0
N[SH]=P,0,0,0.5,0.0,1.0,1.1392147541046143,1.0,1.1392147541046143,0.5,0.037242889404296875,C|AddA-13|AddA-9|Sub-4_ChB-1406|MoveFG-39
SC1CSC1,0,0,0.5,0.0,1.0,1.2212798595428467,1.0,1.2212798595428467,0.5,0.03696799278259277,C|AddA-13|AddA-21|InsA-37|ChB-1408_InsA-2|MoveFG-2778
S=C=CBr,0,0,0.5,0.0,1.0,2.2082417011260986,1.0,2.2082417011260986,0.5,0.018898963928222656,C|AddA-15|AddA-12|Sub-16_AddA-29|ChB-1407|ChB-1479
C1CC2=C1C2,0,0,0.5,0.0,1.0,0.98225998878479,1.0,0.98225998878479,0.5,0.04683327674865723,C|AddA-15|Sub-8|InsA-0|ChB-2109|InsA-0|InsA-38_ChB-1406
OC(Br)SCS,1,0,0.5,0.0,1.0,1.7704635858535767,1.0,1.7704635858535767,0.5,0.038004159927368164,C|AddA-15|Sub-8|InsA-0|ChB-2109|Sub-5_ChB-0|InsA-37_AddA-23|AddA-18_Sub-29
OCSCPBr,0,0,0.5,0.0,1.0,1.4840127229690552,1.0,1.4840127229690552,0.5,0.05811023712158203,C|AddA-15|Sub-8|InsA-0|ChB-2109|Sub-5_ChB-0|InsA-37_AddA-23|AddA-18_Sub-29|MoveFG-1482_Sub-4
NCP=S,0,0,0.5,0.0,1.0,1.3304558992385864,1.0,1.3304558992385864,0.5,0.03204488754272461,C|AddA-13|AddA-9|Sub-4_ChB-1406|InsA-1
NC1PC(S)S1,0,0,0.5,0.0,1.0,2.0939977169036865,1.0,2.0939977169036865,0.5,0.03825688362121582,C|AddA-13|AddA-21|InsA-37|ChB-1408_InsA-2|Sub-36_AddA-9
COCBr,0,0,0.5,0.0,1.0,1.4437636137008667,1.0,1.4437636137008667,0.5,0.03119683265686035,C|Sub-1|AddA-15|Sub-2|InsA-0|MoveFG-1406|InsA-0_MoveFG-1446
C1CCPC1,0,0,0.5,0.0,1.0,0.8454150557518005,1.0,0.8454150557518005,0.5,0.05441689491271973,C|AddA-15|Sub-8|InsA-0|ChB-2109|InsA-0|InsA-2_Sub-20
CCCSBr,0,0,0.5,0.0,1.0,1.9083302021026611,1.0,1.9083302021026611,0.5,0.04620003700256348,C|AddA-15|Sub-8|InsA-0|ChB-2109|Sub-5_ChB-0|InsA-37_AddA-23|MoveFG-1482
OCCCCBr,0,0,0.5,0.0,1.0,1.3981839418411255,1.0,1.3981839418411255,0.5,0.039910316467285156,C|Sub-1|AddA-15|Sub-2|InsA-0|MoveFG-1406_InsA-1|MoveFG-2|InsA-2_InsA-3
ClCCCl,0,0,0.5,0.0,1.0,1.2064059972763062,1.0,1.2064059972763062,0.5,0.03509092330932617,C|Sub-1|AddA-15|Sub-2|InsA-0|MoveFG-1406_InsA-1|MoveFG-2|Sub-6|RmA-1_AddA-22
C1#SCN1,0,0,0.5,0.0,1.0,1.2475100755691528,1.0,1.2475100755691528,0.5,0.03927016258239746,C|AddA-13|ChB-1406_AddA-17|ChB-704|ChB-2109|InsA-37
NPN(O)F,1,0,0.5,0.0,1.0,1.969043493270874,1.0,1.969043493270874,0.5,0.04547405242919922,C|Sub-1|AddA-12|AddA-11_Sub-9|InsA-0_InsA-38|CutA-3|AddA-10_Sub-28
NCPN(O)F,0,0,0.5,0.0,1.0,1.9105108976364136,1.0,1.9105108976364136,0.5,0.04348278045654297,C|Sub-1|AddA-12|AddA-11_Sub-9|InsA-0_InsA-38|CutA-3|AddA-10_Sub-28|InsA-38
NCN,0,0,0.5,0.0,1.0,0.823137640953064,1.0,0.823137640953064,0.5,0.038625240325927734,C|Sub-1|AddA-8|AddA-10_Sub-17|MoveFG-39
C1COC1,0,0,0.5,0.0,1.0,1.0055149793624878,1.0,1.0055149793624878,0.5,0.048795223236083984,C|AddA-15|Sub-8|InsA-0|ChB-2109|InsA-0|Sub-2
SC(S)CCCBr,0,0,0.5,0.0,1.0,1.3826634883880615,1.0,1.3826634883880615,0.5,0.053221940994262695,C|AddA-15|Sub-8|InsA-0|ChB-2109|Sub-5_ChB-0|InsA-37_AddA-23|AddA-29_InsA-73
OC(P)Br,0,0,0.5,0.0,1.0,1.5082650184631348,1.0,1.5082650184631348,0.5,0.03954601287841797,C|Sub-1|AddA-15|Sub-2|InsA-0|MoveFG-1406_InsA-1|MoveFG-2|MoveFG-78_Sub-28
CC(Br)CCl,0,0,0.5,0.0,1.0,1.400891900062561,1.0,1.400891900062561,0.5,0.039920806884765625,C|Sub-1|AddA-15|Sub-2|InsA-0|MoveFG-1406_InsA-1|MoveFG-2|Sub-6|MoveFG-78_InsA-1
C=C(C)CC,0,0,0.5,0.0,1.0,0.9316653609275818,1.0,0.9316653609275818,0.5,0.14140796661376953,C|AddA-15|Sub-8|InsA-0|InsA-37|MoveFG-41|InsA-2|ChB-1444
NCCF,0,0,0.5,0.0,1.0,1.0541713237762451,1.0,1.0541713237762451,0.5,0.039859771728515625,C|Sub-1|AddA-12|AddA-11_Sub-9|InsA-0_InsA-38|CutA-3|InsA-2_CutA-0
CNC,0,0,0.5,0.0,1.0,0.8252955079078674,1.0,0.8252955079078674,0.5,0.03960776329040527,C|Sub-1|AddA-12|AddA-11_Sub-9|Sub-8|Sub-16
OCCl,1,0,0.5,0.0,1.0,1.1761146783828735,1.0,1.1761146783828735,0.5,0.022273778915405273,C|Sub-1|AddA-15|Sub-2|RmA-1|Sub-6|AddA-10|InsA-0
O=C(O)Cl,0,0,0.5,0.0,1.0,2.104701519012451,1.0,2.104701519012451,0.5,0.021888017654418945,C|Sub-1|AddA-15|Sub-2|RmA-1|Sub-6|AddA-10|InsA-0|ChB-1443_AddA-26
CC(Br)CS,0,0,0.5,0.0,1.0,1.3589798212051392,1.0,1.3589798212051392,0.5,0.043031930923461914,C|AddA-15|Sub-8|InsA-0|ChB-2109|Sub-5_ChB-0|InsA-37_AddA-23|MoveFG-2775
SC(Br)CCl,0,0,0.5,0.0,1.0,1.525836706161499,1.0,1.525836706161499,0.5,0.034323930740356445,C|Sub-1|AddA-15|Sub-2|InsA-0|MoveFG-1406_InsA-1|MoveFG-2|Sub-6|AddA-29
NCC(F)C(S)S,0,0,0.5,0.0,1.0,1.1188546419143677,1.0,1.1188546419143677,0.5,0.043611764907836914,C|AddA-15|Sub-8|InsA-0|ChB-2109|Sub-5_ChB-0|AddA-27|InsA-1|AddA-17_AddA-45
FNNBr,0,0,0.5,0.0,1.0,1.943185806274414,1.0,1.943185806274414,0.5,0.01960277557373047,C|Sub-1|AddA-12|AddA-11_Sub-9|InsA-0_InsA-38|CutA-3|AddA-23_CutA-3
C=[SH]F,0,0,0.5,0.0,1.0,1.4046862125396729,1.0,1.4046862125396729,0.5,0.02200794219970703,C|Sub-1|AddA-12|AddA-11_Sub-9|Sub-8|Sub-5_ChB-1406
C[SH]=CF,0,0,0.5,0.0,1.0,1.353153944015503,1.0,1.353153944015503,0.5,0.033612966537475586,C|AddA-15|Sub-8|InsA-0|ChB-2109|Sub-5_ChB-0|AddA-27|ChB-703|ChB-1407_ChB-37
FCCF,0,0,0.5,0.0,1.0,1.0875918865203857,1.0,1.0875918865203857,0.5,0.04229021072387695,C|AddA-13|AddA-21|Sub-19|MoveFG-1406_AddA-14|InsA-2_RmA-1|Sub-19
c1p[pH][pH]1,0,0,0.5,0.0,1.0,0.8086708188056946,1.0,0.8086708188056946,0.5,0.0316622257232666,C|AddA-15|Sub-8|ChB-1406|AddA-12|MoveFG-2|AddA-12_CutA-0|AddA-12_ChB-776
NN(Br)CBr,1,0,0.5,0.0,1.0,1.8415802717208862,1.0,1.8415802717208862,0.5,0.03923296928405762,C|Sub-1|AddA-15|AddA-13_Sub-23|AddA-9|InsA-0
C=[SH]C,0,0,0.5,0.0,1.0,1.0634657144546509,1.0,1.0634657144546509,0.5,0.05853009223937988,C|AddA-15|AddA-12|Sub-16_AddA-29|ChB-1407|MoveFG-41_RmA-1
FC#[SH],0,0,0.5,0.0,1.0,1.8417565822601318,1.0,1.8417565822601318,0.5,0.017416954040527344,C|Sub-1|AddA-12|Sub-11_AddA-13|CutA-0|AddA-16_MoveFG-2|ChB-1443|ChB-2146
NCNCl,0,0,0.5,0.0,1.0,1.262587547302246,1.0,1.262587547302246,0.5,0.03551983833312988,C|Sub-1|AddA-12|AddA-11_Sub-9|InsA-0_InsA-38|CutA-3|AddA-22_RmA-2
C=NF,0,0,0.5,0.0,1.0,1.5177136659622192,1.0,1.5177136659622192,0.5,0.017985105514526367,C|Sub-1|AddA-12|AddA-11_Sub-9|Sub-8|ChB-1406
OOCCl,0,0,0.5,0.0,1.0,1.4816397428512573,1.0,1.4816397428512573,0.5,0.030157089233398438,C|Sub-1|AddA-15|Sub-2|RmA-1|Sub-6|AddA-10|AddA-18_InsA-0
FC=CCl,0,0,0.5,0.0,1.0,1.6425564289093018,1.0,1.6425564289093018,0.5,0.020652055740356445,C|AddA-13|AddA-21|Sub-19|MoveFG-1406_AddA-14|InsA-2_RmA-1|ChB-1408
N=[SH]Br,0,0,0.5,0.0,1.0,2.327542304992676,1.0,2.327542304992676,0.5,0.017806053161621094,C|Sub-1|AddA-15|AddA-14|InsA-1_RmA-2|Sub-21|MoveFG-2_ChB-1407
FC1C#S1,0,0,0.5,0.0,1.0,1.9520543813705444,1.0,1.9520543813705444,0.5,0.020946025848388672,C|AddA-15|Sub-8|InsA-0|ChB-2109|Sub-5_ChB-0|AddA-27|ChB-703|ChB-2109
CC(F)CCS,0,0,0.5,0.0,1.0,1.0241317749023438,1.0,1.0241317749023438,0.5,0.10237812995910645,C|AddA-15|Sub-8|InsA-0|ChB-2109|Sub-5_ChB-0|AddA-27|InsA-1|ChB-1480_InsA-74
FC(Br)PS,2,0,0.5,0.0,1.0,1.3727524280548096,1.0,1.3727524280548096,0.5,0.036520957946777344,C|AddA-15|Sub-5|InsA-0|Sub-20|InsA-37_AddA-35
FC(S)Br,0,0,0.5,0.0,1.0,1.7106549739837646,1.0,1.7106549739837646,0.5,0.02088189125061035,C|AddA-15|Sub-5|InsA-0|Sub-20|InsA-37_AddA-35|CutA-2
CPC,0,0,0.5,0.0,1.0,0.7533921599388123,1.0,0.7533921599388123,0.5,0.037435054779052734,C|AddA-15|Sub-8|InsA-0|MoveFG-1406_Sub-17|Sub-4_InsA-1|MoveFG-77_Sub-20|RmA-0_MoveFG-39
FCCl,0,0,0.5,0.0,1.0,1.1352554559707642,1.0,1.1352554559707642,0.5,0.02240610122680664,C|AddA-13|AddA-21|Sub-19|MoveFG-1406_AddA-14|InsA-2_RmA-1|MoveFG-2774_RmA-3
NNBr,0,0,0.5,0.0,1.0,1.7167985439300537,1.0,1.7167985439300537,0.5,0.01837897300720215,C|Sub-1|AddA-15|AddA-14|InsA-1_RmA-2|Sub-21|RmA-2_AddA-9
FSC=CBr,0,0,0.5,0.0,1.0,1.859554409980774,1.0,1.859554409980774,0.5,0.02920079231262207,C|AddA-15|AddA-12|Sub-16_AddA-29|ChB-1407|AddA-11_MoveFG-117
PN(Br)NBr,0,0,0.5,0.0,1.0,1.9751801490783691,1.0,1.9751801490783691,0.5,0.03455066680908203,C|Sub-1|AddA-15|AddA-13_Sub-23|AddA-9|MoveFG-3|AddA-12
PSBr,0,0,0.5,0.0,1.0,1.8680583238601685,1.0,1.8680583238601685,0.5,0.019227981567382812,C|AddA-15|Sub-5|InsA-0|Sub-20|MoveFG-1406
NCCCN,0,0,0.5,0.0,1.0,0.8471264243125916,1.0,0.8471264243125916,0.5,0.04339194297790527,C|Sub-1|AddA-14|InsA-0|Sub-9_ChB-2110|InsA-1|InsA-2
CCN=CBr,0,0,0.5,0.0,1.0,1.7278625965118408,1.0,1.7278625965118408,0.5,0.03484487533569336,C|AddA-15|InsA-0|InsA-37_ChB-1407|RmA-1|AddA-15|Sub-9_InsA-37
FC(=S)S,1,0,0.5,0.0,1.0,1.7532711029052734,1.0,1.7532711029052734,0.5,0.020102977752685547,C|Sub-1|AddA-12|Sub-11_AddA-13|CutA-0|AddA-16_MoveFG-2|ChB-1443|AddA-29
FCC(=S)SP,0,0,0.5,0.0,1.0,1.3557294607162476,1.0,1.3557294607162476,0.5,0.03434896469116211,C|Sub-1|AddA-12|Sub-11_AddA-13|CutA-0|AddA-16_MoveFG-2|ChB-1443|AddA-29|AddA-36_InsA-1
NCNBr,0,0,0.5,0.0,1.0,1.532602310180664,1.0,1.532602310180664,0.5,0.03400301933288574,C|Sub-1|AddA-15|AddA-13_Sub-23|AddA-9|InsA-2_RmA-1
PP(Br)SS,0,0,0.5,0.0,1.0,1.6502732038497925,1.0,1.6502732038497925,0.5,0.03515815734863281,C|AddA-15|Sub-5|InsA-0|Sub-20|AddA-13_AddA-28
NCNCBr,0,0,0.5,0.0,1.0,1.5377061367034912,1.0,1.5377061367034912,0.5,0.0443880558013916,C|Sub-1|AddA-14|InsA-0|Sub-9_ChB-2110|InsA-1|AddA-31_MoveFG-2775
C=C(C)Br,0,0,0.5,0.0,1.0,1.5484957695007324,1.0,1.5484957695007324,0.5,0.03822731971740723,C|AddA-15|InsA-0|InsA-37_ChB-1407|RmA-1|AddA-15|MoveFG-1406
CC(F)=S,0,0,0.5,0.0,1.0,1.368363380432129,1.0,1.368363380432129,0.5,0.0317530632019043,C|Sub-1|AddA-12|Sub-11_AddA-13|CutA-0|AddA-16_MoveFG-2|ChB-1443|AddA-24
FN1CC1,0,0,0.5,0.0,1.0,1.532907247543335,1.0,1.532907247543335,0.5,0.04921698570251465,C|Sub-1|AddA-12|AddA-11_Sub-9|InsA-0_InsA-38|RmA-1|ChB-705
C1CS1,0,0,0.5,0.0,1.0,1.1135197877883911,1.0,1.1135197877883911,0.5,0.04427194595336914,C|AddA-15|Sub-8|InsA-0|ChB-2109|Sub-5_ChB-0|AddA-27|ChB-703|RmA-3
FCF,0,0,0.5,0.0,1.0,1.1302367448806763,1.0,1.1302367448806763,0.5,0.022373676300048828,C|Sub-1|AddA-12|Sub-11_AddA-13|CutA-0|Sub-11|InsA-0
PCC(P)Br,1,0,0.5,0.0,1.0,1.278334617614746,1.0,1.278334617614746,0.5,0.05009293556213379,C|AddA-15|Sub-8|InsA-0|MoveFG-1406_Sub-17|Sub-4_InsA-1|MoveFG-77_Sub-20|AddA-33_Sub-39
CCC(P)Br,0,0,0.5,0.0,1.0,1.3435975313186646,1.0,1.3435975313186646,0.5,0.04623985290527344,C|AddA-15|Sub-8|InsA-0|MoveFG-1406_Sub-17|Sub-4_InsA-1|MoveFG-77_Sub-20|AddA-33_Sub-39|RmA-0_InsA-1
N=O,0,0,0.5,0.0,1.0,1.9529786109924316,1.0,1.9529786109924316,0.5,0.014508962631225586,C|Sub-1|AddA-14|InsA-0|Sub-9_ChB-2110|ChB-1407|RmA-1_Sub-10
CCCBr,0,0,0.5,0.0,1.0,1.4102617502212524,1.0,1.4102617502212524,0.5,0.040220022201538086,C|AddA-15|InsA-0|InsA-37_ChB-1407|RmA-1|AddA-15|ChB-703
O[SH]=CF,0,0,0.5,0.0,1.0,1.5925374031066895,1.0,1.5925374031066895,0.5,0.028973817825317383,C|Sub-1|AddA-12|Sub-11_AddA-13|CutA-0|AddA-16_MoveFG-2|ChB-1443|AddA-18
C=CNF,0,0,0.5,0.0,1.0,1.1865087747573853,1.0,1.1865087747573853,0.5,0.029968976974487305,C|Sub-1|AddA-12|AddA-11_Sub-9|InsA-0_InsA-38|RmA-1|ChB-1479
FNBr,0,0,0.5,0.0,1.0,1.7928649187088013,1.0,1.7928649187088013,0.5,0.0179750919342041,C|Sub-1|AddA-12|AddA-11_Sub-9|AddA-15|MoveFG-39_CutA-0
FC(F)P,0,0,0.5,0.0,1.0,1.094081163406372,1.0,1.094081163406372,0.5,0.030623912811279297,C|Sub-1|AddA-12|Sub-11_AddA-13|CutA-0|Sub-11|InsA-0_AddA-28
NPCP,0,0,0.5,0.0,1.0,0.7506474852561951,1.0,0.7506474852561951,0.5,0.05261373519897461,C|AddA-15|Sub-8|InsA-0|MoveFG-1406_Sub-17|Sub-4_InsA-1|MoveFG-77_Sub-20|AddA-25_CutA-1
FC1C[SH]=C1Cl,0,0,0.5,0.0,1.0,1.4483541250228882,1.0,1.4483541250228882,0.5,0.045400142669677734,C|AddA-13|AddA-21|Sub-19|MoveFG-1406_AddA-14|InsA-2|ChB-1445_InsA-0
NC1[SH]=C(Cl)C1F,1,0,0.5,0.0,1.0,1.5344198942184448,1.0,1.5344198942184448,0.5,0.055036067962646484,C|AddA-13|AddA-21|Sub-19|MoveFG-1406_AddA-14|InsA-2|InsA-0|AddA-49_ChB-1445
NC1N=C(Cl)C1F,0,0,0.5,0.0,1.0,1.8630143404006958,1.0,1.8630143404006958,0.5,0.03977680206298828,C|AddA-13|AddA-21|Sub-19|MoveFG-1406_AddA-14|InsA-2|InsA-0|AddA-49_ChB-1445|Sub-9
N=[SH]F,0,0,0.5,0.0,1.0,1.5924811363220215,1.0,1.5924811363220215,0.5,0.01986408233642578,C|Sub-1|AddA-12|AddA-11_Sub-9|ChB-1406|Sub-5
FN(S)NBr,0,0,0.5,0.0,1.0,2.24031138420105,1.0,2.24031138420105,0.5,0.0305631160736084,C|Sub-1|AddA-12|AddA-11_Sub-9|AddA-15|MoveFG-77_AddA-13
FP,0,0,0.5,0.0,1.0,0.9005020260810852,1.0,0.9005020260810852,0.5,0.01684403419494629,C|Sub-1|AddA-12|Sub-11_AddA-13|CutA-0|Sub-11|Sub-4
OC(P)C(P)Br,0,0,0.5,0.0,1.0,1.2659883499145508,1.0,1.2659883499145508,0.5,0.0500490665435791,C|AddA-15|Sub-8|InsA-0|MoveFG-1406_Sub-17|Sub-4_InsA-1|MoveFG-77_Sub-20|AddA-39_AddA-18
FC(=S)CCl,0,0,0.5,0.0,1.0,1.4671902656555176,1.0,1.4671902656555176,0.5,0.03226518630981445,C|AddA-13|AddA-21|Sub-19|MoveFG-1406_AddA-14|InsA-2|ChB-1406
SC(S)CCl,0,0,0.5,0.0,1.0,1.169646143913269,1.0,1.169646143913269,0.5,0.05859708786010742,C|AddA-13|AddA-21|Sub-19|MoveFG-1406_AddA-14|InsA-2|InsA-0|CutA-5_Sub-21
FNNP,0,0,0.5,0.0,1.0,1.3746881484985352,1.0,1.3746881484985352,0.5,0.039613962173461914,C|Sub-1|AddA-12|AddA-11_Sub-9|InsA-0_InsA-38|AddA-20_CutA-3|ChB-1408_CutA-3
CS(Cl)(Br)CF,0,0,0.5,0.0,1.0,1.5174306631088257,1.0,1.5174306631088257,0.5,0.05094289779663086,C|Sub-1|AddA-15|AddA-14|Sub-0|Sub-5_AddA-11|InsA-2_AddA-8
NC#P,1,0,0.5,0.0,1.0,1.1535707712173462,1.0,1.1535707712173462,0.5,0.019681930541992188,C|AddA-15|Sub-8|ChB-2109|Sub-9|Sub-13|Sub-12_AddA-9
NCP,0,0,0.5,0.0,1.0,0.7759361863136292,1.0,0.7759361863136292,0.5,0.038633108139038086,C|AddA-15|Sub-8|ChB-2109|Sub-9|Sub-13|Sub-12_AddA-9|ChB-703
SS,0,0,0.5,0.0,1.0,1.298825979232788,1.0,1.298825979232788,0.5,0.0178220272064209,C|Sub-1|AddA-15|AddA-14|Sub-0|CutA-0_Sub-3|Sub-5_Sub-13
FCC(S)CCl,0,0,0.5,0.0,1.0,1.1719584465026855,1.0,1.1719584465026855,0.5,0.036482810974121094,C|AddA-13|AddA-21|Sub-19|MoveFG-1406_AddA-14|InsA-2|InsA-1
CC(Cl)CS,0,0,0.5,0.0,1.0,1.0610475540161133,1.0,1.0610475540161133,0.5,0.034499168395996094,C|AddA-13|AddA-21|Sub-19|MoveFG-1406_AddA-14|InsA-2|InsA-0|RmA-2_MoveFG-117
NC(Br)NP,0,0,0.5,0.0,1.0,1.4958057403564453,1.0,1.4958057403564453,0.5,0.03460192680358887,C|Sub-1|AddA-12|AddA-11_Sub-9|InsA-0_InsA-38|AddA-20_CutA-3|RmA-2_AddA-31
F[SH](Br)Br,0,0,0.5,0.0,1.0,2.0962953567504883,1.0,2.0962953567504883,0.5,0.023304224014282227,C|Sub-1|AddA-15|AddA-14|Sub-0|Sub-5_AddA-11|Sub-23
PC#[SH],0,0,0.5,0.0,1.0,1.195115327835083,1.0,1.195115327835083,0.5,0.02013993263244629,C|AddA-15|Sub-8|ChB-2109|Sub-9|Sub-13|AddA-12
N=PCl,0,0,0.5,0.0,1.0,1.8701659440994263,1.0,1.8701659440994263,0.5,0.017858028411865234,C|Sub-1|AddA-14|AddA-9_MoveFG-2|ChB-1407_MoveFG-1406|Sub-4
C1=NP1,0,0,0.5,0.0,1.0,1.6877543926239014,1.0,1.6877543926239014,0.5,0.020641088485717773,C|Sub-1|AddA-14|InsA-0|Sub-9_ChB-2110|ChB-1407|Sub-12_ChB-703
C1=CN=C1,1,0,0.5,1.0,9.296620203268293e-19,3.701789617538452,1.0291854683796052e-38,3.701789617538452,0.5,0.027614831924438477,C|AddA-15|InsA-0|InsA-37_ChB-1407|RmA-1|AddA-9|ChB-1479
C1=PCC1,0,0,0.5,0.0,1.0,1.0042033195495605,1.0,1.0042033195495605,0.5,0.06424117088317871,C|AddA-15|Sub-8|ChB-1406|AddA-12|MoveFG-2|ChB-703_InsA-0
C1OS1,0,0,0.5,0.0,1.0,2.32413387298584,1.0,2.32413387298584,0.5,0.019193172454833984,C|Sub-1|AddA-15|AddA-14|Sub-0|Sub-13|Sub-18_ChB-740
FS(Cl)(Cl)Br,0,0,0.5,0.0,1.0,2.234846591949463,1.0,2.234846591949463,0.5,0.023149728775024414,C|Sub-1|AddA-15|AddA-14|Sub-0|Sub-5_AddA-11|AddA-14
C#SP,0,0,0.5,0.0,1.0,1.2326513528823853,1.0,1.2326513528823853,0.5,0.021497011184692383,C|AddA-15|Sub-8|ChB-2109|Sub-9|Sub-13|AddA-20
CCC(C)C(C)P,0,0,0.5,0.0,1.0,0.840622067451477,1.0,0.840622067451477,0.5,0.05504798889160156,C|AddA-15|Sub-8|InsA-0|InsA-37|MoveFG-41|InsA-2|InsA-73_AddA-44
N=CCS,0,0,0.5,0.0,1.0,1.140945315361023,1.0,1.140945315361023,0.5,0.1457509994506836,C|Sub-1|AddA-14|InsA-0|Sub-9_ChB-2110|ChB-1407|InsA-37_Sub-13
C=CCN,0,0,0.5,0.0,1.0,0.9925811290740967,1.0,0.9925811290740967,0.5,0.04391121864318848,C|AddA-15|InsA-0|InsA-37_ChB-1407|RmA-1|AddA-9|MoveFG-78
CCCCF,0,0,0.5,0.0,1.0,1.0330997705459595,1.0,1.0330997705459595,0.5,0.04465889930725098,C|Sub-1|AddA-12|Sub-11_AddA-13|CutA-0|AddA-16_MoveFG-2|InsA-37_Sub-8|InsA-38
CS1(C)CC1,0,0,0.5,0.0,1.0,0.9177461862564087,1.0,0.9177461862564087,0.5,0.04133105278015137,C|AddA-15|Sub-8|InsA-0|InsA-37|MoveFG-41|InsA-2|ChB-705_Sub-29
ON=NF,1,0,0.5,0.0,1.0,2.040945529937744,1.0,2.040945529937744,0.5,0.01783013343811035,C|Sub-1|AddA-12|AddA-11_Sub-9|ChB-1406|AddA-18_AddA-35|RmA-4
FN=NSF,0,0,0.5,0.0,1.0,2.174896478652954,1.0,2.174896478652954,0.5,0.020489931106567383,C|Sub-1|AddA-12|AddA-11_Sub-9|ChB-1406|AddA-18_AddA-35|RmA-4|AddA-35_Sub-29
ONS,0,0,0.5,0.0,1.0,1.974056601524353,1.0,1.974056601524353,0.5,0.023567914962768555,C|Sub-1|AddA-14|AddA-9_MoveFG-2|CutA-2_Sub-9|Sub-2_AddA-13|AddA-21_RmA-2
N=CNP,0,0,0.5,0.0,1.0,1.0054129362106323,1.0,1.0054129362106323,0.5,0.05997490882873535,C|Sub-1|AddA-14|InsA-0|Sub-9_ChB-2110|ChB-1407|AddA-20
C=CN,0,0,0.5,0.0,1.0,1.0045371055603027,1.0,1.0045371055603027,0.5,0.07117986679077148,C|AddA-15|InsA-0|InsA-37_ChB-1407|RmA-1|AddA-9|RmA-2
CCC(F)Br,0,0,0.5,0.0,1.0,1.4104288816452026,1.0,1.4104288816452026,0.5,0.035018205642700195,C|Sub-1|AddA-12|Sub-11_AddA-13|CutA-0|AddA-16_MoveFG-2|InsA-37_Sub-8|AddA-31
N=NCF,0,0,0.5,0.0,1.0,1.3061752319335938,1.0,1.3061752319335938,0.5,0.029850244522094727,C|Sub-1|AddA-12|AddA-11_Sub-9|ChB-1406|InsA-1
FN=NPF,0,0,0.5,0.0,1.0,1.6059818267822266,1.0,1.6059818267822266,0.5,0.018121957778930664,C|Sub-1|AddA-12|AddA-11_Sub-9|ChB-1406|AddA-18_AddA-35|Sub-28
N#CN=P,0,0,0.5,0.0,1.0,2.3121261596679688,1.0,2.3121261596679688,0.5,0.021522045135498047,C|Sub-1|AddA-14|InsA-0|Sub-9_ChB-2110|AddA-20|ChB-1444
C#S(=S)CCl,0,0,0.5,0.0,1.0,1.5941381454467773,1.0,1.5941381454467773,0.5,0.04012703895568848,C|AddA-13|AddA-21|Sub-19|Sub-22_ChB-2109|InsA-37_AddA-13|ChB-1445_ChB-3
C[SH](#CCF)NF,1,0,0.5,0.0,1.0,1.2528276443481445,1.0,1.2528276443481445,0.5,0.04706621170043945,C|AddA-13|AddA-21|Sub-19|InsA-0|InsA-37_AddA-17|InsA-39_ChB-2150|RmA-0_AddA-43
CS(F)(#CCF)N(F)S,0,0,0.5,0.0,1.0,1.7255902290344238,1.0,1.7255902290344238,0.5,0.04260516166687012,C|AddA-13|AddA-21|Sub-19|InsA-0|InsA-37_AddA-17|InsA-39_ChB-2150|RmA-0_AddA-43|AddA-45_AddA-11
N=[SH]P,0,0,0.5,0.0,1.0,1.1159446239471436,1.0,1.1159446239471436,0.5,0.03311514854431152,C|Sub-1|AddA-14|Sub-13|ChB-1406|AddA-20
NN=NF,0,0,0.5,0.0,1.0,1.707239031791687,1.0,1.707239031791687,0.5,0.026536941528320312,C|Sub-1|AddA-12|AddA-11_Sub-9|ChB-1406|AddA-17
NN(F)OF,0,0,0.5,0.0,1.0,2.3147811889648438,1.0,2.3147811889648438,0.5,0.052256107330322266,C|Sub-1|AddA-12|AddA-11_Sub-9|ChB-1406|AddA-18_AddA-35|ChB-703_MoveFG-39
NCNP,0,0,0.5,0.0,1.0,0.8279249668121338,1.0,0.8279249668121338,0.5,0.08021402359008789,C|Sub-1|AddA-14|InsA-0|Sub-9_ChB-2110|AddA-20|ChB-704
CS#CSCl,0,0,0.5,0.0,1.0,2.1023261547088623,1.0,2.1023261547088623,0.5,0.043623924255371094,C|AddA-13|AddA-21|Sub-19|Sub-22_ChB-2109|InsA-37_AddA-13|MoveFG-2778
CC[SH](#CCF)CN,0,0,0.5,0.0,1.0,1.1564990282058716,1.0,1.1564990282058716,0.5,0.0627281665802002,C|AddA-13|AddA-21|Sub-19|InsA-0|InsA-37_AddA-17|InsA-39_ChB-2150|InsA-40
CCCSS,0,0,0.5,0.0,1.0,1.3483346700668335,1.0,1.3483346700668335,0.5,0.046373844146728516,C|AddA-13|AddA-21|Sub-19|InsA-0|MoveFG-1444_Sub-21|InsA-0
CSNS,0,0,0.5,0.0,1.0,1.5418076515197754,1.0,1.5418076515197754,0.5,0.037782907485961914,C|AddA-13|ChB-1406_AddA-17|InsA-0|Sub-5|MoveFG-78
P=CCl,1,0,0.5,0.0,1.0,1.6021397113800049,1.0,1.6021397113800049,0.5,0.021822214126586914,C|Sub-1|AddA-15|AddA-14|Sub-0|Sub-13|Sub-12_ChB-1406
P=C(Cl)Br,0,0,0.5,0.0,1.0,2.075932025909424,1.0,2.075932025909424,0.5,0.020055055618286133,C|Sub-1|AddA-15|AddA-14|Sub-0|Sub-13|Sub-12_ChB-1406|AddA-15
CNC#N,0,0,0.5,0.0,1.0,1.1596980094909668,1.0,1.1596980094909668,0.5,0.0339510440826416,C|Sub-1|AddA-14|InsA-0|Sub-9_ChB-2110|AddA-20|Sub-24
CC[SH](Cl)#CCF,0,0,0.5,0.0,1.0,1.300303339958191,1.0,1.300303339958191,0.5,0.04797983169555664,C|AddA-13|AddA-21|Sub-19|InsA-0|InsA-37_AddA-17|InsA-39_ChB-2150|RmA-5_AddA-22
CC[SH](F)S,0,0,0.5,0.0,1.0,1.199209451675415,1.0,1.199209451675415,0.5,0.043914794921875,C|AddA-13|AddA-21|Sub-19|InsA-0|MoveFG-1444_Sub-21|AddA-19
N=C(S)S,0,0,0.5,0.0,1.0,1.453102946281433,1.0,1.453102946281433,0.5,0.0386810302734375,C|AddA-13|ChB-1406_AddA-17|InsA-0|Sub-5|ChB-1479_ChB-37
OC(S)Cl,0,0,0.5,0.0,1.0,1.291364073753357,1.0,1.291364073753357,0.5,0.03500676155090332,C|Sub-1|AddA-15|AddA-14|Sub-0|Sub-13|AddA-10
CSCBr,0,0,0.5,0.0,1.0,1.4104782342910767,1.0,1.4104782342910767,0.5,0.03330802917480469,C|AddA-15|Sub-5|InsA-0|MoveFG-1406|InsA-0
FN1CP1,0,0,0.5,0.0,1.0,1.7616757154464722,1.0,1.7616757154464722,0.5,0.03139495849609375,C|AddA-15|Sub-8|InsA-0|ChB-2109|Sub-5_ChB-0|AddA-27|ChB-703|Sub-4_Sub-17
NOC(S)Cl,0,0,0.5,0.0,1.0,1.2701010704040527,1.0,1.2701010704040527,0.5,0.035189151763916016,C|Sub-1|AddA-14|AddA-9_MoveFG-2|CutA-2_Sub-9|Sub-2_AddA-13|InsA-1_AddA-38
CCPF,1,0,0.5,0.0,1.0,0.9941556453704834,1.0,0.9941556453704834,0.5,0.03757309913635254,C|Sub-1|AddA-15|Sub-2|AddA-8_Sub-12|AddA-30|Sub-4_RmA-3|MoveFG-39_CutA-1|InsA-0|AddA-15_Sub-27
CPCF,0,0,0.5,0.0,1.0,0.9562704563140869,1.0,0.9562704563140869,0.5,0.03227591514587402,C|Sub-1|AddA-15|Sub-2|AddA-8_Sub-12|AddA-30|Sub-4_RmA-3|MoveFG-39_CutA-1|InsA-0|AddA-15_Sub-27|CutA-2_InsA-1
CC1=CN1F,0,0,0.5,0.0,1.0,1.661463975906372,1.0,1.661463975906372,0.5,0.03588604927062988,C|AddA-13|AddA-21|Sub-19|InsA-0|MoveFG-77_Sub-9|ChB-1408_AddA-32
ClCSCl,0,0,0.5,0.0,1.0,1.6715787649154663,1.0,1.6715787649154663,0.5,0.021678924560546875,C|Sub-1|AddA-15|AddA-14|Sub-0|Sub-13|AddA-22
CPC(Br)OCCl,0,0,0.5,0.0,1.0,1.4163951873779297,1.0,1.4163951873779297,0.5,0.04299807548522949,C|Sub-1|AddA-15|Sub-2|AddA-8_Sub-12|AddA-30|InsA-0|AddA-23|InsA-40_MoveFG-120
CNNN,0,0,0.5,0.0,1.0,1.1168982982635498,1.0,1.1168982982635498,0.5,0.04793190956115723,C|Sub-1|AddA-14|AddA-9_MoveFG-2|CutA-2_Sub-9|AddA-17_AddA-8
NOCS,0,0,0.5,0.0,1.0,1.0007857084274292,1.0,1.0007857084274292,0.5,0.03902697563171387,C|Sub-1|AddA-14|AddA-9_MoveFG-2|CutA-2_Sub-9|Sub-2_AddA-13|InsA-1
CCPN,0,0,0.5,0.0,1.0,0.7812214493751526,1.0,0.7812214493751526,0.5,0.059182167053222656,C|Sub-1|AddA-15|Sub-2|AddA-8_Sub-12|AddA-30|Sub-4_RmA-3|MoveFG-39_CutA-1|InsA-0|AddA-9
COOF,0,0,0.5,0.0,1.0,2.050703525543213,1.0,2.050703525543213,0.5,0.026215076446533203,C|AddA-15|Sub-8|Sub-3|AddA-18|MoveFG-2_Sub-10|AddA-16
C1CSC1,0,0,0.5,0.0,1.0,1.1610161066055298,1.0,1.1610161066055298,0.5,0.03844189643859863,C|AddA-13|InsA-0_InsA-37|ChB-2147_InsA-73|MoveFG-4104_ChB-742|CutA-3
Br[SH]1CCS1,1,0,0.5,0.0,1.0,2.0676450729370117,1.0,2.0676450729370117,0.5,0.032835960388183594,C|AddA-13|AddA-21|MoveFG-1406|AddA-19_ChB-1443|InsA-0_InsA-37|Sub-31_CutA-5
Br[SH]1CC1,0,0,0.5,0.0,1.0,1.6273494958877563,1.0,1.6273494958877563,0.5,0.028705120086669922,C|AddA-13|AddA-21|MoveFG-1406|AddA-19_ChB-1443|InsA-0_InsA-37|Sub-31_CutA-5|CutA-2
CC[SH](C)F,0,0,0.5,0.0,1.0,0.9895350933074951,1.0,0.9895350933074951,0.5,0.042688846588134766,C|AddA-13|AddA-21|Sub-19|InsA-0|InsA-37_AddA-17|InsA-74_CutA-3|Sub-35_RmA-2
OCPS,0,0,0.5,0.0,1.0,0.952287495136261,1.0,0.952287495136261,0.5,0.03543686866760254,C|Sub-1|AddA-14|Sub-5|Sub-10_InsA-0|AddA-28_MoveFG-41
NN(F)CBr,0,0,0.5,0.0,1.0,1.6270381212234497,1.0,1.6270381212234497,0.5,0.031266212463378906,C|AddA-13|AddA-21|Sub-19|InsA-0|MoveFG-77_Sub-9|Sub-1_AddA-39
FPCl,0,0,0.5,0.0,1.0,1.175308346748352,1.0,1.175308346748352,0.5,0.0175168514251709,C|Sub-1|AddA-15|AddA-14|Sub-0|CutA-0_Sub-3|Sub-4|AddA-15_Sub-19
CCN(F)S,0,0,0.5,0.0,1.0,1.7196128368377686,1.0,1.7196128368377686,0.5,0.035964250564575195,C|AddA-13|ChB-1406_AddA-17|InsA-0|AddA-35_MoveFG-1446|MoveFG-4106
FCCC1P=[SH]1,0,0,0.5,0.0,1.0,1.2377958297729492,1.0,1.2377958297729492,0.5,0.040013790130615234,C|AddA-13|AddA-21|Sub-19|InsA-0|AddA-36_MoveFG-1406|InsA-2_ChB-1445
CCCSCCl,0,0,0.5,0.0,1.0,1.1336936950683594,1.0,1.1336936950683594,0.5,0.04618096351623535,C|AddA-13|AddA-21|Sub-19|Sub-22_ChB-2109|InsA-37|InsA-0_InsA-39
FCC(F)S,0,0,0.5,0.0,1.0,1.173081874847412,1.0,1.173081874847412,0.5,0.06481218338012695,C|AddA-13|InsA-0_InsA-37|InsA-73_Sub-17|RmA-0_Sub-11|AddA-27
FN1CCSC1,1,0,0.5,0.0,1.0,2.176830291748047,1.0,2.176830291748047,0.5,0.04415106773376465,C|AddA-13|AddA-21|MoveFG-1406|AddA-19_ChB-1443|InsA-0_InsA-37|Sub-9
CSCN(C)F,0,0,0.5,0.0,1.0,1.1700059175491333,1.0,1.1700059175491333,0.5,0.04674577713012695,C|AddA-13|AddA-21|MoveFG-1406|AddA-19_ChB-1443|InsA-0_InsA-37|Sub-9|ChB-3
O=P,0,0,0.5,0.0,1.0,1.75850248336792,1.0,1.75850248336792,0.5,0.014889955520629883,C|Sub-1|AddA-15|AddA-14|Sub-0|CutA-0_Sub-3|Sub-4|Sub-10_ChB-1406
CCC1C#S1,0,0,0.5,0.0,1.0,1.580979347229004,1.0,1.580979347229004,0.5,0.049707889556884766,C|AddA-13|InsA-0_InsA-37|ChB-2147_InsA-73|CutA-4_MoveFG-2775|InsA-1_ChB-776
OC(F)S,0,0,0.5,0.0,1.0,1.4107391834259033,1.0,1.4107391834259033,0.5,0.04058074951171875,C|AddA-15|Sub-8|Sub-3|AddA-18|MoveFG-2|AddA-21_MoveFG-39
CC(F)C(C)Br,0,0,0.5,0.0,1.0,1.3613336086273193,1.0,1.3613336086273193,0.5,0.0744168758392334,C|AddA-15|InsA-0|InsA-37_ChB-1407|InsA-1_InsA-38|CutA-4_AddA-40|CutA-2_AddA-27
C#CCl,0,0,0.5,0.0,1.0,2.0149145126342773,1.0,2.0149145126342773,0.5,0.016891956329345703,C|Sub-1|AddA-14|InsA-0|RmA-0|InsA-0|ChB-2146
S[SH]1CO1,0,0,0.5,0.0,1.0,1.7547849416732788,1.0,1.7547849416732788,0.5,0.037761688232421875,C|Sub-1|AddA-14|Sub-5|Sub-10_InsA-0|ChB-703_AddA-13
FN1C=C1,0,0,0.5,0.0,1.0,1.692191243171692,1.0,1.692191243171692,0.5,0.04079604148864746,C|AddA-13|AddA-21|Sub-19|InsA-0|MoveFG-77_Sub-9|ChB-1408
FCP,0,0,0.5,0.0,1.0,0.9331979751586914,1.0,0.9331979751586914,0.5,0.029335975646972656,C|Sub-1|AddA-15|AddA-14|Sub-0|CutA-0_Sub-3|Sub-8_AddA-20
CPCl,1,0,0.5,0.0,1.0,1.0241672992706299,1.0,1.0241672992706299,0.5,0.039312124252319336,C|Sub-1|AddA-15|Sub-2|AddA-8_Sub-12|AddA-30|Sub-4_RmA-3|MoveFG-39_CutA-1|InsA-0|CutA-2_AddA-14
C=PBr,0,0,0.5,0.0,1.0,1.8322397470474243,1.0,1.8322397470474243,0.5,0.021094083786010742,C|Sub-1|AddA-15|Sub-2|AddA-8_Sub-12|AddA-30|Sub-4_RmA-3|MoveFG-39_CutA-1|InsA-0|CutA-2_AddA-14|ChB-1406_Sub-23
COCSCl,0,0,0.5,0.0,1.0,1.5894795656204224,1.0,1.5894795656204224,0.5,0.033968210220336914,C|Sub-1|AddA-14|Sub-5|Sub-10_InsA-0|AddA-16_AddA-14
OSCl,0,0,0.5,0.0,1.0,2.1970582008361816,1.0,2.1970582008361816,0.5,0.0177001953125,C|AddA-13|AddA-21|Sub-19|Sub-22_ChB-2109|ChB-1406|ChB-703_Sub-2
CC1=PCC1CF,0,0,0.5,0.0,1.0,1.0883104801177979,1.0,1.0883104801177979,0.5,0.04842996597290039,C|AddA-15|Sub-8|InsA-0|InsA-37|AddA-28|ChB-1514|InsA-74|AddA-11
CCCSCC,0,0,0.5,0.0,1.0,0.9681471586227417,1.0,0.9681471586227417,0.5,0.06723713874816895,C|AddA-13|InsA-0_InsA-37|ChB-2147_InsA-73|CutA-4_MoveFG-2775|InsA-38_InsA-108
COCF,0,0,0.5,0.0,1.0,1.0619392395019531,1.0,1.0619392395019531,0.5,0.038780927658081055,C|AddA-15|Sub-8|Sub-3|AddA-18|MoveFG-2|InsA-1
CCCC(C)(N)Br,0,0,0.5,0.0,1.0,1.3384298086166382,1.0,1.3384298086166382,0.5,0.0878598690032959,C|AddA-15|InsA-0|InsA-37_ChB-1407|InsA-1_InsA-38|CutA-4_AddA-40|AddA-41
CC(N)Cl,0,0,0.5,0.0,1.0,0.955586850643158,1.0,0.955586850643158,0.5,0.0412600040435791,C|Sub-1|AddA-14|InsA-0|RmA-0|InsA-0|AddA-25
CCCN(C)F,0,0,0.5,0.0,1.0,1.1868993043899536,1.0,1.1868993043899536,0.5,0.0518488883972168,C|AddA-13|AddA-21|Sub-19|InsA-0|MoveFG-77_Sub-9|InsA-38_InsA-39
N=P,1,0,0.5,0.0,1.0,1.263755440711975,1.0,1.263755440711975,0.5,0.017920732498168945,C|Sub-1|AddA-14|Sub-13|ChB-1406|Sub-12
P=P,0,0,0.5,0.0,1.0,1.1445038318634033,1.0,1.1445038318634033,0.5,0.017876148223876953,C|Sub-1|AddA-14|Sub-13|ChB-1406|Sub-12|Sub-4
C#SCCC,0,0,0.5,0.0,1.0,1.1679770946502686,1.0,1.1679770946502686,0.5,0.04256796836853027,C|AddA-13|InsA-0_InsA-37|ChB-2147_InsA-73|CutA-4_MoveFG-2775|InsA-37
C#CCP,0,0,0.5,0.0,1.0,1.0501298904418945,1.0,1.0501298904418945,0.5,0.03900003433227539,C|AddA-15|Sub-8|ChB-2109|AddA-19|ChB-703_MoveFG-1406|ChB-2109_Sub-20|MoveFG-39_InsA-37
OC(F)Br,0,0,0.5,0.0,1.0,1.9699231386184692,1.0,1.9699231386184692,0.5,0.018883943557739258,C|Sub-1|AddA-15|Sub-7_RmA-1|AddA-11|InsA-0|AddA-26
N=[SH]Cl,0,0,0.5,0.0,1.0,1.8878283500671387,1.0,1.8878283500671387,0.5,0.01653599739074707,C|Sub-1|AddA-14|Sub-13|ChB-1406|AddA-22
C[SH](F)Cl,0,0,0.5,0.0,1.0,1.1739989519119263,1.0,1.1739989519119263,0.5,0.03363776206970215,C|AddA-13|AddA-21|Sub-19|Sub-22_ChB-2109|ChB-1406|InsA-0_CutA-3|AddA-19
P=[SH]Cl,0,0,0.5,0.0,1.0,1.7395358085632324,1.0,1.7395358085632324,0.5,0.027546167373657227,C|AddA-13|AddA-21|Sub-19|Sub-22_ChB-2109|ChB-1406|Sub-4
FC1C=[SH]1,0,0,0.5,0.0,1.0,1.5219511985778809,1.0,1.5219511985778809,0.5,0.038060903549194336,C|AddA-13|AddA-21|MoveFG-1406|AddA-19_ChB-1443|MoveFG-1444|Sub-16
FCOF,0,0,0.5,0.0,1.0,1.3624305725097656,1.0,1.3624305725097656,0.5,0.0215151309967041,C|AddA-15|Sub-8|Sub-3|AddA-18|MoveFG-2|AddA-19
ClPCl,1,0,0.5,0.0,1.0,1.3476252555847168,1.0,1.3476252555847168,0.5,0.017314910888671875,C|Sub-1|AddA-14|InsA-0|RmA-0|AddA-22|Sub-12
ClCPCl,0,0,0.5,0.0,1.0,1.199061393737793,1.0,1.199061393737793,0.5,0.024404048919677734,C|Sub-1|AddA-14|InsA-0|RmA-0|AddA-22|Sub-12|InsA-37
PP,0,0,0.5,0.0,1.0,0.6577930450439453,1.0,0.6577930450439453,0.5,0.021997928619384766,C|Sub-1|AddA-15|AddA-14|Sub-0|CutA-0_Sub-3|Sub-4|Sub-12
O=CF,0,0,0.5,0.0,1.0,1.8969920873641968,1.0,1.8969920873641968,0.5,0.01801133155822754,C|AddA-15|Sub-8|Sub-3|AddA-18|ChB-1443_CutA-1|InsA-0_ChB-1443
FC(CC#[SH])C(S)Br,0,0,0.5,0.0,1.0,1.4223982095718384,1.0,1.4223982095718384,0.5,0.037055015563964844,C|AddA-15|InsA-0|InsA-37_ChB-1407|InsA-1_InsA-38|AddA-35_ChB-2112|AddA-53_Sub-5
ClOCl,0,0,0.5,0.0,1.0,2.2588179111480713,1.0,2.2588179111480713,0.5,0.015164852142333984,C|Sub-1|AddA-14|InsA-0|RmA-0|AddA-22|Sub-10
N[SH](S)Br,0,0,0.5,0.0,1.0,1.8808104991912842,1.0,1.8808104991912842,0.5,0.03484702110290527,C|Sub-1|AddA-14|Sub-5|AddA-9|AddA-15_Sub-13
C#SCP,0,0,0.5,0.0,1.0,1.1410619020462036,1.0,1.1410619020462036,0.5,0.0316319465637207,C|AddA-15|Sub-8|ChB-2109|AddA-19|ChB-703_MoveFG-1406|ChB-2109_Sub-20|Sub-5_InsA-1
FC(F)CBr,0,0,0.5,0.0,1.0,1.3805543184280396,1.0,1.3805543184280396,0.5,0.02765798568725586,C|Sub-1|AddA-15|Sub-7_RmA-1|AddA-11|InsA-0|InsA-37_AddA-35
ClCOPBr,0,0,0.5,0.0,1.0,1.6955859661102295,1.0,1.6955859661102295,0.5,0.031588077545166016,C|Sub-1|AddA-15|Sub-2|AddA-8_Sub-12|AddA-30|InsA-0|AddA-23|CutA-4
CCSCl,1,0,0.5,0.0,1.0,1.6257110834121704,1.0,1.6257110834121704,0.5,0.02870011329650879,C|AddA-13|AddA-21|Sub-19|Sub-22_ChB-2109|ChB-1406|InsA-0_CutA-3|InsA-0
C#CCSCl,0,0,0.5,0.0,1.0,1.6561559438705444,1.0,1.6561559438705444,0.5,0.03312087059020996,C|AddA-13|AddA-21|Sub-19|Sub-22_ChB-2109|ChB-1406|InsA-0_CutA-3|InsA-0|ChB-2111_InsA-38
C=NCS,0,0,0.5,0.0,1.0,1.3034601211547852,1.0,1.3034601211547852,0.5,0.03840208053588867,C|Sub-1|AddA-14|InsA-0|MoveFG-1406|ChB-1407|Sub-13_InsA-0
OCCCCCC(S)Br,0,0,0.5,0.0,1.0,1.4598417282104492,1.0,1.4598417282104492,0.5,0.07164692878723145,C|AddA-15|InsA-0|InsA-37_ChB-1407|InsA-1_InsA-38|InsA-73|AddA-10_AddA-53
c1c[pH]o1,0,0,0.5,0.0,1.0,0.9403277635574341,1.0,0.9403277635574341,0.5,0.03352212905883789,C|AddA-15|Sub-8|ChB-1406|AddA-12|ChB-740|InsA-0|Sub-10_ChB-1408
FOCl,0,0,0.5,0.0,1.0,2.158938407897949,1.0,2.158938407897949,0.5,0.014435291290283203,C|AddA-15|Sub-8|Sub-3|AddA-18|ChB-1443_CutA-1|AddA-22
C#CC(F)CBr,0,0,0.5,0.0,1.0,1.405123233795166,1.0,1.405123233795166,0.5,0.03619885444641113,C|AddA-15|InsA-0|InsA-37_ChB-1407|InsA-1_InsA-38|AddA-35_ChB-2112|CutA-2
SC(Cl)Cl,0,0,0.5,0.0,1.0,1.3677167892456055,1.0,1.3677167892456055,0.5,0.01943683624267578,C|Sub-1|AddA-14|InsA-0|RmA-0|AddA-22|AddA-22_Sub-5
NP1CC1,0,0,0.5,0.0,1.0,0.7874125242233276,1.0,0.7874125242233276,0.5,0.032991886138916016,C|AddA-15|Sub-8|ChB-1406|AddA-12|ChB-740|InsA-0|CutA-1_AddA-17
C#CC(P)Cl,0,0,0.5,0.0,1.0,1.225545883178711,1.0,1.225545883178711,0.5,0.0345919132232666,C|AddA-15|Sub-8|ChB-2109|AddA-19|ChB-703_MoveFG-1406|ChB-2109_Sub-20|InsA-1_AddA-38
FCCBr,1,0,0.5,0.0,1.0,1.3546289205551147,1.0,1.3546289205551147,0.5,0.029536008834838867,C|Sub-1|AddA-15|Sub-7_RmA-1|AddA-11|InsA-0|InsA-1
FCCCBr,0,0,0.5,0.0,1.0,1.3645635843276978,1.0,1.3645635843276978,0.5,0.03613996505737305,C|Sub-1|AddA-15|Sub-7_RmA-1|AddA-11|InsA-0|InsA-1|InsA-73
NC(F)=CP,0,0,0.5,0.0,1.0,1.185023307800293,1.0,1.185023307800293,0.5,0.032129764556884766,C|AddA-15|Sub-8|ChB-2109|AddA-19|ChB-703_MoveFG-1406|AddA-20|ChB-1406_AddA-9
OPPBr,0,0,0.5,0.0,1.0,1.5283887386322021,1.0,1.5283887386322021,0.5,0.02510213851928711,C|AddA-15|Sub-5|Sub-4|AddA-12|AddA-26
N#SS,0,0,0.5,0.0,1.0,1.809751272201538,1.0,1.809751272201538,0.5,0.017249107360839844,C|Sub-1|AddA-14|Sub-13|ChB-2109|AddA-21
CC(N)NCl,0,0,0.5,0.0,1.0,1.2420333623886108,1.0,1.2420333623886108,0.5,0.04159808158874512,C|Sub-1|AddA-14|InsA-0|MoveFG-1406|ChB-1407|InsA-1_AddA-33
NC#CO,0,0,0.5,0.0,1.0,1.2550731897354126,1.0,1.2550731897354126,0.5,0.02891397476196289,C|AddA-15|Sub-8|Sub-3|InsA-0_ChB-1443|ChB-2146_Sub-2|MoveFG-39_AddA-25
ClC(CCBr)CCCBr,0,0,0.5,0.0,1.0,1.5067634582519531,1.0,1.5067634582519531,0.5,0.0689079761505127,C|AddA-15|InsA-0|InsA-37_ChB-1407|InsA-1_InsA-38|InsA-73|AddA-15_AddA-62
FOCOP,0,0,0.5,0.0,1.0,1.3031195402145386,1.0,1.3031195402145386,0.5,0.08768796920776367,C|AddA-15|Sub-8|Sub-3|AddA-18|ChB-1443_CutA-1|InsA-0_AddA-26|MoveFG-41_AddA-20
C#CCC(F)CCBr,0,0,0.5,0.0,1.0,1.3245513439178467,1.0,1.3245513439178467,0.5,0.05965614318847656,C|AddA-15|InsA-0|InsA-37_ChB-1407|InsA-1_InsA-38|AddA-35_ChB-2112|InsA-40
PC(Cl)Cl,1,0,0.5,0.0,1.0,1.2223566770553589,1.0,1.2223566770553589,0.5,0.030725955963134766,C|Sub-1|AddA-14|InsA-0|RmA-0|AddA-22|AddA-20
CC(P)Cl,0,0,0.5,0.0,1.0,0.9769871830940247,1.0,0.9769871830940247,0.5,0.0385129451751709,C|Sub-1|AddA-14|InsA-0|RmA-0|AddA-22|AddA-20|Sub-16
OC#SO,0,0,0.5,0.0,1.0,1.6919535398483276,1.0,1.6919535398483276,0.5,0.02010202407836914,C|AddA-15|Sub-8|Sub-3|InsA-0_ChB-1443|ChB-2146_Sub-2|AddA-18_Sub-21
BrCOBr,0,0,0.5,0.0,1.0,1.9644242525100708,1.0,1.9644242525100708,0.5,0.04017496109008789,C|AddA-15|Sub-5|AddA-9|Sub-2|InsA-0_Sub-23
FC#CCCl,0,0,0.5,0.0,1.0,1.4952914714813232,1.0,1.4952914714813232,0.5,0.031935930252075195,C|AddA-15|Sub-8|ChB-2109|AddA-19|InsA-37_MoveFG-2774|AddA-38
FCCCP,0,0,0.5,0.0,1.0,0.9921800494194031,1.0,0.9921800494194031,0.5,0.04827880859375,C|AddA-15|Sub-8|ChB-2109|AddA-19|ChB-703_MoveFG-1406|AddA-20|InsA-0
OPNF,0,0,0.5,0.0,1.0,1.18558931350708,1.0,1.18558931350708,0.5,0.04569697380065918,C|Sub-1|AddA-15|Sub-7_RmA-1|AddA-11|Sub-1|AddA-12_AddA-26
BrPBr,0,0,0.5,0.0,1.0,1.791072964668274,1.0,1.791072964668274,0.5,0.018924951553344727,C|AddA-15|Sub-5|Sub-4|AddA-12|Sub-23
SCNBr,0,0,0.5,0.0,1.0,1.5456568002700806,1.0,1.5456568002700806,0.5,0.030810117721557617,C|Sub-1|AddA-14|Sub-13|ChB-2109|InsA-0_AddA-15
N=CCCl,0,0,0.5,0.0,1.0,1.213614821434021,1.0,1.213614821434021,0.5,0.031768798828125,C|Sub-1|AddA-14|InsA-0|MoveFG-1406|ChB-1407|MoveFG-2_InsA-37
CCCCCCCBr,1,0,0.5,0.0,1.0,1.376367449760437,1.0,1.376367449760437,0.5,0.07713794708251953,C|AddA-15|InsA-0|InsA-37_ChB-1407|InsA-1_InsA-38|InsA-73|InsA-110
CC1=C(CCCBr)C1,0,0,0.5,0.0,1.0,1.1362407207489014,1.0,1.1362407207489014,0.5,0.07579898834228516,C|AddA-15|InsA-0|InsA-37_ChB-1407|InsA-1_InsA-38|InsA-73|InsA-110|ChB-1549
PCPBr,0,0,0.5,0.0,1.0,1.4108814001083374,1.0,1.4108814001083374,0.5,0.03389382362365723,C|AddA-15|Sub-5|Sub-4|AddA-12|InsA-1
SCC#SCS,0,0,0.5,0.0,1.0,1.2259032726287842,1.0,1.2259032726287842,0.5,0.04308605194091797,C|AddA-13|AddA-21|MoveFG-1406|ChB-2110_InsA-0|InsA-2|AddA-45_MoveFG-4106
CCNO,0,0,0.5,0.0,1.0,1.3382264375686646,1.0,1.3382264375686646,0.5,0.033360958099365234,C|Sub-1|AddA-8|AddA-10_Sub-17|AddA-16|Sub-18
NC(S)Br,0,0,0.5,0.0,1.0,1.6104413270950317,1.0,1.6104413270950317,0.5,0.0753481388092041,C|AddA-15|Sub-5|AddA-9|InsA-0|MoveFG-41
ONBr,0,0,0.5,0.0,1.0,2.1025230884552,1.0,2.1025230884552,0.5,0.02266097068786621,C|AddA-15|Sub-5|AddA-9|Sub-2|MoveFG-2
C#CC,0,0,0.5,0.0,1.0,1.1022266149520874,1.0,1.1022266149520874,0.5,0.027405261993408203,C|AddA-15|Sub-8|ChB-2109|AddA-19|InsA-37_MoveFG-2774|RmA-2
FCC1=NP1,0,0,0.5,0.0,1.0,1.5984610319137573,1.0,1.5984610319137573,0.5,0.029332876205444336,C|AddA-15|Sub-8|ChB-2109|AddA-19|ChB-703_MoveFG-1406|AddA-20|AddA-33_ChB-1445
FNF,0,0,0.5,0.0,1.0,1.574805498123169,1.0,1.574805498123169,0.5,0.018344402313232422,C|Sub-1|AddA-15|Sub-7_RmA-1|AddA-11|Sub-1|AddA-11
P#[SH],1,0,0.5,0.0,1.0,1.6165575981140137,1.0,1.6165575981140137,0.5,0.016642093658447266,C|Sub-1|AddA-14|Sub-13|ChB-2109|Sub-4
C=PPS,0,0,0.5,0.0,1.0,1.0955415964126587,1.0,1.0955415964126587,0.5,0.03056931495666504,C|AddA-15|Sub-8|ChB-1406|AddA-12|MoveFG-2|AddA-12_CutA-0|AddA-29
BrC=CBr,0,0,0.5,0.0,1.0,2.0133140087127686,1.0,2.0133140087127686,0.5,0.018528223037719727,C|AddA-15|AddA-12|Sub-16_AddA-29|ChB-1407|Sub-24_Sub-31
NC#CCl,0,0,0.5,0.0,1.0,1.7526800632476807,1.0,1.7526800632476807,0.5,0.018102645874023438,C|Sub-1|AddA-14|InsA-0|MoveFG-1406|InsA-1|ChB-2182_MoveFG-2
OCCF,0,0,0.5,0.0,1.0,1.104159951210022,1.0,1.104159951210022,0.5,0.03157186508178711,C|AddA-15|Sub-8|Sub-3|InsA-0_ChB-1443|AddA-17|ChB-740_Sub-26
CC(F)P,0,0,0.5,0.0,1.0,0.9449349045753479,1.0,0.9449349045753479,0.5,0.03231000900268555,C|AddA-13|InsA-0_InsA-37|Sub-21_AddA-36|CutA-2|Sub-11
FCSCPCl,0,0,0.5,0.0,1.0,1.1599255800247192,1.0,1.1599255800247192,0.5,0.03826117515563965,C|AddA-15|Sub-5|AddA-9|ChB-2110_Sub-11|InsA-1_AddA-30|Sub-20_InsA-0
CC(N)CS,0,0,0.5,0.0,1.0,0.9199180006980896,1.0,0.9199180006980896,0.5,0.07284688949584961,C|AddA-13|AddA-21|MoveFG-1406|ChB-2110_InsA-0|InsA-2|AddA-41_RmA-2
SS1=CC1Br,0,0,0.5,0.0,1.0,1.6658233404159546,1.0,1.6658233404159546,0.5,0.029011249542236328,C|AddA-15|AddA-12|Sub-16_AddA-29|ChB-705|ChB-1479_AddA-37
OC(Cl)CF,0,0,0.5,0.0,1.0,1.2148154973983765,1.0,1.2148154973983765,0.5,0.04062294960021973,C|AddA-15|Sub-8|InsA-0|InsA-37|MoveFG-41|InsA-2|Sub-3|Sub-18_Sub-14
CCCC(C)Cl,0,0,0.5,0.0,1.0,0.9938917756080627,1.0,0.9938917756080627,0.5,0.06585907936096191,C|AddA-15|Sub-8|InsA-0|InsA-37|MoveFG-41|InsA-2|MoveFG-4106_AddA-38
FC1=[SH]C1,0,0,0.5,0.0,1.0,1.3084988594055176,1.0,1.3084988594055176,0.5,0.04233384132385254,C|AddA-15|Sub-8|InsA-0|ChB-2109|Sub-5_ChB-0|AddA-27|ChB-703|ChB-1407
PCC1=PP1,0,0,0.5,0.0,1.0,1.2504727840423584,1.0,1.2504727840423584,0.5,0.03835797309875488,C|AddA-15|Sub-8|ChB-1406|AddA-12|ChB-740|Sub-12|AddA-12_InsA-2
C=PO,0,0,0.5,0.0,1.0,1.2698242664337158,1.0,1.2698242664337158,0.5,0.023723125457763672,C|AddA-15|Sub-8|ChB-1406|AddA-12|MoveFG-2|Sub-2
CSSCl,0,0,0.5,0.0,1.0,1.9081475734710693,1.0,1.9081475734710693,0.5,0.04053521156311035,C|AddA-15|AddA-12|Sub-16_AddA-29|Sub-9_AddA-38|Sub-21_RmA-1
N=NCN,0,0,0.5,0.0,1.0,1.187161922454834,1.0,1.187161922454834,0.5,0.04077506065368652,C|Sub-1|AddA-8|AddA-10_Sub-17|Sub-9_ChB-1406|InsA-1
NC(S)(Cl)OCP,0,0,0.5,0.0,1.0,1.1925129890441895,1.0,1.1925129890441895,0.5,0.08204293251037598,C|Sub-1|AddA-15|Sub-2|AddA-8_Sub-12|AddA-30|InsA-0|AddA-29|AddA-25
C=CNCl,0,0,0.5,0.0,1.0,1.3058172464370728,1.0,1.3058172464370728,0.5,0.050942182540893555,C|AddA-15|Sub-8|Sub-3|InsA-0_ChB-1443|AddA-17|MoveFG-41_Sub-6
CC1P=[SH]1,0,0,0.5,0.0,1.0,1.1856690645217896,1.0,1.1856690645217896,0.5,0.035253286361694336,C|AddA-13|InsA-0_InsA-37|Sub-21_AddA-36|CutA-2|ChB-1444
F[SH](F)CCl,0,0,0.5,0.0,1.0,1.2775834798812866,1.0,1.2775834798812866,0.5,0.029022932052612305,C|AddA-15|Sub-5|AddA-9|ChB-2110_Sub-11|InsA-1_AddA-30|CutA-2_AddA-11
CCNS#[SH],1,0,0.5,0.0,1.0,1.1590458154678345,1.0,1.1590458154678345,0.5,0.038523197174072266,C|AddA-13|AddA-21|MoveFG-1406|ChB-2110_InsA-0|InsA-2|MoveFG-39_Sub-25
CCNCS#[SH],0,0,0.5,0.0,1.0,1.1683562994003296,1.0,1.1683562994003296,0.5,0.058576107025146484,C|AddA-13|AddA-21|MoveFG-1406|ChB-2110_InsA-0|InsA-2|MoveFG-39_Sub-25|InsA-38
NP(P)Br,0,0,0.5,0.0,1.0,1.4535664319992065,1.0,1.4535664319992065,0.5,0.032958030700683594,C|AddA-15|Sub-5|Sub-4|AddA-12|AddA-9
CC=P,0,0,0.5,0.0,1.0,0.9810536503791809,1.0,0.9810536503791809,0.5,0.030810832977294922,C|AddA-15|InsA-0|InsA-37_ChB-1407|CutA-3|Sub-4|InsA-37_RmA-1
FCCNPBr,0,0,0.5,0.0,1.0,1.579517126083374,1.0,1.579517126083374,0.5,0.038900136947631836,C|AddA-15|Sub-8|Sub-3|AddA-17|InsA-37_AddA-31|AddA-28_MoveFG-2817
CCSCCl,0,0,0.5,0.0,1.0,1.126908302307129,1.0,1.126908302307129,0.5,0.058354854583740234,C|AddA-13|InsA-0_InsA-37|AddA-32|Sub-21_RmA-1|Sub-30_InsA-0
NC(Cl)Br,0,0,0.5,0.0,1.0,1.5670500993728638,1.0,1.5670500993728638,0.5,0.03532695770263672,C|Sub-1|AddA-15|AddA-14|Sub-0|AddA-11|AddA-9_RmA-3
CPBr,0,0,0.5,0.0,1.0,1.3923976421356201,1.0,1.3923976421356201,0.5,0.03032231330871582,C|AddA-15|Sub-5|Sub-4|AddA-14|AddA-8|RmA-2
SPCl,0,0,0.5,0.0,1.0,1.1590051651000977,1.0,1.1590051651000977,0.5,0.03449296951293945,C|AddA-15|Sub-5|Sub-4|AddA-14|Sub-13
CNS,0,0,0.5,0.0,1.0,1.007760763168335,1.0,1.007760763168335,0.5,0.027013063430786133,C|Sub-1|AddA-14|Sub-13|AddA-16|MoveFG-1406
CCNS,1,0,0.5,0.0,1.0,0.9966052174568176,1.0,0.9966052174568176,0.5,0.036151885986328125,C|Sub-1|AddA-14|InsA-0|MoveFG-1406|InsA-1|Sub-13
CCCNS,0,0,0.5,0.0,1.0,0.9921663403511047,1.0,0.9921663403511047,0.5,0.03569793701171875,C|Sub-1|AddA-14|InsA-0|MoveFG-1406|InsA-1|Sub-13|InsA-2
CC(O)(P)S,0,0,0.5,0.0,1.0,0.9321088790893555,1.0,0.9321088790893555,0.5,0.042613983154296875,C|AddA-13|InsA-0_InsA-37|Sub-21_AddA-36|AddA-34|CutA-2
OC#[SH],0,0,0.5,0.0,1.0,1.5458322763442993,1.0,1.5458322763442993,0.5,0.020510196685791016,C|AddA-13|AddA-21|MoveFG-1406|ChB-2110_InsA-0|ChB-2147_RmA-2|Sub-2
CCS#[SH]=P,0,0,0.5,0.0,1.0,1.252286434173584,1.0,1.252286434173584,0.5,0.042084693908691406,C|AddA-13|AddA-21|MoveFG-1406|ChB-2110_InsA-0|ChB-2146|Sub-28_ChB-2|ChB-1444_InsA-1
CSCC=P,0,0,0.5,0.0,1.0,1.0418885946273804,1.0,1.0418885946273804,0.5,0.0379178524017334,C|AddA-15|Sub-8|InsA-0|InsA-37|AddA-20|ChB-1445|Sub-21
C=PCl,0,0,0.5,0.0,1.0,1.5695343017578125,1.0,1.5695343017578125,0.5,0.01990675926208496,C|AddA-15|InsA-0|InsA-37_ChB-1407|CutA-3|Sub-4|MoveFG-1406_Sub-14
C=C(F)NBr,0,0,0.5,0.0,1.0,1.6458113193511963,1.0,1.6458113193511963,0.5,0.037407636642456055,C|AddA-15|Sub-8|Sub-3|AddA-17|InsA-37_AddA-31|MoveFG-3_ChB-1444
CSC(C)P,0,0,0.5,0.0,1.0,0.9103572964668274,1.0,0.9103572964668274,0.5,0.041372060775756836,C|AddA-13|InsA-0_InsA-37|AddA-32|Sub-21_RmA-1|AddA-36_MoveFG-4106
FC(Cl)(Br)Br,0,0,0.5,0.0,1.0,2.2742679119110107,1.0,2.2742679119110107,0.5,0.021513938903808594,C|Sub-1|AddA-15|AddA-14|Sub-0|AddA-11|AddA-15
SP(Cl)Br,1,0,0.5,0.0,1.0,1.7936251163482666,1.0,1.7936251163482666,0.5,0.020658016204833984,C|AddA-15|Sub-5|Sub-4|AddA-14|AddA-8|Sub-29
PP(Cl)SS,0,0,0.5,0.0,1.0,1.454980731010437,1.0,1.454980731010437,0.5,0.035085201263427734,C|AddA-15|Sub-5|Sub-4|AddA-14|AddA-8|Sub-29|AddA-37_Sub-12
CSC(C)Cl,0,0,0.5,0.0,1.0,1.0985909700393677,1.0,1.0985909700393677,0.5,0.04626798629760742,C|AddA-13|InsA-0_InsA-37|AddA-32|Sub-21_RmA-1|AddA-30
OC(P)(S)SCCP,0,0,0.5,0.0,1.0,0.9907413125038147,1.0,0.9907413125038147,0.5,0.10936713218688965,C|AddA-13|InsA-0_InsA-37|Sub-21_AddA-36|AddA-34|InsA-1|AddA-12
OCSCS,0,0,0.5,0.0,1.0,1.09023118019104,1.0,1.09023118019104,0.5,0.03746676445007324,C|AddA-13|InsA-0_InsA-37|Sub-21_AddA-36|AddA-34|MoveFG-4142_RmA-4
N#[SH]=P,0,0,0.5,0.0,1.0,1.6859010457992554,1.0,1.6859010457992554,0.5,0.017625093460083008,C|AddA-15|Sub-5|AddA-9|ChB-2110_Sub-11|Sub-9_Sub-12|ChB-1406
FCC#[SH],0,0,0.5,0.0,1.0,1.3282774686813354,1.0,1.3282774686813354,0.5,0.030575990676879883,C|AddA-13|AddA-21|MoveFG-1406|ChB-2110_InsA-0|ChB-2147_RmA-2|AddA-11
P#S#[SH],0,0,0.5,0.0,1.0,2.0876524448394775,1.0,2.0876524448394775,0.5,0.017158985137939453,C|AddA-13|AddA-21|MoveFG-1406|ChB-2110_InsA-0|ChB-2146|Sub-28_ChB-2|RmA-0_ChB-2110
C#CC=P,0,0,0.5,0.0,1.0,1.9246277809143066,1.0,1.9246277809143066,0.5,0.050864219665527344,C|AddA-15|Sub-8|InsA-0|InsA-37|AddA-20|ChB-1445|RmA-0_ChB-2146
P=CCBr,0,0,0.5,0.0,1.0,1.232210636138916,1.0,1.232210636138916,0.5,0.031941890716552734,C|AddA-15|InsA-0|InsA-37_ChB-1407|CutA-3|Sub-4|InsA-1_ChB-1408
FCCN(Cl)Br,1,0,0.5,0.0,1.0,1.7089118957519531,1.0,1.7089118957519531,0.5,0.03532290458679199,C|AddA-15|Sub-8|Sub-3|AddA-17|InsA-37_AddA-31|AddA-30
FCCCN(Cl)Br,0,0,0.5,0.0,1.0,1.6833356618881226,1.0,1.6833356618881226,0.5,0.03783011436462402,C|AddA-15|Sub-8|Sub-3|AddA-17|InsA-37_AddA-31|AddA-30|InsA-38
CCS#SP,0,0,0.5,0.0,1.0,1.071168065071106,1.0,1.071168065071106,0.5,0.054437875747680664,C|AddA-13|AddA-21|MoveFG-1406|ChB-2110_InsA-0|ChB-2146|Sub-28_ChB-2|InsA-1
CP=S,0,0,0.5,0.0,1.0,1.2742153406143188,1.0,1.2742153406143188,0.5,0.040914058685302734,C|AddA-13|AddA-21|MoveFG-1406|CutA-0_Sub-12|ChB-1406|AddA-16
CC1C[SH](P)O1,0,0,0.5,0.0,1.0,1.35055410861969,1.0,1.35055410861969,0.5,0.08127689361572266,C|Sub-1|AddA-15|Sub-2|AddA-8_Sub-12|ChB-1443|Sub-13_AddA-20|InsA-37_AddA-24
C1=C2CC1P=N2,0,0,0.5,0.0,1.0,2.2609739303588867,1.0,2.2609739303588867,0.5,0.04907512664794922,C|AddA-15|Sub-8|InsA-0|InsA-37|AddA-28|ChB-1408|InsA-73|Sub-9_ChB-1445
Cln1[nH][pH]1,0,0,0.5,0.0,1.0,2.0616509914398193,1.0,2.0616509914398193,0.5,0.04171919822692871,C|Sub-1|AddA-14|InsA-0|MoveFG-1406|AddA-12_MoveFG-2|Sub-17_ChB-776
CSC(O)(F)S,0,0,0.5,0.0,1.0,1.401545524597168,1.0,1.401545524597168,0.5,0.03442502021789551,C|AddA-13|InsA-0_InsA-37|Sub-21_AddA-36|AddA-34|InsA-1|CutA-6_Sub-35
C[SH]1OC1(P)S,0,0,0.5,0.0,1.0,1.1480568647384644,1.0,1.1480568647384644,0.5,0.0359807014465332,C|AddA-13|InsA-0_InsA-37|Sub-21_AddA-36|AddA-34|ChB-778
N#SPBr,0,0,0.5,0.0,1.0,1.8078646659851074,1.0,1.8078646659851074,0.5,0.018630027770996094,C|AddA-15|Sub-5|AddA-9|ChB-2110_Sub-11|Sub-9_Sub-12|AddA-23
CC#SCl,1,0,0.5,0.0,1.0,1.803714394569397,1.0,1.803714394569397,0.5,0.02672719955444336,C|AddA-13|AddA-21|MoveFG-1406|ChB-2110_InsA-0|ChB-2147_RmA-2|AddA-22
[SH]#CCl,0,0,0.5,0.0,1.0,2.1727638244628906,1.0,2.1727638244628906,0.5,0.017308712005615234,C|AddA-13|AddA-21|MoveFG-1406|ChB-2110_InsA-0|ChB-2147_RmA-2|AddA-22|RmA-0_MoveFG-39
CSP,0,0,0.5,0.0,1.0,0.8704018592834473,1.0,0.8704018592834473,0.5,0.031764984130859375,C|AddA-15|Sub-5|AddA-9|ChB-2110_Sub-11|Sub-9_Sub-12|InsA-1_RmA-2
FCNF,0,0,0.5,0.0,1.0,1.171474575996399,1.0,1.171474575996399,0.5,0.03095221519470215,C|AddA-15|Sub-8|Sub-3|AddA-17|AddA-19|MoveFG-2
CC(P)C(S)Cl,0,0,0.5,0.0,1.0,1.0951576232910156,1.0,1.0951576232910156,0.5,0.048584938049316406,C|AddA-13|InsA-0_InsA-37|AddA-32|Sub-38|AddA-28
P=[SH]P,0,0,0.5,0.0,1.0,1.0316416025161743,1.0,1.0316416025161743,0.5,0.042594194412231445,C|AddA-13|AddA-21|MoveFG-1406|CutA-0_Sub-12|ChB-1406|AddA-12
C=[SH]1=CO1,0,0,0.5,0.0,1.0,1.4990066289901733,1.0,1.4990066289901733,0.5,0.06177186965942383,C|Sub-1|AddA-15|Sub-2|AddA-8_Sub-12|ChB-1443|Sub-13_AddA-20|Sub-24_ChB-1444
PC1C=C2CN21,0,0,0.5,0.0,1.0,1.1250399351119995,1.0,1.1250399351119995,0.5,0.051294803619384766,C|AddA-15|Sub-8|InsA-0|InsA-37|AddA-28|ChB-1408|InsA-73|Sub-41_ChB-743
CN1PC1Cl,0,0,0.5,0.0,1.0,1.3498244285583496,1.0,1.3498244285583496,0.5,0.048932790756225586,C|Sub-1|AddA-14|InsA-0|MoveFG-1406|AddA-12_MoveFG-2|AddA-8_ChB-776
CCSC(C)(O)P,0,0,0.5,0.0,1.0,0.9238930940628052,1.0,0.9238930940628052,0.5,0.0921180248260498,C|AddA-13|InsA-0_InsA-37|Sub-21_AddA-36|AddA-34|InsA-1|InsA-38_RmA-1
CC(O)P,1,0,0.5,0.0,1.0,0.9039837121963501,1.0,0.9039837121963501,0.5,0.04398775100708008,C|AddA-13|InsA-0_InsA-37|Sub-21_AddA-36|AddA-34|RmA-1_CutA-1
CC(P)CP,0,0,0.5,0.0,1.0,0.803817868232727,1.0,0.803817868232727,0.5,0.04008793830871582,C|AddA-13|InsA-0_InsA-37|Sub-21_AddA-36|AddA-34|RmA-1_CutA-1|Sub-24_AddA-12
CPC1C=CC1,0,0,0.5,0.0,1.0,0.9049449563026428,1.0,0.9049449563026428,0.5,0.04761195182800293,C|AddA-15|Sub-8|InsA-0|InsA-37|AddA-28|ChB-1408|InsA-73|MoveFG-1448
C#S(=C)N,0,0,0.5,0.0,1.0,1.3425074815750122,1.0,1.3425074815750122,0.5,0.03314685821533203,C|AddA-13|AddA-21|MoveFG-1406|ChB-2110_ChB-1443|ChB-0|Sub-8_AddA-25
C1CSCSC1,0,0,0.5,0.0,1.0,1.8317713737487793,1.0,1.8317713737487793,0.5,0.04193115234375,C|AddA-13|AddA-21|MoveFG-1406|ChB-2110_InsA-0|ChB-2146|InsA-37|InsA-1
CC1C2CP12,0,0,0.5,0.0,1.0,0.8577057123184204,1.0,0.8577057123184204,0.5,0.06411504745483398,C|AddA-15|Sub-8|InsA-0|InsA-37|AddA-20|MoveFG-1482_ChB-777|ChB-811
C#CC(O)Br,0,0,0.5,0.0,1.0,1.7080706357955933,1.0,1.7080706357955933,0.5,0.03216910362243652,C|AddA-15|InsA-0|InsA-37_ChB-1407|CutA-3|InsA-37_AddA-34|ChB-2110
NSCF,0,0,0.5,0.0,1.0,1.192384123802185,1.0,1.192384123802185,0.5,0.027096986770629883,C|AddA-15|Sub-8|Sub-3|AddA-17|AddA-19|Sub-5_MoveFG-1406
ClC1=CC1,0,0,0.5,0.0,1.0,1.4057713747024536,1.0,1.4057713747024536,0.5,0.02560114860534668,C|AddA-13|InsA-0_InsA-37|AddA-32|Sub-38|RmA-1_ChB-1407
PS1=C(Br)O1,0,0,0.5,0.0,1.0,2.1500580310821533,1.0,2.1500580310821533,0.5,0.025858640670776367,C|Sub-1|AddA-15|Sub-2|AddA-8_Sub-12|ChB-1443|Sub-13_AddA-20|AddA-31
PNCl,1,0,0.5,0.0,1.0,1.1667587757110596,1.0,1.1667587757110596,0.5,0.0200498104095459,C|Sub-1|AddA-14|InsA-0|MoveFG-1406|AddA-12_MoveFG-2|CutA-2
ClNPBr,0,0,0.5,0.0,1.0,1.5977789163589478,1.0,1.5977789163589478,0.5,0.019514083862304688,C|Sub-1|AddA-14|InsA-0|MoveFG-1406|AddA-12_MoveFG-2|CutA-2|AddA-31
CC(C)F,0,0,0.5,0.0,1.0,0.9778160452842712,1.0,0.9778160452842712,0.5,0.034925222396850586,C|AddA-15|Sub-8|InsA-0|ChB-2109|Sub-5_ChB-0|AddA-27|InsA-1|RmA-0
CPPN,0,0,0.5,0.0,1.0,0.7317396998405457,1.0,0.7317396998405457,0.5,0.03267312049865723,C|Sub-1|AddA-15|Sub-2|AddA-8_Sub-12|AddA-30|Sub-4_RmA-3|AddA-16|Sub-17
PPCCl,0,0,0.5,0.0,1.0,0.9538838267326355,1.0,0.9538838267326355,0.5,0.029635906219482422,C|Sub-1|AddA-15|Sub-2|AddA-8_Sub-12|AddA-30|Sub-4_RmA-3|MoveFG-39_CutA-1|AddA-22|AddA-12
CC1CC(C)P1,0,0,0.5,0.0,1.0,0.8318879008293152,1.0,0.8318879008293152,0.5,0.05503487586975098,C|AddA-15|Sub-8|InsA-0|InsA-37|AddA-28|ChB-1408|AddA-10|Sub-40_ChB-845|MoveFG-1449_ChB-2
CCCCCF,0,0,0.5,0.0,1.0,1.0304688215255737,1.0,1.0304688215255737,0.5,0.05262017250061035,C|AddA-15|Sub-8|InsA-0|InsA-37|MoveFG-41|InsA-2|Sub-3|MoveFG-2775_InsA-37
CC[SH]=N,0,0,0.5,0.0,1.0,1.0703635215759277,1.0,1.0703635215759277,0.5,0.08721685409545898,C|AddA-13|AddA-21|MoveFG-1406|ChB-2110_ChB-1443|ChB-0|Sub-9_InsA-1
C1#SCSCC1,0,0,0.5,0.0,1.0,1.729944109916687,1.0,1.729944109916687,0.5,0.03585004806518555,C|AddA-13|AddA-21|MoveFG-1406|ChB-2110_InsA-0|ChB-2146|InsA-37|InsA-38
CC1CP1,0,0,0.5,0.0,1.0,0.812470555305481,1.0,0.812470555305481,0.5,0.03587460517883301,C|AddA-15|Sub-8|InsA-0|InsA-37|AddA-20|MoveFG-1482_ChB-777|ChB-1444_CutA-3
C=CP(O)Br,1,0,0.5,0.0,1.0,1.7571008205413818,1.0,1.7571008205413818,0.5,0.032137155532836914,C|AddA-15|InsA-0|InsA-37_ChB-1407|CutA-3|InsA-37_AddA-34|Sub-28
C=CP(N)Br,0,0,0.5,0.0,1.0,1.5589063167572021,1.0,1.5589063167572021,0.5,0.031007051467895508,C|AddA-15|InsA-0|InsA-37_ChB-1407|CutA-3|InsA-37_AddA-34|Sub-28|Sub-33
CCSCN,0,0,0.5,0.0,1.0,0.9503475427627563,1.0,0.9503475427627563,0.5,0.03963804244995117,C|AddA-13|InsA-0_InsA-37|AddA-32|ChB-742_AddA-41|CutA-2|ChB-38_MoveFG-2775
PCCS,0,0,0.5,0.0,1.0,0.8729405999183655,1.0,0.8729405999183655,0.5,0.04900097846984863,C|AddA-13|AddA-21|MoveFG-1406|CutA-0_Sub-12|InsA-0|InsA-37
CCC(C)CP,0,0,0.5,0.0,1.0,0.8350695967674255,1.0,0.8350695967674255,0.5,0.08262872695922852,C|AddA-15|Sub-8|InsA-0|InsA-37|AddA-28|ChB-1408|ChB-73|InsA-2_MoveFG-1444
BrCP1CP1,0,0,0.5,0.0,1.0,1.0722054243087769,1.0,1.0722054243087769,0.5,0.036767005920410156,C|Sub-1|AddA-15|Sub-2|AddA-8_Sub-12|AddA-30|Sub-4_RmA-3|AddA-16|AddA-31_ChB-705
N=CCl,0,0,0.5,0.0,1.0,1.7059053182601929,1.0,1.7059053182601929,0.5,0.018975019454956055,C|Sub-1|AddA-15|Sub-2|AddA-8_Sub-12|AddA-30|Sub-4_RmA-3|MoveFG-39_CutA-1|AddA-22|ChB-1406_Sub-1
C1=C2CPC12,0,0,0.5,0.0,1.0,1.0088279247283936,1.0,1.0088279247283936,0.5,0.048111915588378906,C|AddA-15|Sub-8|InsA-0|InsA-37|AddA-28|ChB-1408|AddA-10|Sub-40_ChB-845|Sub-10_RmA-1
O=CP,0,0,0.5,0.0,1.0,1.4097241163253784,1.0,1.4097241163253784,0.5,0.04985213279724121,C|AddA-15|Sub-8|Sub-3|AddA-18_RmA-0|ChB-1406|AddA-12
CC(C)CP,0,0,0.5,0.0,1.0,0.8278594613075256,1.0,0.8278594613075256,0.5,0.09198427200317383,C|AddA-15|Sub-8|InsA-0|InsA-37|MoveFG-41|InsA-2|Sub-3|Sub-4
C1#SCS1,1,0,0.5,0.0,1.0,1.7922993898391724,1.0,1.7922993898391724,0.5,0.03104400634765625,C|AddA-13|AddA-21|MoveFG-1406|ChB-2110_InsA-0|ChB-2146|InsA-37|RmA-3_ChB-703
F[SH]1#CSC1,0,0,0.5,0.0,1.0,1.578311562538147,1.0,1.578311562538147,0.5,0.02921295166015625,C|AddA-13|AddA-21|MoveFG-1406|ChB-2110_InsA-0|ChB-2146|InsA-37|RmA-3_ChB-703|AddA-27
OC=S,0,0,0.5,0.0,1.0,1.4862902164459229,1.0,1.4862902164459229,0.5,0.020058155059814453,C|AddA-13|AddA-21|MoveFG-1406|ChB-2110_ChB-1443|AddA-26_RmA-0|Sub-8
C1#CCCC1,0,0,0.5,0.0,1.0,1.1276307106018066,1.0,1.1276307106018066,0.5,0.039608001708984375,C|AddA-15|Sub-8|InsA-0|InsA-37|InsA-1|ChB-2183|ChB-703
FOCCCl,0,0,0.5,0.0,1.0,1.3988972902297974,1.0,1.3988972902297974,0.5,0.0320591926574707,C|Sub-1|AddA-15|Sub-2|InsA-0|InsA-37_Sub-10|Sub-6|ChB-740_ChB-38|AddA-19_MoveFG-41
CC1CS1,0,0,0.5,0.0,1.0,1.0887959003448486,1.0,1.0887959003448486,0.5,0.038342952728271484,C|AddA-13|InsA-0_InsA-37|AddA-32|ChB-742_AddA-41|CutA-2|RmA-4
CC(P)C1(N)SC1N,0,0,0.5,0.0,1.0,1.1090130805969238,1.0,1.1090130805969238,0.5,0.07304120063781738,C|AddA-13|InsA-0_InsA-37|AddA-32|ChB-742_AddA-41|AddA-33_AddA-28
P#CCS,0,0,0.5,0.0,1.0,1.2792857885360718,1.0,1.2792857885360718,0.5,0.028741836547851562,C|AddA-13|AddA-21|MoveFG-1406|CutA-0_Sub-12|InsA-0|ChB-2146_InsA-1
CC1=CP1,0,0,0.5,0.0,1.0,0.9899020195007324,1.0,0.9899020195007324,0.5,0.04203915596008301,C|AddA-15|Sub-8|InsA-0|InsA-37|AddA-28|ChB-1408|ChB-73|ChB-811_CutA-2
CCPPC,0,0,0.5,0.0,1.0,0.7692631483078003,1.0,0.7692631483078003,0.5,0.049855947494506836,C|Sub-1|AddA-15|Sub-2|AddA-8_Sub-12|AddA-30|Sub-4_RmA-3|AddA-16|InsA-38
PCCCl,1,0,0.5,0.0,1.0,1.0075334310531616,1.0,1.0075334310531616,0.5,0.03702497482299805,C|Sub-1|AddA-15|Sub-2|AddA-8_Sub-12|AddA-30|Sub-4_RmA-3|MoveFG-39_CutA-1|AddA-22|ChB-2109_InsA-0
NC(Cl)CP,0,0,0.5,0.0,1.0,0.9407609105110168,1.0,0.9407609105110168,0.5,0.036949872970581055,C|Sub-1|AddA-15|Sub-2|AddA-8_Sub-12|AddA-30|Sub-4_RmA-3|MoveFG-39_CutA-1|AddA-22|ChB-2109_InsA-0|AddA-17
CCPP,0,0,0.5,0.0,1.0,0.7631063461303711,1.0,0.7631063461303711,0.5,0.03731107711791992,C|Sub-1|AddA-15|Sub-2|AddA-8_Sub-12|AddA-30|Sub-4_RmA-3|AddA-16|MoveFG-41
CN(C)S,0,0,0.5,0.0,1.0,1.105479121208191,1.0,1.105479121208191,0.5,0.04100680351257324,C|AddA-13|InsA-0_InsA-37|InsA-73_Sub-17|CutA-3|MoveFG-1446
C[SH](=O)=S,0,0,0.5,0.0,1.0,1.3703157901763916,1.0,1.3703157901763916,0.5,0.02724480628967285,C|AddA-13|AddA-21|MoveFG-1406|ChB-2110_ChB-1443|AddA-26_RmA-0|ChB-1443_AddA-16
OCP(P)Cl,0,0,0.5,0.0,1.0,1.0958771705627441,1.0,1.0958771705627441,0.5,0.0290219783782959,C|Sub-1|AddA-15|Sub-2|AddA-8_Sub-12|Sub-22|InsA-0_MoveFG-39|AddA-12_MoveFG-115
CC#CC,0,0,0.5,0.0,1.0,0.986651599407196,1.0,0.986651599407196,0.5,0.0769810676574707,C|AddA-15|Sub-8|InsA-0|InsA-37|InsA-1|ChB-2183|CutA-3
CC(O)(Cl)Cl,0,0,0.5,0.0,1.0,1.3059906959533691,1.0,1.3059906959533691,0.5,0.03661084175109863,C|Sub-1|AddA-15|Sub-2|InsA-0|InsA-37_Sub-10|Sub-6|ChB-740_ChB-38|AddA-38_MoveFG-4106
CC(N)S,0,0,0.5,0.0,1.0,0.889888346195221,1.0,0.889888346195221,0.5,0.04155087471008301,C|AddA-13|InsA-0_InsA-37|AddA-32|ChB-742_AddA-41|CutA-2|ChB-37_CutA-2
C=S1C(C)C1N,0,0,0.5,0.0,1.0,1.1246609687805176,1.0,1.1246609687805176,0.5,0.04089498519897461,C|AddA-13|InsA-0_InsA-37|AddA-32|ChB-742_AddA-41|ChB-1407_MoveFG-39
C1PS1,1,0,0.5,0.0,1.0,1.13383150100708,1.0,1.13383150100708,0.5,0.07050418853759766,C|AddA-13|AddA-21|MoveFG-1406|CutA-0_Sub-12|InsA-0|ChB-703
NP1CP1,0,0,0.5,0.0,1.0,0.748342752456665,1.0,0.748342752456665,0.5,0.038385868072509766,C|AddA-13|AddA-21|MoveFG-1406|CutA-0_Sub-12|InsA-0|ChB-703|Sub-4_AddA-17
CCSCS,0,0,0.5,0.0,1.0,1.0039728879928589,1.0,1.0039728879928589,0.5,0.036028146743774414,C|AddA-13|InsA-0_InsA-37|AddA-32|ChB-742_AddA-41|CutA-2|ChB-73_Sub-37
PC1PS1,0,0,0.5,0.0,1.0,1.132101058959961,1.0,1.132101058959961,0.5,0.027979135513305664,C|Sub-1|AddA-15|Sub-2|AddA-8_Sub-12|AddA-30|Sub-4_RmA-3|InsA-0_Sub-21|ChB-776
OCP,0,0,0.5,0.0,1.0,0.9001400470733643,1.0,0.9001400470733643,0.5,0.025048017501831055,C|Sub-1|AddA-15|Sub-2|AddA-8_Sub-12|AddA-30|Sub-4_RmA-3|MoveFG-39_CutA-1|Sub-12_Sub-10|InsA-0
BrPC1CC2=C1OC2,0,0,0.5,0.0,1.0,1.2683982849121094,1.0,1.2683982849121094,0.5,0.09503483772277832,C|AddA-15|Sub-8|InsA-0|InsA-37|AddA-28|ChB-1408|AddA-10|AddA-23_ChB-743|MoveFG-1562_InsA-73
CNSCl,0,0,0.5,0.0,1.0,1.7748538255691528,1.0,1.7748538255691528,0.5,0.026877164840698242,C|AddA-15|AddA-12|Sub-16_AddA-29|Sub-9_AddA-38|CutA-2_MoveFG-39
CCNCSS,0,0,0.5,0.0,1.0,1.4039790630340576,1.0,1.4039790630340576,0.5,0.045950889587402344,C|AddA-13|InsA-0_InsA-37|InsA-73_Sub-17|CutA-3|InsA-1_AddA-21
OC[SH]=S,0,0,0.5,0.0,1.0,1.3214880228042603,1.0,1.3214880228042603,0.5,0.026424169540405273,C|AddA-13|AddA-21|MoveFG-1406|ChB-2110_ChB-1443|AddA-26_RmA-0|InsA-37
OCPCCl,0,0,0.5,0.0,1.0,1.0582772493362427,1.0,1.0582772493362427,0.5,0.034567832946777344,C|Sub-1|AddA-15|Sub-2|AddA-8_Sub-12|Sub-22|InsA-0_MoveFG-39|InsA-37
CC#CCCC,1,0,0.5,0.0,1.0,1.0078890323638916,1.0,1.0078890323638916,0.5,0.039832115173339844,C|AddA-15|Sub-8|InsA-0|InsA-37|InsA-1|ChB-2183|InsA-38
CC#CCCCCP,0,0,0.5,0.0,1.0,0.9921759366989136,1.0,0.9921759366989136,0.5,0.053288936614990234,C|AddA-15|Sub-8|InsA-0|InsA-37|InsA-1|ChB-2183|InsA-38|AddA-20_InsA-41
OC(CCl)PCl,0,0,0.5,0.0,1.0,1.2967503070831299,1.0,1.2967503070831299,0.5,0.034246206283569336,C|Sub-1|AddA-15|Sub-2|AddA-8_Sub-12|Sub-22|InsA-0_MoveFG-39|AddA-38_InsA-108
CC1=CN1,0,0,0.5,0.0,1.0,0.9800106883049011,1.0,0.9800106883049011,0.5,0.03318977355957031,C|Sub-1|AddA-8|InsA-0_ChB-2110|InsA-1_MoveFG-1406|ChB-1444
CCCCS,0,0,0.5,0.0,1.0,0.9130954742431641,1.0,0.9130954742431641,0.5,0.04454302787780762,C|AddA-13|InsA-0_InsA-37|AddA-32|MoveFG-42_InsA-38|RmA-2
NPSP,0,0,0.5,0.0,1.0,0.8490818738937378,1.0,0.8490818738937378,0.5,0.060565948486328125,C|Sub-1|AddA-15|Sub-2|AddA-8_Sub-12|AddA-30|Sub-4_RmA-3|InsA-0_Sub-21|MoveFG-1446|Sub-25
PCP,0,0,0.5,0.0,1.0,0.73261958360672,1.0,0.73261958360672,0.5,0.037464141845703125,C|Sub-1|AddA-15|Sub-2|AddA-8_Sub-12|AddA-30|Sub-4_RmA-3|InsA-0_Sub-21|RmA-2
NOP,0,0,0.5,0.0,1.0,0.9337608218193054,1.0,0.9337608218193054,0.5,0.02877497673034668,C|Sub-1|AddA-15|Sub-2|AddA-8_Sub-12|AddA-30|Sub-4_RmA-3|MoveFG-39_CutA-1|Sub-12_Sub-10|AddA-17
PC1(P)C2=C1C(Br)O2,0,0,0.5,0.0,1.0,1.6665111780166626,1.0,1.6665111780166626,0.5,0.040248870849609375,C|AddA-15|Sub-8|InsA-0|InsA-37|AddA-28|ChB-1408|AddA-10|AddA-23_ChB-743|AddA-28
OC=NO,0,0,0.5,0.0,1.0,1.5367001295089722,1.0,1.5367001295089722,0.5,0.030055999755859375,C|AddA-15|Sub-8|Sub-3|AddA-18_RmA-0|InsA-0_Sub-17|ChB-1407_AddA-10
PNCS,1,0,0.5,0.0,1.0,0.8926970958709717,1.0,0.8926970958709717,0.5,0.0304257869720459,C|AddA-13|InsA-0_InsA-37|InsA-73_Sub-17|CutA-3|RmA-0_AddA-20
NPCCl,0,0,0.5,0.0,1.0,1.0309157371520996,1.0,1.0309157371520996,0.5,0.0358428955078125,C|AddA-13|InsA-0_InsA-37|InsA-73_Sub-17|CutA-3|RmA-0_AddA-20|Sub-6_MoveFG-1409
N=[SH]O,0,0,0.5,0.0,1.0,1.5240756273269653,1.0,1.5240756273269653,0.5,0.03360915184020996,C|Sub-1|AddA-14|Sub-13|ChB-1406|AddA-18
ClOC1=NP1,0,0,0.5,0.0,1.0,1.9281973838806152,1.0,1.9281973838806152,0.5,0.0331118106842041,C|Sub-1|AddA-15|Sub-2|AddA-8_Sub-12|Sub-22|InsA-0|AddA-17_ChB-1514
CC(C)CO,0,0,0.5,0.0,1.0,0.9409686923027039,1.0,0.9409686923027039,0.5,0.04081416130065918,C|AddA-15|Sub-8|InsA-0|InsA-37|InsA-1|MoveFG-117_Sub-37|AddA-26_RmA-4
PC1C=P1,0,0,0.5,0.0,1.0,1.1864744424819946,1.0,1.1864744424819946,0.5,0.02924513816833496,C|AddA-15|Sub-8|InsA-0|InsA-37|AddA-28|CutA-3|Sub-1|Sub-4_ChB-1406
OPCCl,0,0,0.5,0.0,1.0,1.1231409311294556,1.0,1.1231409311294556,0.5,0.030173063278198242,C|Sub-1|AddA-15|Sub-2|AddA-8_Sub-12|AddA-30|ChB-740_ChB-0|InsA-1|CutA-4_MoveFG-39
C1#CN1,0,0,0.5,0.0,1.0,1.4287532567977905,1.0,1.4287532567977905,0.5,0.01789712905883789,C|Sub-1|AddA-8|InsA-0_ChB-2110|InsA-1_MoveFG-1406|ChB-2146_CutA-3
CCC(C)NS,0,0,0.5,0.0,1.0,0.9749188423156738,1.0,0.9749188423156738,0.5,0.05260324478149414,C|AddA-13|InsA-0_InsA-37|AddA-32|MoveFG-42_InsA-38|Sub-41
CS[SH]=P,0,0,0.5,0.0,1.0,1.2843044996261597,1.0,1.2843044996261597,0.5,0.07695198059082031,C|Sub-1|AddA-15|Sub-2|AddA-8_Sub-12|AddA-30|Sub-4_RmA-3|InsA-0_Sub-21|MoveFG-1446|Sub-5_ChB-1443
SPCBr,1,0,0.5,0.0,1.0,1.3649117946624756,1.0,1.3649117946624756,0.5,0.0326380729675293,C|Sub-1|AddA-15|Sub-2|AddA-8_Sub-12|AddA-30|Sub-4_RmA-3|InsA-0_Sub-21|Sub-15
OP(S)CBr,0,0,0.5,0.0,1.0,1.4538280963897705,1.0,1.4538280963897705,0.5,0.02856278419494629,C|Sub-1|AddA-15|Sub-2|AddA-8_Sub-12|AddA-30|Sub-4_RmA-3|InsA-0_Sub-21|Sub-15|AddA-10
CCCCCP,0,0,0.5,0.0,1.0,0.8365775942802429,1.0,0.8365775942802429,0.5,0.1278998851776123,C|AddA-15|Sub-8|InsA-0|InsA-37|AddA-28|ChB-1408|ChB-73|ChB-705_InsA-1
OCCP,0,0,0.5,0.0,1.0,0.9105344414710999,1.0,0.9105344414710999,0.5,0.032508134841918945,C|AddA-15|Sub-8|Sub-3|AddA-18_RmA-0|InsA-0|AddA-12
CSCCN,0,0,0.5,0.0,1.0,0.9634172320365906,1.0,0.9634172320365906,0.5,0.04367685317993164,C|AddA-13|InsA-0_InsA-37|InsA-73_Sub-17|MoveFG-41|MoveFG-77
CS1=[SH]CC1,0,0,0.5,0.0,1.0,0.9868103861808777,1.0,0.9868103861808777,0.5,0.038722991943359375,C|AddA-13|AddA-21|MoveFG-1406|ChB-2110_ChB-1443|AddA-24|InsA-1
PCOBr,0,0,0.5,0.0,1.0,1.8176758289337158,1.0,1.8176758289337158,0.5,0.03125405311584473,C|Sub-1|AddA-15|Sub-2|AddA-8_Sub-12|Sub-22|InsA-0|Sub-23
SCC1C#CC1,0,0,0.5,0.0,1.0,1.1846520900726318,1.0,1.1846520900726318,0.5,0.0355832576751709,C|AddA-15|Sub-8|InsA-0|InsA-37|InsA-1|MoveFG-117_Sub-37|ChB-2109_InsA-38
PC1CN1,0,0,0.5,0.0,1.0,0.9023383259773254,1.0,0.9023383259773254,0.5,0.03090691566467285,C|AddA-15|Sub-8|InsA-0|InsA-37|AddA-28|CutA-3|Sub-1|ChB-703
COC(P)Cl,0,0,0.5,0.0,1.0,1.0252972841262817,1.0,1.0252972841262817,0.5,0.04616904258728027,C|Sub-1|AddA-15|Sub-2|AddA-8_Sub-12|AddA-30|ChB-740_ChB-0|InsA-1|MoveFG-2812
CNC(C)P,1,0,0.5,0.0,1.0,0.8373551964759827,1.0,0.8373551964759827,0.5,0.05773305892944336,C|Sub-1|AddA-8|InsA-0_ChB-2110|InsA-1_MoveFG-1406|AddA-36
PC1CCN1,0,0,0.5,0.0,1.0,0.8882489204406738,1.0,0.8882489204406738,0.5,0.04251408576965332,C|Sub-1|AddA-8|InsA-0_ChB-2110|InsA-1_MoveFG-1406|AddA-36|ChB-740
C[SH]12=C(O)C1(P)P2,0,0,0.5,0.0,1.0,1.1009711027145386,1.0,1.1009711027145386,0.5,0.039604902267456055,C|AddA-15|Sub-8|InsA-0|InsA-37|AddA-28|ChB-1408|AddA-10|AddA-28|Sub-29_ChB-811
CCCC(C)CF,0,0,0.5,0.0,1.0,1.028188943862915,1.0,1.028188943862915,0.5,0.06150484085083008,C|AddA-15|Sub-8|InsA-0|InsA-37|InsA-1|CutA-4_AddA-35|InsA-108_InsA-73
BrC1CO1,0,0,0.5,0.0,1.0,1.5900709629058838,1.0,1.5900709629058838,0.5,0.030957937240600586,C|AddA-15|Sub-8|Sub-3|AddA-18_RmA-0|InsA-0|ChB-703|AddA-15
CC=O,0,0,0.5,0.0,1.0,1.29392409324646,1.0,1.29392409324646,0.5,0.02872490882873535,C|AddA-15|Sub-8|Sub-3|AddA-18_RmA-0|InsA-0|ChB-1443
NC1=CC1,0,0,0.5,0.0,1.0,0.971034049987793,1.0,0.971034049987793,0.5,0.037145137786865234,C|AddA-13|InsA-0_InsA-37|InsA-73_Sub-17|MoveFG-41|RmA-1_ChB-1408
CS1=S(O)C1,0,0,0.5,0.0,1.0,1.2756693363189697,1.0,1.2756693363189697,0.5,0.04875302314758301,C|AddA-13|AddA-21|MoveFG-1406|ChB-2110_ChB-1443|AddA-24|AddA-18_ChB-704
FOCP,0,0,0.5,0.0,1.0,1.2626276016235352,1.0,1.2626276016235352,0.5,0.02913808822631836,C|Sub-1|AddA-15|Sub-2|AddA-8_Sub-12|Sub-22|InsA-0|Sub-20_Sub-19
CC(C)(Br)CS,0,0,0.5,0.0,1.0,1.2975456714630127,1.0,1.2975456714630127,0.5,0.06609725952148438,C|AddA-15|Sub-8|InsA-0|InsA-37|InsA-1|MoveFG-117_Sub-37|AddA-32_Sub-15
PC1=CN1,1,0,0.5,0.0,1.0,0.9911953806877136,1.0,0.9911953806877136,0.5,0.030703306198120117,C|AddA-15|Sub-8|InsA-0|InsA-37|AddA-28|CutA-3|Sub-1|ChB-703_ChB-1443
C1=PN1,0,0,0.5,0.0,1.0,1.1143836975097656,1.0,1.1143836975097656,0.5,0.018789052963256836,C|AddA-15|Sub-8|InsA-0|InsA-37|AddA-28|CutA-3|Sub-1|ChB-703_ChB-1443|RmA-3_Sub-20
CCC(P)CS,0,0,0.5,0.0,1.0,0.8938943147659302,1.0,0.8938943147659302,0.5,0.06599187850952148,C|AddA-15|Sub-8|InsA-0|InsA-37|AddA-28|CutA-3|AddA-13|InsA-37
FC(S)CBr,0,0,0.5,0.0,1.0,1.4008146524429321,1.0,1.4008146524429321,0.5,0.06212782859802246,C|AddA-13|InsA-0_InsA-37|InsA-73_Sub-17|RmA-0_Sub-11|AddA-39_MoveFG-1446
OO,0,0,0.5,0.0,1.0,1.5279881954193115,1.0,1.5279881954193115,0.5,0.018815994262695312,C|AddA-15|Sub-8|Sub-3|AddA-18_RmA-0|AddA-10|CutA-0
CC=C(O)C(P)PN,0,0,0.5,0.0,1.0,0.9596272706985474,1.0,0.9596272706985474,0.5,0.061270952224731445,C|AddA-15|Sub-8|InsA-0|InsA-37|AddA-28|ChB-1408|AddA-10|AddA-28|AddA-57_ChB-73
NPN,0,0,0.5,0.0,1.0,0.7809720039367676,1.0,0.7809720039367676,0.5,0.02618694305419922,C|Sub-1|AddA-15|Sub-2|AddA-8_Sub-12|AddA-30|Sub-4_RmA-3|MoveFG-39_CutA-1|AddA-9|Sub-9
CCC(C)(F)F,0,0,0.5,0.0,1.0,1.0954996347427368,1.0,1.0954996347427368,0.5,0.0822911262512207,C|AddA-15|Sub-8|InsA-0|InsA-37|InsA-1|CutA-4_AddA-35|AddA-35
NC1COC1,0,0,0.5,0.0,1.0,1.0087591409683228,1.0,1.0087591409683228,0.5,0.04757380485534668,C|AddA-15|Sub-8|Sub-3|AddA-18_RmA-0|InsA-0|ChB-703|AddA-9_InsA-0
CCCCO,0,0,0.5,0.0,1.0,0.9450222849845886,1.0,0.9450222849845886,0.5,0.04935598373413086,C|AddA-15|Sub-8|Sub-3|AddA-18_RmA-0|InsA-0|InsA-37_InsA-73
SC1CCNC1,1,0,0.5,0.0,1.0,0.9993747472763062,1.0,0.9993747472763062,0.5,0.04413795471191406,C|AddA-13|InsA-0_InsA-37|InsA-73_Sub-17|MoveFG-41|ChB-704_InsA-1
SC1CCPC1,0,0,0.5,0.0,1.0,0.9215529561042786,1.0,0.9215529561042786,0.5,0.05105280876159668,C|AddA-13|InsA-0_InsA-37|InsA-73_Sub-17|MoveFG-41|ChB-704_InsA-1|Sub-20
CC(O)O,0,0,0.5,0.0,1.0,1.081379771232605,1.0,1.081379771232605,0.5,0.035832881927490234,C|AddA-15|Sub-8|Sub-3|AddA-18_RmA-0|InsA-0|AddA-26
CCC(F)=CO,0,0,0.5,0.0,1.0,1.2595046758651733,1.0,1.2595046758651733,0.5,0.03709912300109863,C|AddA-15|Sub-8|ChB-2109|AddA-19|ChB-1406_AddA-16|InsA-38|AddA-10
C=C(C)CF,0,0,0.5,0.0,1.0,1.067452311515808,1.0,1.067452311515808,0.5,0.041851043701171875,C|AddA-15|Sub-8|ChB-2109|AddA-19|ChB-1406_AddA-16|InsA-37
CC(P)CCS,0,0,0.5,0.0,1.0,0.8932403326034546,1.0,0.8932403326034546,0.5,0.05671882629394531,C|AddA-15|Sub-8|InsA-0|InsA-37|AddA-28|CutA-3|AddA-13|InsA-3
SCPCl,0,0,0.5,0.0,1.0,1.1049238443374634,1.0,1.1049238443374634,0.5,0.05800485610961914,C|Sub-1|AddA-15|Sub-2|AddA-8_Sub-12|Sub-22|MoveFG-39|Sub-5_InsA-0
FSCS,0,0,0.5,0.0,1.0,1.425978422164917,1.0,1.425978422164917,0.5,0.029779911041259766,C|AddA-13|InsA-0_InsA-37|InsA-73_Sub-17|RmA-0_Sub-11|MoveFG-1444_Sub-29
CC(O)OBr,0,0,0.5,0.0,1.0,1.867771029472351,1.0,1.867771029472351,0.5,0.05089879035949707,C|AddA-15|Sub-8|Sub-3|AddA-18_RmA-0|AddA-10|AddA-31_AddA-8
OPC1(P)C=C1Cl,0,0,0.5,0.0,1.0,1.623722791671753,1.0,1.623722791671753,0.5,0.03719305992126465,C|AddA-15|Sub-8|InsA-0|InsA-37|AddA-28|ChB-1408|AddA-10|AddA-28|Sub-14_MoveFG-156
CPNCl,1,0,0.5,0.0,1.0,1.1953340768814087,1.0,1.1953340768814087,0.5,0.19709086418151855,C|Sub-1|AddA-15|Sub-2|AddA-8_Sub-12|AddA-30|Sub-4_RmA-3|MoveFG-39_CutA-1|AddA-9|AddA-29_Sub-30
CPNCCCl,0,0,0.5,0.0,1.0,1.0192676782608032,1.0,1.0192676782608032,0.5,0.4870479106903076,C|Sub-1|AddA-15|Sub-2|AddA-8_Sub-12|AddA-30|Sub-4_RmA-3|MoveFG-39_CutA-1|AddA-9|AddA-29_Sub-30|InsA-73_InsA-108
C1CPN1,0,0,0.5,0.0,1.0,0.8675773739814758,1.0,0.8675773739814758,0.5,0.5274522304534912,C|Sub-1|AddA-15|Sub-2|AddA-8_Sub-12|AddA-30|Sub-4_RmA-3|MoveFG-39_CutA-1|AddA-9|ChB-740_InsA-0
SC1=PP1,0,0,0.5,0.0,1.0,1.4786159992218018,1.0,1.4786159992218018,0.5,0.029623031616210938,C|AddA-15|Sub-8|ChB-1406|AddA-12|ChB-740|Sub-12|AddA-13
CNN(C)CS,0,0,0.5,0.0,1.0,0.9854059815406799,1.0,0.9854059815406799,0.5,0.351701021194458,C|AddA-13|InsA-0_InsA-37|InsA-73_Sub-17|Sub-33|AddA-40_MoveFG-4106
CCS#N,0,0,0.5,0.0,1.0,1.1881158351898193,1.0,1.1881158351898193,0.5,0.05477595329284668,C|Sub-1|AddA-8|InsA-0_ChB-2110|MoveFG-39_Sub-13|InsA-37
FC1=CCC1,0,0,0.5,0.0,1.0,1.1025198698043823,1.0,1.1025198698043823,0.5,0.06438016891479492,C|AddA-15|Sub-8|ChB-2109|AddA-19|ChB-1406_AddA-16|InsA-38|ChB-705
FC1CCC1,0,0,0.5,0.0,1.0,0.999535858631134,1.0,0.999535858631134,0.5,0.09631204605102539,C|AddA-15|Sub-8|ChB-2109|AddA-19|ChB-1406_AddA-16|ChB-705_InsA-0
CC(Br)(CP)CS,0,0,0.5,0.0,1.0,1.2796902656555176,1.0,1.2796902656555176,0.5,0.41760778427124023,C|AddA-15|Sub-8|InsA-0|InsA-37|AddA-28|CutA-3|AddA-13|AddA-31_InsA-73
SP(Cl)OCl,0,0,0.5,0.0,1.0,2.0527920722961426,1.0,2.0527920722961426,0.5,0.025089025497436523,C|Sub-1|AddA-15|Sub-2|AddA-8_Sub-12|Sub-22|MoveFG-39|AddA-14_AddA-21
FCCCS,1,0,0.5,0.0,1.0,1.0559430122375488,1.0,1.0559430122375488,0.5,0.05531787872314453,C|AddA-13|InsA-0_InsA-37|InsA-73_Sub-17|RmA-0_Sub-11|InsA-73
FCCCCS,0,0,0.5,0.0,1.0,1.0551649332046509,1.0,1.0551649332046509,0.5,0.06830596923828125,C|AddA-13|InsA-0_InsA-37|InsA-73_Sub-17|RmA-0_Sub-11|InsA-73|InsA-1
CSCCF,0,0,0.5,0.0,1.0,1.045253872871399,1.0,1.045253872871399,0.5,0.20874500274658203,C|AddA-13|InsA-0_InsA-37|InsA-73_Sub-17|RmA-0_Sub-11|MoveFG-2774_InsA-2
ClCC1CP1,0,0,0.5,0.0,1.0,0.991472601890564,1.0,0.991472601890564,0.5,0.6550772190093994,C|AddA-15|Sub-8|InsA-0|InsA-37|AddA-28|CutA-3|AddA-14|MoveFG-1409_ChB-740
CCCCC(C)OO,0,0,0.5,0.0,1.0,1.2448242902755737,1.0,1.2448242902755737,0.5,0.715656042098999,C|AddA-15|Sub-8|InsA-0|InsA-37|InsA-1|InsA-73_AddA-34|AddA-58
NOCl,0,0,0.5,0.0,1.0,1.9548293352127075,1.0,1.9548293352127075,0.5,0.055016279220581055,C|Sub-1|AddA-15|Sub-2|AddA-8_Sub-12|Sub-22|CutA-0_AddA-9|Sub-2
C1CS#S1,0,0,0.5,0.0,1.0,1.2268311977386475,1.0,1.2268311977386475,0.5,0.39594388008117676,C|AddA-13|AddA-21|MoveFG-1406|ChB-2110_ChB-1443|ChB-2146|InsA-1
CSNCSCl,0,0,0.5,0.0,1.0,1.6558537483215332,1.0,1.6558537483215332,0.5,0.580272912979126,C|AddA-13|InsA-0_InsA-37|InsA-73_Sub-17|Sub-33|Sub-21_AddA-22
NO,0,0,0.5,0.0,1.0,1.159111738204956,1.0,1.159111738204956,0.5,0.0446171760559082,C|Sub-1|AddA-8|InsA-0_ChB-2110|MoveFG-39_Sub-13|Sub-18_CutA-1
C=C(CC)CF,0,0,0.5,0.0,1.0,1.0768989324569702,1.0,1.0768989324569702,0.5,0.48006224632263184,C|AddA-15|Sub-8|ChB-2109|AddA-19|ChB-1406_AddA-16|InsA-38|InsA-37
C=C(F)CS,1,0,0.5,0.0,1.0,1.2385284900665283,1.0,1.2385284900665283,0.5,0.4015798568725586,C|AddA-15|Sub-8|ChB-2109|AddA-19|ChB-1406_AddA-16|AddA-37
C=C(F)CCS,0,0,0.5,0.0,1.0,1.223982810974121,1.0,1.223982810974121,0.5,0.5303292274475098,C|AddA-15|Sub-8|ChB-2109|AddA-19|ChB-1406_AddA-16|AddA-37|InsA-108
P=CP,0,0,0.5,0.0,1.0,0.9960883855819702,1.0,0.9960883855819702,0.5,0.27210497856140137,C|AddA-15|Sub-8|ChB-1406|AddA-12|MoveFG-2_RmA-0|AddA-12
CC1=C(CO)C1P,0,0,0.5,0.0,1.0,1.0217583179473877,1.0,1.0217583179473877,0.5,0.09632301330566406,C|AddA-15|Sub-8|InsA-0|InsA-37|AddA-28|ChB-1408|AddA-10|InsA-4_InsA-1|CutA-7
C1CON1,0,0,0.5,0.0,1.0,2.0445196628570557,1.0,2.0445196628570557,0.5,0.06274104118347168,C|Sub-1|AddA-8|InsA-0_ChB-2110|ChB-1407|InsA-1|ChB-703_Sub-10
ClCC1OP1,0,0,0.5,0.0,1.0,1.122617244720459,1.0,1.122617244720459,0.5,0.07507085800170898,C|Sub-1|AddA-15|Sub-2|AddA-8_Sub-12|AddA-30|ChB-740_ChB-0|ChB-703|InsA-73
CPCCCCl,0,0,0.5,0.0,1.0,0.9859386086463928,1.0,0.9859386086463928,0.5,0.07880282402038574,C|AddA-15|Sub-8|InsA-0|InsA-37|AddA-28|CutA-3|AddA-14|MoveFG-1409_InsA-3
CCCCC(O)CCBr,0,0,0.5,0.0,1.0,1.3386305570602417,1.0,1.3386305570602417,0.5,0.06568574905395508,C|AddA-15|Sub-8|InsA-0|InsA-37|InsA-1|InsA-73_AddA-34|InsA-38_AddA-23
PN(S)Cl,0,0,0.5,0.0,1.0,1.565760850906372,1.0,1.565760850906372,0.5,0.025313854217529297,C|Sub-1|AddA-15|Sub-2|AddA-8_Sub-12|Sub-22|CutA-0_AddA-9|MoveFG-2_AddA-29
C1#[SH]=[SH]C1,0,0,0.5,0.0,1.0,1.3704396486282349,1.0,1.3704396486282349,0.5,0.047714948654174805,C|AddA-13|AddA-21|MoveFG-1406|ChB-2110_ChB-1443|ChB-2146|InsA-0_ChB-1443
CNNCCS,1,0,0.5,0.0,1.0,0.9653733372688293,1.0,0.9653733372688293,0.5,0.04070305824279785,C|AddA-13|InsA-0_InsA-37|InsA-73_Sub-17|Sub-33|InsA-38
NNCCCF,0,0,0.5,0.0,1.0,1.0758835077285767,1.0,1.0758835077285767,0.5,0.054070234298706055,C|AddA-13|InsA-0_InsA-37|InsA-73_Sub-17|Sub-33|InsA-38|Sub-11_MoveFG-4104
CC1(F)CC1,0,0,0.5,0.0,1.0,0.9828975796699524,1.0,0.9828975796699524,0.5,0.04163002967834473,C|AddA-15|Sub-8|InsA-0|InsA-37|MoveFG-41|InsA-2|Sub-3|ChB-742_MoveFG-2778
CC(O)CCBr,0,0,0.5,0.0,1.0,1.358022689819336,1.0,1.358022689819336,0.5,0.03433513641357422,C|AddA-15|Sub-8|InsA-0|InsA-37|InsA-1|AddA-34|Sub-7
CC(C)C(C)N,0,0,0.5,0.0,1.0,0.8515844941139221,1.0,0.8515844941139221,0.5,0.048349857330322266,C|AddA-15|Sub-8|InsA-0|InsA-37|MoveFG-41|AddA-9|InsA-73_MoveFG-2850
CC1=C(OP)C(P)C1O,0,0,0.5,0.0,1.0,1.2543730735778809,1.0,1.2543730735778809,0.5,0.09104299545288086,C|AddA-15|Sub-8|InsA-0|InsA-37|AddA-28|ChB-1408|AddA-10|InsA-4_InsA-1|MoveFG-6657_Sub-10|AddA-20
CC1=C(C(C)O)CC1P,0,0,0.5,0.0,1.0,0.9587525129318237,1.0,0.9587525129318237,0.5,0.10281991958618164,C|AddA-15|Sub-8|InsA-0|InsA-37|AddA-28|ChB-1408|AddA-10|InsA-4_InsA-1|InsA-175_MoveFG-198
CCC(N)S,0,0,0.5,0.0,1.0,0.8861141800880432,1.0,0.8861141800880432,0.5,0.08253288269042969,C|Sub-1|AddA-8|InsA-0_ChB-2110|ChB-1407|InsA-1|AddA-37
FC1OP1,0,0,0.5,0.0,1.0,1.4533990621566772,1.0,1.4533990621566772,0.5,0.03119206428527832,C|Sub-1|AddA-15|Sub-2|AddA-8_Sub-12|AddA-30|ChB-740_ChB-0|ChB-703|Sub-27
CPC(C)CCCl,0,0,0.5,0.0,1.0,0.9815303087234497,1.0,0.9815303087234497,0.5,0.07465386390686035,C|AddA-15|Sub-8|InsA-0|InsA-37|AddA-28|CutA-3|AddA-14|AddA-32_InsA-1
CSCCCC(C)O,1,0,0.5,0.0,1.0,0.9888969659805298,1.0,0.9888969659805298,0.5,0.05174994468688965,C|AddA-15|Sub-8|InsA-0|InsA-37|InsA-1|InsA-73_AddA-34|Sub-37_InsA-75
CC(O)C[SH](C)C,0,0,0.5,0.0,1.0,0.9519181251525879,1.0,0.9519181251525879,0.5,0.0889890193939209,C|AddA-15|Sub-8|InsA-0|InsA-37|InsA-1|InsA-73_AddA-34|Sub-37_InsA-75|MoveFG-2930_CutA-5
C=[SH]CC,0,0,0.5,0.0,1.0,1.0374282598495483,1.0,1.0374282598495483,0.5,0.0426638126373291,C|Sub-1|AddA-8|InsA-0_ChB-2110|ChB-1407|Sub-5|MoveFG-1406_InsA-0
OPCP,0,0,0.5,0.0,1.0,0.8868703246116638,1.0,0.8868703246116638,0.5,0.03207087516784668,C|Sub-1|AddA-15|Sub-2|AddA-8_Sub-12|AddA-30|ChB-740_ChB-0|RmA-3_Sub-20|InsA-37
C=C(C)P,0,0,0.5,0.0,1.0,0.9318684339523315,1.0,0.9318684339523315,0.5,0.03372693061828613,C|AddA-15|Sub-8|InsA-0|InsA-37|AddA-28|CutA-3|ChB-1443_InsA-73|CutA-4
C#CCC(N)O,0,0,0.5,0.0,1.0,1.169102430343628,1.0,1.169102430343628,0.5,0.0489809513092041,C|AddA-15|Sub-8|InsA-0|InsA-37|InsA-1|AddA-34|ChB-2112_Sub-9
CCCCN,0,0,0.5,0.0,1.0,0.842279314994812,1.0,0.842279314994812,0.5,0.04449319839477539,C|AddA-15|Sub-8|InsA-0|InsA-37|MoveFG-41|AddA-9|InsA-38_RmA-2
CCC1=C(O)C(P)C1O,0,0,0.5,0.0,1.0,1.3376598358154297,1.0,1.3376598358154297,0.5,0.07343578338623047,C|AddA-15|Sub-8|InsA-0|InsA-37|AddA-28|ChB-1408|AddA-10|InsA-4_InsA-1|MoveFG-6657_Sub-10|InsA-5
CC1=C(C)CC(PO)C1,0,0,0.5,0.0,1.0,0.9122284650802612,1.0,0.9122284650802612,0.5,0.06003308296203613,C|AddA-15|Sub-8|InsA-0|InsA-37|AddA-28|ChB-1408|AddA-10|InsA-4_InsA-1|MoveFG-6654_InsA-73
OC1CC1,0,0,0.5,0.0,1.0,0.9746707081794739,1.0,0.9746707081794739,0.5,0.035182952880859375,C|Sub-1|AddA-8|InsA-0_ChB-2110|ChB-1407|InsA-1|Sub-2_ChB-741
ClC1OCP1,1,0,0.5,0.0,1.0,1.4522242546081543,1.0,1.4522242546081543,0.5,0.028486013412475586,C|Sub-1|AddA-15|Sub-2|AddA-8_Sub-12|AddA-30|ChB-740_ChB-0|ChB-703|InsA-0
ClC1CCP1,0,0,0.5,0.0,1.0,1.1228727102279663,1.0,1.1228727102279663,0.5,0.03632521629333496,C|Sub-1|AddA-15|Sub-2|AddA-8_Sub-12|AddA-30|ChB-740_ChB-0|ChB-703|InsA-0|Sub-0
OCNO,0,0,0.5,0.0,1.0,1.3655301332473755,1.0,1.3655301332473755,0.5,0.037824153900146484,C|Sub-1|AddA-15|Sub-2|AddA-8_Sub-12|AddA-18|RmA-2_AddA-17|RmA-0|Sub-0_AddA-26
CC=[SH]S,0,0,0.5,0.0,1.0,1.1804884672164917,1.0,1.1804884672164917,0.5,0.03461408615112305,C|Sub-1|AddA-8|InsA-0_ChB-2110|ChB-1407|Sub-5|AddA-13
NCCP,0,0,0.5,0.0,1.0,0.808596134185791,1.0,0.808596134185791,0.5,0.051145076751708984,C|Sub-1|AddA-8|InsA-0_ChB-2110|Sub-12|ChB-704_InsA-37
POP,0,0,0.5,0.0,1.0,0.8175989389419556,1.0,0.8175989389419556,0.5,0.03580188751220703,C|Sub-1|AddA-15|Sub-2|AddA-8_Sub-12|AddA-30|ChB-740_ChB-0|RmA-3_Sub-20|MoveFG-1406
CCCPN,0,0,0.5,0.0,1.0,0.808634340763092,1.0,0.808634340763092,0.5,0.051715850830078125,C|AddA-15|Sub-8|InsA-0|InsA-37|AddA-28|CutA-3|ChB-1443_InsA-73|RmA-1_AddA-25
CC(N)CC(C)O,0,0,0.5,0.0,1.0,0.9339622259140015,1.0,0.9339622259140015,0.5,0.05727410316467285,C|AddA-15|Sub-8|InsA-0|InsA-37|InsA-1|AddA-34|AddA-41
CC(C)C#N,0,0,0.5,0.0,1.0,1.3611736297607422,1.0,1.3611736297607422,0.5,0.04408097267150879,C|AddA-15|Sub-8|InsA-0|InsA-37|MoveFG-41|AddA-9|ChB-2112
OC1=CC(O)C(P)C1,0,0,0.5,0.0,1.0,1.2008336782455444,1.0,1.2008336782455444,0.5,0.08851504325866699,C|AddA-15|Sub-8|InsA-0|InsA-37|AddA-28|ChB-1408|AddA-10|InsA-4_InsA-1|MoveFG-6657_Sub-10|RmA-6_InsA-73
CC1=C(O)CC1P,1,0,0.5,0.0,1.0,0.9428572058677673,1.0,0.9428572058677673,0.5,0.05261993408203125,C|AddA-15|Sub-8|InsA-0|InsA-37|AddA-28|ChB-1408|AddA-10|InsA-4_InsA-1|CutA-6
OC1C2=CC1C2P,0,0,0.5,0.0,1.0,1.351778268814087,1.0,1.351778268814087,0.5,0.04152703285217285,C|AddA-15|Sub-8|InsA-0|InsA-37|AddA-28|ChB-1408|AddA-10|InsA-4_InsA-1|CutA-6|ChB-744_MoveFG-153
CC1=C(O)C1O,0,0,0.5,0.0,1.0,1.1771025657653809,1.0,1.1771025657653809,0.5,0.03867793083190918,C|AddA-15|Sub-8|InsA-0|InsA-37|AddA-28|ChB-1408|AddA-10|InsA-4_InsA-1|MoveFG-6657_Sub-10|RmA-4_CutA-2
CCCC#N,0,0,0.5,0.0,1.0,1.3727233409881592,1.0,1.3727233409881592,0.5,0.07193279266357422,C|Sub-1|AddA-8|InsA-0_ChB-2110|InsA-37|InsA-73_MoveFG-39
C1#CPC1,0,0,0.5,0.0,1.0,1.1176671981811523,1.0,1.1176671981811523,0.5,0.028898000717163086,C|AddA-15|Sub-8|InsA-0|InsA-37|AddA-28|CutA-3|MoveFG-1409|ChB-2109
OPNP,0,0,0.5,0.0,1.0,0.9589558243751526,1.0,0.9589558243751526,0.5,0.03032517433166504,C|Sub-1|AddA-15|Sub-2|AddA-8_Sub-12|AddA-18|RmA-2_AddA-17|RmA-0|AddA-28
NN(O)O,0,0,0.5,0.0,1.0,2.0727691650390625,1.0,2.0727691650390625,0.5,0.028605222702026367,C|Sub-1|AddA-15|Sub-2|AddA-8_Sub-12|AddA-18|RmA-2_AddA-17|Sub-9
ONCl,0,0,0.5,0.0,1.0,1.709464430809021,1.0,1.709464430809021,0.5,0.01931023597717285,C|Sub-1|AddA-15|Sub-7_RmA-1|AddA-14|Sub-6|Sub-1_AddA-10
NC=S,0,0,0.5,0.0,1.0,1.1840362548828125,1.0,1.1840362548828125,0.5,0.020142078399658203,C|Sub-1|AddA-8|InsA-0_ChB-2110|ChB-1407|Sub-5|AddA-25_RmA-1
N#CPO,0,0,0.5,0.0,1.0,1.6449917554855347,1.0,1.6449917554855347,0.5,0.01981806755065918,C|Sub-1|AddA-8|InsA-0_ChB-2110|Sub-12|AddA-18
OPCPS,1,0,0.5,0.0,1.0,0.9245399832725525,1.0,0.9245399832725525,0.5,0.03613686561584473,C|Sub-1|AddA-15|Sub-2|AddA-8_Sub-12|AddA-30|ChB-740_ChB-0|RmA-3_Sub-20|InsA-37_AddA-21
OCCCPS,0,0,0.5,0.0,1.0,0.9449409246444702,1.0,0.9449409246444702,0.5,0.03874683380126953,C|Sub-1|AddA-15|Sub-2|AddA-8_Sub-12|AddA-30|ChB-740_ChB-0|RmA-3_Sub-20|InsA-37_AddA-21|InsA-38_Sub-16
C=C(C)CCP,0,0,0.5,0.0,1.0,0.9147530794143677,1.0,0.9147530794143677,0.5,0.07413697242736816,C|AddA-15|Sub-8|InsA-0|InsA-37|AddA-28|CutA-3|ChB-1443_InsA-73|InsA-108
NOCBr,0,0,0.5,0.0,1.0,1.5064634084701538,1.0,1.5064634084701538,0.5,0.02643609046936035,C|Sub-1|AddA-15|Sub-2|AddA-8_Sub-12|AddA-18|CutA-1|Sub-17_AddA-23
OSS,0,0,0.5,0.0,1.0,2.0440797805786133,1.0,2.0440797805786133,0.5,0.01811981201171875,C|AddA-13|AddA-21|MoveFG-1406|Sub-2_RmA-2|AddA-13|MoveFG-2
CCC(=N)P,0,0,0.5,0.0,1.0,1.012224793434143,1.0,1.012224793434143,0.5,0.03429412841796875,C|Sub-1|AddA-8|InsA-0_ChB-2110|ChB-1407|InsA-37_MoveFG-2775|AddA-28
N#CCS,0,0,0.5,0.0,1.0,1.4292089939117432,1.0,1.4292089939117432,0.5,0.0531001091003418,C|Sub-1|AddA-8|InsA-0_ChB-2110|InsA-37|Sub-13
CP(C)C,0,0,0.5,0.0,1.0,0.7685737609863281,1.0,0.7685737609863281,0.5,0.040825843811035156,C|AddA-15|Sub-8|InsA-0|InsA-37|AddA-28|CutA-3|MoveFG-1409|MoveFG-41
OPS,0,0,0.5,0.0,1.0,1.1345345973968506,1.0,1.1345345973968506,0.5,0.018779993057250977,C|Sub-1|AddA-15|Sub-2|AddA-8_Sub-12|AddA-18|RmA-2_AddA-17|RmA-0|Sub-21
NP(O)P,0,0,0.5,0.0,1.0,0.9541163444519043,1.0,0.9541163444519043,0.5,0.0341641902923584,C|Sub-1|AddA-15|Sub-2|AddA-8_Sub-12|AddA-18|RmA-2_AddA-17|Sub-20
CC(P)CF,0,0,0.5,0.0,1.0,0.9958558082580566,1.0,0.9958558082580566,0.5,0.041731834411621094,C|AddA-15|Sub-8|InsA-0|InsA-37|MoveFG-41|InsA-2|Sub-3|Sub-36_MoveFG-115
OC(Br)SP,0,0,0.5,0.0,1.0,1.7640775442123413,1.0,1.7640775442123413,0.5,0.02947402000427246,C|AddA-15|Sub-5|InsA-0|Sub-20|InsA-37_AddA-35|MoveFG-2774_Sub-34
SSCl,0,0,0.5,0.0,1.0,2.0817081928253174,1.0,2.0817081928253174,0.5,0.01807093620300293,C|Sub-1|AddA-15|Sub-7_RmA-1|AddA-14|Sub-6|Sub-5_AddA-13
CONBr,0,0,0.5,0.0,1.0,1.8931208848953247,1.0,1.8931208848953247,0.5,0.0350499153137207,C|Sub-1|AddA-8|AddA-10_Sub-17|Sub-2_AddA-24|Sub-31
C#COCCl,0,0,0.5,0.0,1.0,1.3219751119613647,1.0,1.3219751119613647,0.5,0.03512310981750488,C|Sub-1|AddA-15|Sub-2|AddA-8_Sub-12|AddA-30|InsA-0|RmA-1_InsA-2|ChB-1514_ChB-2217
PC1CCC1,0,0,0.5,0.0,1.0,0.8501771688461304,1.0,0.8501771688461304,0.5,0.09502315521240234,C|AddA-15|Sub-8|InsA-0|InsA-37|AddA-28|CutA-3_MoveFG-2775|ChB-703_MoveFG-1446|InsA-37
C1=[SH]CC1,0,0,0.5,0.0,1.0,1.0040737390518188,1.0,1.0040737390518188,0.5,0.036795854568481445,C|AddA-15|Sub-8|InsA-0|InsA-37|ChB-1443_Sub-13|RmA-0|InsA-37
CCOCO,0,0,0.5,0.0,1.0,1.0016411542892456,1.0,1.0016411542892456,0.5,0.05977582931518555,C|Sub-1|AddA-15|Sub-2|AddA-8_Sub-12|AddA-18|CutA-1|AddA-16_InsA-1
CS1=C(F)C1,0,0,0.5,0.0,1.0,1.2332011461257935,1.0,1.2332011461257935,0.5,0.03255414962768555,C|AddA-15|Sub-8|InsA-0|ChB-2109|Sub-5_ChB-0|AddA-27|InsA-1|MoveFG-1406_ChB-1407
CCCC=N,0,0,0.5,0.0,1.0,1.0783194303512573,1.0,1.0783194303512573,0.5,0.048480987548828125,C|Sub-1|AddA-8|InsA-0_ChB-2110|ChB-1407|InsA-37_MoveFG-2775|InsA-37
C#CCC,1,0,0.5,0.0,1.0,1.0874096155166626,1.0,1.0874096155166626,0.5,0.03525805473327637,C|Sub-1|AddA-8|InsA-0_ChB-2110|InsA-37|Sub-0
C#CCCC,0,0,0.5,0.0,1.0,1.1068462133407593,1.0,1.1068462133407593,0.5,0.04204201698303223,C|Sub-1|AddA-8|InsA-0_ChB-2110|InsA-37|Sub-0|InsA-73
CC1=CS1,0,0,0.5,0.0,1.0,1.3770509958267212,1.0,1.3770509958267212,0.5,0.0596919059753418,C|AddA-15|Sub-8|InsA-0|InsA-37|MoveFG-41|ChB-1479_ChB-740|MoveFG-78_Sub-13
SC1OP1,0,0,0.5,0.0,1.0,1.4232978820800781,1.0,1.4232978820800781,0.5,0.033299922943115234,C|Sub-1|AddA-15|Sub-2|AddA-8_Sub-12|AddA-18|ChB-740_MoveFG-1446|Sub-29
NC1PCC=[SH]1,0,0,0.5,0.0,1.0,1.0356611013412476,1.0,1.0356611013412476,0.5,0.0450439453125,C|AddA-15|Sub-8|ChB-1406|AddA-12|ChB-740|InsA-1_Sub-5|InsA-37_AddA-33
CCON,0,0,0.5,0.0,1.0,0.9013679623603821,1.0,0.9013679623603821,0.5,0.03653097152709961,C|Sub-1|AddA-8|AddA-10_Sub-17|Sub-2_AddA-24|ChB-1444|InsA-38_RmA-3
C1NO1,0,0,0.5,0.0,1.0,2.2140305042266846,1.0,2.2140305042266846,0.5,0.028478145599365234,C|Sub-1|AddA-8|AddA-10_Sub-17|Sub-2_AddA-24|RmA-3_ChB-740
CCOC(Cl)Cl,0,0,0.5,0.0,1.0,1.3211157321929932,1.0,1.3211157321929932,0.5,0.044316768646240234,C|Sub-1|AddA-15|Sub-2|AddA-8_Sub-12|AddA-30|InsA-0|RmA-1_InsA-2|AddA-22
C1C2PC12,0,0,0.5,0.0,1.0,0.8836584091186523,1.0,0.8836584091186523,0.5,0.04397010803222656,C|AddA-15|Sub-8|InsA-0|InsA-37|AddA-28|CutA-3_MoveFG-2775|ChB-703_MoveFG-1446|ChB-741
C1=S=CC1,0,0,0.5,0.0,1.0,1.4454149007797241,1.0,1.4454149007797241,0.5,0.05384111404418945,C|AddA-15|Sub-8|InsA-0|InsA-37|ChB-1443_Sub-13|RmA-0|InsA-37_ChB-1407
C1OO1,1,0,0.5,0.0,1.0,2.2374508380889893,1.0,2.2374508380889893,0.5,0.026068925857543945,C|Sub-1|AddA-15|Sub-2|AddA-8_Sub-12|AddA-18|CutA-1|ChB-740
C1OCO1,0,0,0.5,0.0,1.0,1.554227352142334,1.0,1.554227352142334,0.5,0.027678966522216797,C|Sub-1|AddA-15|Sub-2|AddA-8_Sub-12|AddA-18|CutA-1|ChB-740|InsA-1
CCC(N)F,0,0,0.5,0.0,1.0,0.9918989539146423,1.0,0.9918989539146423,0.5,0.037815093994140625,C|Sub-1|AddA-8|InsA-0_ChB-2110|ChB-1407|InsA-1|AddA-35
PCOC=CCl,0,0,0.5,0.0,1.0,1.3780359029769897,1.0,1.3780359029769897,0.5,0.03601217269897461,C|Sub-1|AddA-15|Sub-2|AddA-8_Sub-12|AddA-30|InsA-0|InsA-1|ChB-1481
CC(N)=CP,0,0,0.5,0.0,1.0,0.9023455381393433,1.0,0.9023455381393433,0.5,0.049391984939575195,C|AddA-15|Sub-8|InsA-0|InsA-37|AddA-28|CutA-3_MoveFG-2775|ChB-1406_InsA-1|RmA-2_AddA-9
FCCC1=[SH]C1,0,0,0.5,0.0,1.0,1.084726333618164,1.0,1.084726333618164,0.5,0.04202008247375488,C|AddA-15|Sub-8|InsA-0|InsA-37|ChB-1443_Sub-13|AddA-8|AddA-43
OCPO,0,0,0.5,0.0,1.0,1.0323466062545776,1.0,1.0323466062545776,0.5,0.04723978042602539,C|Sub-1|AddA-15|Sub-2|AddA-8_Sub-12|AddA-18|ChB-740_MoveFG-1446|ChB-1
CPS,0,0,0.5,0.0,1.0,0.8069756627082825,1.0,0.8069756627082825,0.5,0.029102087020874023,C|AddA-15|Sub-8|ChB-1406|AddA-12|ChB-740|InsA-1_Sub-5|RmA-1_MoveFG-39
CNOS,0,0,0.5,0.0,1.0,1.6377613544464111,1.0,1.6377613544464111,0.5,0.03566098213195801,C|Sub-1|AddA-8|AddA-10_Sub-17|Sub-2_AddA-24|ChB-1444|ChB-38_Sub-13
c1[nH]oc#1,0,0,0.5,0.0,1.0,1.7044422626495361,1.0,1.7044422626495361,0.5,0.021759033203125,C|Sub-1|AddA-8|AddA-10_Sub-17|Sub-2_AddA-24|ChB-2147
CCOCl,1,0,0.5,0.0,1.0,1.716368556022644,1.0,1.716368556022644,0.5,0.032506704330444336,C|Sub-1|AddA-15|Sub-2|AddA-8_Sub-12|AddA-30|InsA-0|RmA-1_InsA-2|CutA-1
ClOC=CBr,0,0,0.5,0.0,1.0,2.116030216217041,1.0,2.116030216217041,0.5,0.0295560359954834,C|Sub-1|AddA-15|Sub-2|AddA-8_Sub-12|AddA-30|InsA-0|RmA-1_InsA-2|CutA-1|AddA-31_ChB-1479
FC(S)P(F)Br,0,0,0.5,0.0,1.0,1.518143653869629,1.0,1.518143653869629,0.5,0.035962820053100586,C|AddA-15|Sub-8|InsA-0|ChB-2109|Sub-5_ChB-0|AddA-27|InsA-37|Sub-36|Sub-15_AddA-43
PC1CS1,0,0,0.5,0.0,1.0,1.0735224485397339,1.0,1.0735224485397339,0.5,0.03175616264343262,C|AddA-15|AddA-12|Sub-16_AddA-29|ChB-705|MoveFG-2_Sub-12
CCNNBr,0,0,0.5,0.0,1.0,1.7639025449752808,1.0,1.7639025449752808,0.5,0.032768964767456055,C|Sub-1|AddA-8|AddA-10_Sub-17|AddA-16|AddA-31
ClCC1ONP1,0,0,0.5,0.0,1.0,2.0623135566711426,1.0,2.0623135566711426,0.5,0.040006160736083984,C|Sub-1|AddA-15|Sub-2|AddA-8_Sub-12|AddA-30|InsA-0|InsA-1|Sub-33_ChB-743
CC=C1CP1,0,0,0.5,0.0,1.0,0.9541478157043457,1.0,0.9541478157043457,0.5,0.046884775161743164,C|AddA-15|Sub-8|InsA-0|InsA-37|AddA-28|CutA-3_MoveFG-2775|ChB-1406_InsA-1|ChB-74_ChB-776
C=CC1=[SH]C1N,0,0,0.5,0.0,1.0,1.8997842073440552,1.0,1.8997842073440552,0.5,0.03476691246032715,C|AddA-15|Sub-8|InsA-0|InsA-37|ChB-1443_Sub-13|AddA-8|AddA-33_ChB-1409
OP1CO1,0,0,0.5,0.0,1.0,1.528557538986206,1.0,1.528557538986206,0.5,0.027552127838134766,C|Sub-1|AddA-15|Sub-2|AddA-8_Sub-12|AddA-18|ChB-740_MoveFG-1446|MoveFG-2775
C1=[SH]CO1,0,0,0.5,0.0,1.0,1.2677552700042725,1.0,1.2677552700042725,0.5,0.03828001022338867,C|AddA-15|Sub-8|ChB-1406|AddA-12|ChB-740|InsA-1_Sub-5|Sub-21_Sub-18
ClC1=CN1,1,0,0.5,0.0,1.0,1.6834138631820679,1.0,1.6834138631820679,0.5,0.030848026275634766,C|Sub-1|AddA-8|AddA-10_Sub-17|Sub-2_AddA-24|ChB-1444|AddA-22_CutA-0
CNCCl,0,0,0.5,0.0,1.0,1.0864531993865967,1.0,1.0864531993865967,0.5,0.033078908920288086,C|Sub-1|AddA-8|AddA-10_Sub-17|Sub-2_AddA-24|ChB-1444|AddA-22_CutA-0|ChB-1
NCCO,0,0,0.5,0.0,1.0,0.9580903649330139,1.0,0.9580903649330139,0.5,0.038789987564086914,C|Sub-1|AddA-8|AddA-10_Sub-17|Sub-2_AddA-24|ChB-1444|ChB-1_ChB-741
BrC12C=C1P2,0,0,0.5,0.0,1.0,1.7793247699737549,1.0,1.7793247699737549,0.5,0.06545376777648926,C|AddA-15|Sub-8|InsA-0|InsA-37|AddA-28|CutA-3_MoveFG-2775|ChB-1406_ChB-776|AddA-26_Sub-39
PCC=CBr,0,0,0.5,0.0,1.0,1.615366816520691,1.0,1.615366816520691,0.5,0.03735184669494629,C|AddA-15|Sub-8|ChB-1406|AddA-20_AddA-11|RmA-3_InsA-37|AddA-15
CPCS,0,0,0.5,0.0,1.0,0.8490425944328308,1.0,0.8490425944328308,0.5,0.04167008399963379,C|AddA-15|Sub-8|InsA-0|ChB-2109|Sub-5_ChB-0|AddA-27|InsA-37|Sub-36|RmA-3
FC(S)CCS,0,0,0.5,0.0,1.0,1.1028257608413696,1.0,1.1028257608413696,0.5,0.035032033920288086,C|AddA-15|Sub-8|InsA-0|ChB-2109|Sub-5_ChB-0|AddA-27|InsA-37|MoveFG-2775_AddA-21
C=PS,0,0,0.5,0.0,1.0,1.1890801191329956,1.0,1.1890801191329956,0.5,0.01885080337524414,C|AddA-15|Sub-8|ChB-1406|AddA-12|MoveFG-2_RmA-0|AddA-21
OC1(Br)CS1,0,0,0.5,0.0,1.0,2.170508861541748,1.0,2.170508861541748,0.5,0.03417801856994629,C|AddA-15|AddA-12|Sub-16_AddA-29|ChB-705|AddA-10
CC(N)N,0,0,0.5,0.0,1.0,0.8466358780860901,1.0,0.8466358780860901,0.5,0.037795066833496094,C|Sub-1|AddA-8|AddA-10_Sub-17|AddA-16|MoveFG-39
PCOCNCl,1,0,0.5,0.0,1.0,1.1336513757705688,1.0,1.1336513757705688,0.5,0.037934064865112305,C|Sub-1|AddA-15|Sub-2|AddA-8_Sub-12|AddA-30|InsA-0|InsA-1|Sub-17
CCPOCNCl,0,0,0.5,0.0,1.0,1.1441662311553955,1.0,1.1441662311553955,0.5,0.050769805908203125,C|Sub-1|AddA-15|Sub-2|AddA-8_Sub-12|AddA-30|InsA-0|InsA-1|Sub-17|MoveFG-115_InsA-39
PC1CCC1S,0,0,0.5,0.0,1.0,0.9118623733520508,1.0,0.9118623733520508,0.5,0.03991866111755371,C|AddA-15|Sub-8|InsA-0|InsA-37|AddA-28|CutA-3_MoveFG-2775|ChB-1406_InsA-1|ChB-703_AddA-13
C=PCCl,0,0,0.5,0.0,1.0,1.1596355438232422,1.0,1.1596355438232422,0.5,0.028405189514160156,C|AddA-15|Sub-8|ChB-1406|AddA-12|MoveFG-2|AddA-14
PNCCSCl,0,0,0.5,0.0,1.0,1.5949143171310425,1.0,1.5949143171310425,0.5,0.13312888145446777,C|AddA-15|AddA-12|Sub-16_AddA-29|Sub-9_AddA-38|AddA-20
N=NCCN,0,0,0.5,0.0,1.0,1.1597955226898193,1.0,1.1597955226898193,0.5,0.11800789833068848,C|Sub-1|AddA-8|AddA-10_Sub-17|Sub-9_ChB-1406|InsA-1_InsA-73
PCOC(Cl)SS,0,0,0.5,0.0,1.0,1.4324251413345337,1.0,1.4324251413345337,0.5,0.12180805206298828,C|Sub-1|AddA-15|Sub-2|AddA-8_Sub-12|AddA-30|InsA-0|AddA-29|AddA-53
C1=CC1,0,0,0.5,0.0,1.0,1.0108401775360107,1.0,1.0108401775360107,0.5,0.03235602378845215,C|AddA-15|Sub-8|InsA-0|InsA-37|AddA-28|CutA-3_MoveFG-2775|ChB-1406_ChB-776|RmA-3
C=CCPP,0,0,0.5,0.0,1.0,0.9069809913635254,1.0,0.9069809913635254,0.5,0.06352901458740234,C|AddA-15|Sub-8|ChB-1406|AddA-20_AddA-11|RmA-3_InsA-37|AddA-28
FC1PC#S1,0,0,0.5,0.0,1.0,1.6317933797836304,1.0,1.6317933797836304,0.5,0.03217601776123047,C|AddA-15|Sub-8|InsA-0|ChB-2109|Sub-5_ChB-0|AddA-27|InsA-37|Sub-36|ChB-2109
CC(P)C(F)S,1,0,0.5,0.0,1.0,1.0482242107391357,1.0,1.0482242107391357,0.5,0.06312108039855957,C|AddA-15|Sub-8|InsA-0|ChB-2109|Sub-5_ChB-0|AddA-27|InsA-37|AddA-44
CC(C)C(F)S,0,0,0.5,0.0,1.0,1.0798650979995728,1.0,1.0798650979995728,0.5,0.05718803405761719,C|AddA-15|Sub-8|InsA-0|ChB-2109|Sub-5_ChB-0|AddA-27|InsA-37|AddA-44|InsA-142_RmA-5
CN(C)N,0,0,0.5,0.0,1.0,0.9114973545074463,1.0,0.9114973545074463,0.5,0.056752920150756836,C|Sub-1|AddA-8|AddA-10_Sub-17|AddA-16|MoveFG-1444
FC1C[SH]1F,0,0,0.5,0.0,1.0,1.205016016960144,1.0,1.205016016960144,0.5,0.03628802299499512,C|AddA-15|Sub-8|InsA-0|ChB-2109|Sub-5_ChB-0|AddA-27|ChB-703|AddA-11
FC1=PP1,0,0,0.5,0.0,1.0,1.5068186521530151,1.0,1.5068186521530151,0.5,0.026250123977661133,C|AddA-15|Sub-8|ChB-1406|AddA-12|ChB-740|Sub-12|AddA-11
BrC1=PC1,0,0,0.5,0.0,1.0,1.737733244895935,1.0,1.737733244895935,0.5,0.03440093994140625,C|AddA-15|Sub-8|ChB-1406|AddA-12|MoveFG-2|ChB-703_AddA-23
NCCSF,0,0,0.5,0.0,1.0,1.4190409183502197,1.0,1.4190409183502197,0.5,0.056240081787109375,C|AddA-15|AddA-12|Sub-16_AddA-29|Sub-9_AddA-38|Sub-35
CN(N)N,0,0,0.5,0.0,1.0,1.1882407665252686,1.0,1.1882407665252686,0.5,0.045893192291259766,C|Sub-1|AddA-8|AddA-10_Sub-17|Sub-9_ChB-1406|InsA-0_MoveFG-1444
POC(S)Cl,0,0,0.5,0.0,1.0,1.1855590343475342,1.0,1.1855590343475342,0.5,0.050547122955322266,C|Sub-1|AddA-15|Sub-2|AddA-8_Sub-12|AddA-30|InsA-0|AddA-29|ChB-1445_CutA-4
PC12C=C1P2,0,0,0.5,0.0,1.0,1.3503918647766113,1.0,1.3503918647766113,0.5,0.047090768814086914,C|AddA-15|Sub-8|InsA-0|InsA-37|AddA-28|CutA-3_MoveFG-2775|ChB-1406_ChB-776|AddA-28
C=C1CP1,1,0,0.5,0.0,1.0,1.001703143119812,1.0,1.001703143119812,0.5,0.04766511917114258,C|AddA-15|Sub-8|ChB-1406|AddA-20_AddA-11|RmA-3_InsA-37|MoveFG-2775_ChB-776
C=C1PC1O,0,0,0.5,0.0,1.0,1.3518553972244263,1.0,1.3518553972244263,0.5,0.0726771354675293,C|AddA-15|Sub-8|ChB-1406|AddA-20_AddA-11|RmA-3_InsA-37|MoveFG-2775_ChB-776|MoveFG-3_AddA-18
CC(C)(F)S,0,0,0.5,0.0,1.0,1.036637783050537,1.0,1.036637783050537,0.5,0.04801487922668457,C|AddA-15|Sub-8|InsA-0|ChB-2109|Sub-5_ChB-0|AddA-27|InsA-37|Sub-36|AddA-24_CutA-4
C=C(S)Br,0,0,0.5,0.0,1.0,1.8222261667251587,1.0,1.8222261667251587,0.5,0.03986215591430664,C|AddA-15|AddA-12|Sub-16_AddA-29|ChB-1407|MoveFG-2774
ClCNCPBr,0,0,0.5,0.0,1.0,1.5524849891662598,1.0,1.5524849891662598,0.5,0.05015826225280762,C|Sub-1|AddA-15|Sub-2|AddA-8_Sub-12|AddA-30|InsA-0|AddA-23|Sub-1
CCC(C)CF,0,0,0.5,0.0,1.0,1.0315860509872437,1.0,1.0315860509872437,0.5,0.05863690376281738,C|AddA-15|Sub-8|InsA-0|InsA-37|MoveFG-41|InsA-2|Sub-3|InsA-73
CC1=CC1C,0,0,0.5,0.0,1.0,0.9394956827163696,1.0,0.9394956827163696,0.5,0.05589890480041504,C|AddA-15|Sub-8|InsA-0|InsA-37|MoveFG-41|InsA-2|ChB-1445
F[SH]1CCC1,0,0,0.5,0.0,1.0,1.1907473802566528,1.0,1.1907473802566528,0.5,0.04871559143066406,C|AddA-15|Sub-8|InsA-0|ChB-2109|Sub-5_ChB-0|AddA-27|ChB-703|InsA-1_MoveFG-2774
C1=PPC1,0,0,0.5,0.0,1.0,1.095909595489502,1.0,1.095909595489502,0.5,0.03891921043395996,C|AddA-15|Sub-8|ChB-1406|AddA-12|ChB-740|Sub-12|InsA-1
C=PP,123,0,0.5,0.0,1.0,1.02234947681427,1.0,1.02234947681427,0.5,0.03859996795654297,C|AddA-15|Sub-8|ChB-1406|AddA-12|MoveFG-2|AddA-12_CutA-0
