history_data,total,LinComb(1-(SigmLin(redox_potential_-1)); SigmLin(redox_potential)),1-(SigmLin(redox_potential_-1)),SigmLin(redox_potential_-1),redox_potential_-1,SigmLin(redox_potential),redox_potential,smiles
C|AddA-15|Sub-8|Sub-3|AddA-18_RmA-0|InsA-0_Sub-17|Sub-2_ChB-703,1.0640917553743053e-10,1.0640917553743053e-10,9.052314453583676e-11,0.9999999999094769,2.9983632564544678,1.222952065390243e-10,2.9983632564544678,[nH]1oo1
C|Sub-1|AddA-14|Sub-13|ChB-2109|Sub-4|AddA-23,1.2609594764418875e-09,1.2609594764418875e-09,4.39737135593532e-12,0.9999999999956026,2.96545147895813,2.5175215815278396e-09,2.96545147895813,P#SBr
C|AddA-15|Sub-5|AddA-9|MoveFG-2_ChB-1407,2.645607206247693e-09,2.645607206247693e-09,2.092992446023345e-12,0.999999999997907,2.9573733806610107,5.2891214200493626e-09,2.9573733806610107,S=NBr
C|AddA-13|AddA-21|MoveFG-1406|Sub-2_RmA-2|AddA-13|ChB-740,5.469924215830027e-09,5.469924215830027e-09,1.093883639224913e-08,0.9999999890611636,3.0505337715148926,1.0120394109251399e-12,3.0505337715148926,o1ss1
C|AddA-15|Sub-5|AddA-9|InsA-0|CutA-3_ChB-2110,1.552948192289887e-07,1.552948192289887e-07,3.1058960281438175e-07,0.9999996894103972,3.086944580078125,3.564359565606196e-14,3.086944580078125,N#SBr
C|AddA-13|AddA-21|MoveFG-1406|ChB-2110_ChB-1443|Sub-5_Sub-9,1.9853071441729368e-07,1.9853071441729368e-07,2.7977620220553945e-14,0.999999999999972,2.9103827476501465,3.9706140085696714e-07,2.9103827476501465,N1=[SH]#S1
C|Sub-1|AddA-15|AddA-13_Sub-23|AddA-9|InsA-0|ChB-811,2.1082717976994846e-05,2.1082717976994846e-05,2.220446049250313e-16,0.9999999999999998,2.8596177101135254,4.216543595376765e-05,2.8596177101135254,BrC1NN1Br
C|Sub-1|AddA-14|Sub-13|ChB-1406|Sub-5,0.0004952551128732394,0.0004952551128732394,0.0,1.0,2.82525897026062,0.0009905102257464788,2.82525897026062,S=S
C|AddA-15|Sub-8|Sub-3|AddA-18_RmA-0|ChB-1406|Sub-5,0.004826866313260848,0.004826866313260848,0.009653732626521694,0.9903462673734783,3.1996114253997803,1.135691458134357e-18,3.1996114253997803,O=S
C|Sub-1|AddA-12|AddA-11_Sub-9|ChB-1406|Sub-17_ChB-740,0.004933594613354299,0.004933594613354299,0.0,1.0,2.8001482486724854,0.009867189226708598,2.8001482486724854,N1=NN1
C|Sub-1|AddA-14|AddA-9_MoveFG-2|CutA-2_Sub-9|ChB-2109,0.03348308753775709,0.03348308753775709,0.0,1.0,2.7786643505096436,0.06696617507551418,2.7786643505096436,N#N
C|AddA-13|ChB-1406_AddA-17|ChB-704|ChB-2109|AddA-30,0.06838112595408635,0.06838112595408635,0.1367622519081727,0.8632377480918273,3.2299516201019287,6.987675626258786e-20,3.2299516201019287,ClN1C#S1
C|Sub-1|AddA-15|AddA-13_Sub-23|AddA-15,0.20619447449811457,0.20619447449811457,0.0,1.0,2.7538530826568604,0.41238894899622913,2.7538530826568604,BrN(Br)Br
C|Sub-1|AddA-15|AddA-13_Sub-23|AddA-9|MoveFG-3|ChB-1408,0.29213369960338137,0.29213369960338137,0.0,1.0,2.7462968826293945,0.5842673992067627,2.7462968826293945,BrN=NBr
C|AddA-15|Sub-8|Sub-3|AddA-18|ChB-1443_CutA-1|InsA-0_AddA-26|ChB-741,0.4493853193195145,0.4493853193195145,0.0,1.0,2.726238965988159,0.898770638639029,2.726238965988159,FC1OO1
C|AddA-13|ChB-1406_AddA-17|ChB-704|AddA-18|AddA-26,0.49655182692776073,0.49655182692776073,0.0,1.0,2.6959211826324463,0.9931036538555215,2.6959211826324463,ON1C=S1O
C|AddA-15|Sub-5|AddA-9|Sub-2|AddA-26_AddA-35,0.4980612494245772,0.4980612494245772,0.0,1.0,2.689622640609741,0.9961224988491544,2.689622640609741,FONOBr
C|AddA-13|AddA-21|MoveFG-1406|ChB-2110_InsA-0|ChB-2146|InsA-37|ChB-1479,0.4994954441907117,0.4994954441907117,0.0,1.0,2.674943685531616,0.9989908883814234,2.674943685531616,C1#S2=C1SC2
C|Sub-1|AddA-8|InsA-0_ChB-2110|ChB-1407|Sub-5|ChB-1406_ChB-2110,0.49974919185651795,0.49974919185651795,0.0,1.0,2.667332172393799,0.9994983837130359,2.667332172393799,C1#[SH]=C1
C|AddA-13|ChB-1406_AddA-17|ChB-704|ChB-2109|AddA-30_Sub-31,0.4999417254365133,0.4999417254365133,0.9998834508730265,0.0001165491269734212,3.3485536575317383,1.2904114289446723e-24,3.3485536575317383,BrN1C#S1
C|AddA-13|AddA-9|Sub-22_ChB-1406|AddA-21|AddA-38_ChB-2109,0.4999815649063965,0.4999815649063965,0.0,1.0,2.6389219760894775,0.999963129812793,2.6389219760894775,ClC#SSCl
C|Sub-1|AddA-15|Sub-7_RmA-1|AddA-10_AddA-23,0.4999927333587168,0.4999927333587168,0.0,1.0,2.628791570663452,0.9999854667174336,2.628791570663452,BrOBr
C|AddA-13|AddA-21|MoveFG-1406|AddA-19_ChB-1443|MoveFG-1444|ChB-740,0.4999927760614923,0.4999927760614923,0.0,1.0,2.628727436065674,0.9999855521229846,2.628727436065674,FC1SS1
C|AddA-15|InsA-0|InsA-37_ChB-1407|CutA-3|Sub-4|ChB-2110,0.4999998800433988,0.4999998800433988,0.0,1.0,2.584135055541992,0.9999997600867976,2.584135055541992,P#CBr
C|Sub-1|AddA-14|Sub-5|AddA-9|ChB-1407_MoveFG-2,0.4999998871098101,0.4999998871098101,0.0,1.0,2.5834743976593018,0.9999997742196202,2.5834743976593018,S=NCl
C|AddA-15|Sub-5|AddA-9|Sub-21_ChB-1407,0.4999999530280414,0.4999999530280414,0.0,1.0,2.5739328861236572,0.9999999060560828,2.5739328861236572,S=[SH]Br
C|Sub-1|AddA-15|Sub-2|InsA-0|MoveFG-1406|AddA-26_Sub-17,0.49999996980427647,0.49999996980427647,0.0,1.0,2.569124937057495,0.9999999396085529,2.569124937057495,ONOBr
C|AddA-15|Sub-5|InsA-0|MoveFG-1406|ChB-2110,0.49999997686786474,0.49999997686786474,0.0,1.0,2.566225290298462,0.9999999537357295,2.566225290298462,C#SBr
C|AddA-13|AddA-21|MoveFG-1406|ChB-2110_ChB-1443|AddA-24|MoveFG-2775_Sub-27,0.49999998814785057,0.49999998814785057,0.0,1.0,2.5589487552642822,0.9999999762957011,2.5589487552642822,FS1=[SH]#C1
C|AddA-15|Sub-8|ChB-2109|AddA-19|MoveFG-1406_AddA-23,0.49999999985660315,0.49999999985660315,0.0,1.0,2.510911226272583,0.9999999997132063,2.510911226272583,FC#CBr
C|Sub-1|AddA-15|AddA-13_Sub-23|AddA-9|AddA-39,0.49999999990452904,0.49999999990452904,0.0,1.0,2.5064847469329834,0.9999999998090581,2.5064847469329834,BrNN(Br)Br
C|AddA-15|InsA-0|InsA-37_ChB-1407|ChB-1408_MoveFG-1446,0.49999999994960426,0.49999999994960426,0.9999999998992085,1.0079152724731134e-10,3.500467538833618,1.1158159946418636e-30,3.500467538833618,BrC1=C=C1
C|AddA-13|ChB-1406_AddA-17|ChB-704|ChB-2109|Sub-5,0.4999999999669008,0.4999999999669008,0.0,1.0,2.49495792388916,0.9999999999338016,2.49495792388916,N1S#S1
C|AddA-15|Sub-5|AddA-9|Sub-2|InsA-1_ChB-2182,0.49999999998843814,0.49999999998843814,0.0,1.0,2.4835128784179688,0.9999999999768763,2.4835128784179688,N#COBr
C|Sub-1|AddA-15|AddA-13_Sub-23|AddA-9|AddA-35,0.49999999999641087,0.49999999999641087,0.0,1.0,2.4707839488983154,0.9999999999928217,2.4707839488983154,FNN(Br)Br
C|AddA-13|AddA-21|MoveFG-1406|Sub-2_RmA-2|AddA-11_AddA-22,0.4999999999988274,0.4999999999988274,0.0,1.0,2.458611249923706,0.9999999999976548,2.458611249923706,FOSCl
C|AddA-15|Sub-7,0.499999999999006,0.499999999999006,0.0,1.0,2.456813335418701,0.999999999998012,2.456813335418701,BrBr
C|AddA-15|Sub-5|InsA-0|ChB-2110,0.49999999999931655,0.49999999999931655,0.0,1.0,2.4527370929718018,0.9999999999986331,2.4527370929718018,[SH]#CBr
C|Sub-1|AddA-12|AddA-11_Sub-9|AddA-15|AddA-21,0.4999999999995749,0.4999999999995749,0.0,1.0,2.44757080078125,0.9999999999991498,2.44757080078125,FN(Br)NS
C|AddA-13|AddA-21|MoveFG-1406|ChB-2110_ChB-1443|ChB-2146|RmA-0_AddA-22,0.4999999999999434,0.4999999999999434,0.0,1.0,2.4256441593170166,0.9999999999998868,2.4256441593170166,[SH]#SCl
C|Sub-1|AddA-15|Sub-2|AddA-8_Sub-12|ChB-1443|AddA-31,0.4999999999999484,0.4999999999999484,0.0,1.0,2.42463755607605,0.9999999999998967,2.42463755607605,BrC1=PO1
C|Sub-1|AddA-8|ChB-1406|Sub-9|AddA-23,0.49999999999995115,0.49999999999995115,0.0,1.0,2.4240379333496094,0.9999999999999023,2.4240379333496094,N=NBr
C|Sub-1|AddA-15|AddA-13_Sub-23|AddA-14,0.49999999999996303,0.49999999999996303,0.0,1.0,2.4209866523742676,0.9999999999999261,2.4209866523742676,ClN(Br)Br
C|AddA-15|InsA-0|ChB-2110,0.49999999999998523,0.49999999999998523,0.0,1.0,2.4110467433929443,0.9999999999999705,2.4110467433929443,C#CBr
C|AddA-13|AddA-21|MoveFG-1406|ChB-2110_ChB-1443|ChB-0|AddA-14,0.49999999999998557,0.49999999999998557,0.0,1.0,2.4107773303985596,0.9999999999999711,2.4107773303985596,S=[SH]#CCl
C|Sub-1|AddA-14|AddA-9_MoveFG-2|ChB-1407_MoveFG-1406|AddA-30,0.499999999999995,0.499999999999995,0.0,1.0,2.39931583404541,0.99999999999999,2.39931583404541,ClN=NCl
C|Sub-1|AddA-15|Sub-2|RmA-1|Sub-6|AddA-10|AddA-23,0.49999999999999556,0.49999999999999556,0.0,1.0,2.397826671600342,0.9999999999999911,2.397826671600342,ClOBr
C|AddA-15|Sub-8|InsA-0|MoveFG-1406_Sub-17|Sub-4_InsA-1|ChB-1408_ChB-1443,0.4999999999999956,0.4999999999999956,0.9999999999999912,8.79380516425954e-15,3.602173328399658,9.735211602637814e-35,3.602173328399658,C1=NC=P1
C|AddA-15|InsA-0|InsA-37_ChB-1407|RmA-1|AddA-9|ChB-1479|AddA-30,0.49999999999999883,0.49999999999999883,0.9999999999999977,2.2849502979837056e-15,3.616838216781616,2.5295619173812384e-35,3.616838216781616,ClC1=NC=C1
C|AddA-15|Sub-8|ChB-2109|Sub-9|Sub-4,0.49999999999999944,0.49999999999999944,0.0,1.0,2.3758163452148438,0.9999999999999989,2.3758163452148438,N#P
C|AddA-15|Sub-8|InsA-0|ChB-2109|Sub-13|Sub-18,0.49999999999999967,0.49999999999999967,0.0,1.0,2.3699471950531006,0.9999999999999993,2.3699471950531006,C1#SO1
C|Sub-1|AddA-15|AddA-14|InsA-1_RmA-2|Sub-21|AddA-14,0.4999999999999999,0.4999999999999999,0.0,1.0,2.362149953842163,0.9999999999999998,2.362149953842163,SN(Cl)Br
C|AddA-13|AddA-21|MoveFG-1406|ChB-2110_InsA-0|ChB-2146|CutA-0|InsA-37_Sub-29,0.4999999999999999,0.4999999999999999,0.0,1.0,2.3603017330169678,0.9999999999999998,2.3603017330169678,C1SS#S1
C,0.5,0.5,0.0,1.0,0.7028114199638367,1.0,0.7028114199638367,C
C|AddA-15|Sub-8|ChB-1406|AddA-12|ChB-740|InsA-0|AddA-37,0.5,0.5,0.0,1.0,0.8939245939254761,1.0,0.8939245939254761,SC1CPC1
C|AddA-15|Sub-8|ChB-2109|AddA-19|InsA-37_MoveFG-2774|AddA-36,0.5,0.5,0.0,1.0,1.3297959566116333,1.0,1.3297959566116333,FC#CCP
C|AddA-15|Sub-8|ChB-2109|AddA-19|InsA-37_MoveFG-2774|AddA-36|AddA-36,0.5,0.5,0.0,1.0,1.2728729248046875,1.0,1.2728729248046875,FC#CC(P)P
C|AddA-15|InsA-0|InsA-37_ChB-1407|RmA-1|AddA-9|Sub-24,0.5,0.5,0.0,1.0,0.9299396872520447,1.0,0.9299396872520447,CC=CC
C|AddA-15|Sub-5|Sub-4|AddA-14|AddA-8|AddA-36_InsA-2,0.5,0.5,0.0,1.0,1.5628377199172974,1.0,1.5628377199172974,PCCP(Cl)Br
C|AddA-15|Sub-5|Sub-4|AddA-14|InsA-1_AddA-38,0.5,0.5,0.0,1.0,1.5563344955444336,1.0,1.5563344955444336,ClC(Cl)PBr
C|Sub-1|AddA-14|Sub-13|AddA-16|InsA-0,0.5,0.5,0.0,1.0,0.9331239461898804,1.0,0.9331239461898804,CSCN
C|AddA-15|Sub-8|InsA-0|InsA-37|MoveFG-41|InsA-2|AddA-17,0.5,0.5,0.0,1.0,0.8476775884628296,1.0,0.8476775884628296,CCC(C)CN
C|AddA-13|AddA-21|MoveFG-1406|ChB-2110_InsA-0|ChB-2146|CutA-0|ChB-1406,0.5,0.5,0.0,1.0,1.2617343664169312,1.0,1.2617343664169312,C1[SH]=[SH]1
C|AddA-15|Sub-8|InsA-0|ChB-2109|Sub-5_ChB-0|AddA-27|ChB-703|MoveFG-2774,0.5,0.5,0.0,1.0,1.1819698810577393,1.0,1.1819698810577393,F[SH]1CC1
C|AddA-15|Sub-8|ChB-1406|AddA-12|ChB-740|Sub-12|AddA-14,0.5,0.5,0.0,1.0,1.7432496547698975,1.0,1.7432496547698975,ClC1=PP1
C|AddA-15|Sub-8|ChB-1406|AddA-12|MoveFG-2|AddA-10_MoveFG-1406,0.5,0.5,0.0,1.0,1.1077560186386108,1.0,1.1077560186386108,C=C(O)P
C|AddA-15|AddA-12|Sub-16_AddA-29|Sub-9_AddA-38|CutA-2_Sub-10,0.5,0.5,0.0,1.0,1.7023638486862183,1.0,1.7023638486862183,OCSCl
C|Sub-1|AddA-8|AddA-10_Sub-17|Sub-9_ChB-1406|InsA-0,0.5,0.5,0.0,1.0,0.8876572847366333,1.0,0.8876572847366333,NCNN
C|Sub-1|AddA-15|Sub-2|AddA-8_Sub-12|AddA-30|InsA-0|AddA-29|ChB-743_RmA-3,0.5,0.5,0.0,1.0,2.023146390914917,1.0,2.023146390914917,C1OCSP1
C|AddA-15|Sub-8|InsA-0|InsA-37|AddA-28|CutA-3_MoveFG-2775|ChB-1406_ChB-776|Sub-1,0.5,0.5,0.0,1.0,1.6813440322875977,1.0,1.6813440322875977,N1=C2PC12
C|Sub-1|AddA-14|InsA-0|MoveFG-1406|InsA-1|ChB-1408,0.5,0.5,0.0,1.0,1.594840168952942,1.0,1.594840168952942,CC=NCl
C|AddA-15|Sub-8|ChB-1406|AddA-12|MoveFG-2|AddA-12_CutA-0|AddA-8,0.5,0.5,0.0,1.0,0.9153542518615723,1.0,0.9153542518615723,CC=PP
C|AddA-15|AddA-12|Sub-16_AddA-29|ChB-705|AddA-32,0.5,0.5,0.0,1.0,1.4643155336380005,1.0,1.4643155336380005,C[SH]1CC1Br
C|AddA-15|Sub-8|InsA-0|InsA-37|MoveFG-41|InsA-2|Sub-3|AddA-33,0.5,0.5,0.0,1.0,1.0491176843643188,1.0,1.0491176843643188,CC(C)(N)CF
C|AddA-15|Sub-8|InsA-0|InsA-37|MoveFG-41|InsA-2|MoveFG-4105_ChB-703,0.5,0.5,0.0,1.0,0.8821260333061218,1.0,0.8821260333061218,CCC1CC1
C|AddA-15|Sub-8|InsA-0|ChB-2109|Sub-5_ChB-0|AddA-27|ChB-703|Sub-20_AddA-21,0.5,0.5,0.0,1.0,2.0359947681427,1.0,2.0359947681427,FP1SC1S
C|AddA-15|Sub-8|ChB-1406|AddA-12|ChB-740|Sub-12|ChB-703,0.5,0.5,0.0,1.0,0.7148617506027222,1.0,0.7148617506027222,C1PP1
C|AddA-15|Sub-8|ChB-1406|AddA-12|MoveFG-2|InsA-1,0.5,0.5,0.0,1.0,1.0208399295806885,1.0,1.0208399295806885,C=PCC
C|AddA-15|AddA-12|Sub-16_AddA-29|Sub-9_AddA-38|Sub-14,0.5,0.5,0.0,1.0,1.6580215692520142,1.0,1.6580215692520142,ClCCSCl
C|Sub-1|AddA-8|AddA-10_Sub-17|Sub-9_ChB-1406|ChB-703,0.5,0.5,0.0,1.0,1.1370468139648438,1.0,1.1370468139648438,NNN
C|Sub-1|AddA-15|Sub-2|AddA-8_Sub-12|AddA-30|InsA-0|AddA-29|Sub-1_ChB-777,0.5,0.5,0.0,1.0,1.466805338859558,1.0,1.466805338859558,PC1NC1(S)Cl
C|AddA-15|Sub-8|ChB-1406|AddA-12|MoveFG-2|AddA-12_CutA-0|AddA-11_CutA-0,0.5,0.5,0.0,1.0,0.8870518207550049,1.0,0.8870518207550049,FPP
C|AddA-15|AddA-12|Sub-16_AddA-29|ChB-705|AddA-37,0.5,0.5,0.0,1.0,1.570966124534607,1.0,1.570966124534607,S[SH]1CC1Br
C|AddA-15|Sub-8|InsA-0|InsA-37|MoveFG-41|InsA-2|Sub-3|ChB-740_CutA-4,0.5,0.5,0.0,1.0,1.0006755590438843,1.0,1.0006755590438843,FC1CC1
C|AddA-15|Sub-8|InsA-0|InsA-37|MoveFG-41|InsA-2|RmA-0_ChB-1408,0.5,0.5,0.0,1.0,0.9825688004493713,1.0,0.9825688004493713,CC1C=C1
C|AddA-15|Sub-8|InsA-0|ChB-2109|Sub-5_ChB-0|AddA-27|ChB-703|AddA-22,0.5,0.5,0.0,1.0,1.5501257181167603,1.0,1.5501257181167603,FC1SC1Cl
C|AddA-15|Sub-8|ChB-1406|AddA-12|ChB-740|Sub-12|Sub-21,0.5,0.5,0.0,1.0,1.7088277339935303,1.0,1.7088277339935303,C1=PS1
C|AddA-15|Sub-8|ChB-1406|AddA-12|MoveFG-2|AddA-14_MoveFG-39,0.5,0.5,0.0,1.0,1.1599407196044922,1.0,1.1599407196044922,P=CCCl
C|AddA-15|AddA-12|Sub-16_AddA-29|Sub-9_AddA-38|MoveFG-4106_InsA-73,0.5,0.5,0.0,1.0,1.089176058769226,1.0,1.089176058769226,NCC(Cl)CS
C|Sub-1|AddA-8|AddA-10_Sub-17|Sub-9_ChB-1406|AddA-22,0.5,0.5,0.0,1.0,1.9576791524887085,1.0,1.9576791524887085,NN=NCl
C|Sub-1|AddA-15|Sub-2|AddA-8_Sub-12|AddA-30|InsA-0|AddA-29|ChB-1445,0.5,0.5,0.0,1.0,1.3197401762008667,1.0,1.3197401762008667,P=COC(S)Cl
C|AddA-15|Sub-8|ChB-1406|AddA-12|MoveFG-2|AddA-12_CutA-0|AddA-27,0.5,0.5,0.0,1.0,1.170470118522644,1.0,1.170470118522644,C=PPF
C|AddA-15|AddA-12|Sub-16_AddA-29|ChB-705|MoveFG-3_AddA-27,0.5,0.5,0.0,1.0,1.5687990188598633,1.0,1.5687990188598633,FC1C[SH]1Br
C|AddA-15|Sub-8|InsA-0|InsA-37|MoveFG-41|InsA-2|Sub-3|ChB-2146_CutA-4,0.5,0.5,0.0,1.0,1.970868468284607,1.0,1.970868468284607,FC1C#C1
C|AddA-15|Sub-8|InsA-0|InsA-37|MoveFG-41|InsA-2|Sub-10,0.5,0.5,0.0,1.0,0.9267517924308777,1.0,0.9267517924308777,CCC(C)O
C|AddA-15|Sub-8|InsA-0|ChB-2109|Sub-5_ChB-0|AddA-27|ChB-703|AddA-26,0.5,0.5,0.0,1.0,2.14336895942688,1.0,2.14336895942688,OC1(F)CS1
C|AddA-15|Sub-8|ChB-1406|AddA-12|MoveFG-2|MoveFG-39_Sub-3,0.5,0.5,0.0,1.0,1.3917174339294434,1.0,1.3917174339294434,FC=P
C|AddA-15|AddA-12|Sub-16_AddA-29|Sub-9_AddA-38|CutA-2_Sub-2,0.5,0.5,0.0,1.0,2.165693521499634,1.0,2.165693521499634,NOSCl
C|Sub-1|AddA-8|AddA-10_Sub-17|Sub-9_ChB-1406|AddA-17,0.5,0.5,0.0,1.0,1.2413346767425537,1.0,1.2413346767425537,NN=NN
C|Sub-1|AddA-15|Sub-2|AddA-8_Sub-12|AddA-30|InsA-0|AddA-29|MoveFG-42,0.5,0.5,0.0,1.0,1.1750885248184204,1.0,1.1750885248184204,OC(P)C(S)Cl
C|AddA-15|Sub-8|ChB-1406|AddA-12|MoveFG-2|AddA-12_CutA-0|Sub-9,0.5,0.5,0.0,1.0,1.219710111618042,1.0,1.219710111618042,C=NP
C|AddA-15|AddA-12|Sub-16_AddA-29|ChB-705|InsA-2,0.5,0.5,0.0,1.0,1.3616291284561157,1.0,1.3616291284561157,BrC1CSC1
C|AddA-15|Sub-8|InsA-0|InsA-37|MoveFG-41|InsA-2|Sub-3|ChB-1480_Sub-29,0.5,0.5,0.0,1.0,1.2883809804916382,1.0,1.2883809804916382,C[SH]1C=C1F
C|AddA-15|Sub-8|InsA-0|InsA-37|MoveFG-41|InsA-2|MoveFG-117,0.5,0.5,0.0,1.0,0.8479365110397339,1.0,0.8479365110397339,CC(C)(C)C
C|AddA-15|Sub-8|ChB-1406|AddA-12|ChB-740|Sub-12|InsA-1_InsA-2,0.5,0.5,0.0,1.0,1.299201250076294,1.0,1.299201250076294,C1=PPCC1
C|AddA-15|AddA-12|Sub-16_AddA-29|Sub-9_AddA-38|AddA-22_ChB-1407,0.5,0.5,0.0,1.0,1.8821783065795898,1.0,1.8821783065795898,ClNC=CSCl
C|Sub-1|AddA-8|AddA-10_Sub-17|Sub-9_ChB-1406|Sub-5,0.5,0.5,0.0,1.0,1.2360501289367676,1.0,1.2360501289367676,N=[SH]N
C|Sub-1|AddA-15|Sub-2|AddA-8_Sub-12|AddA-30|InsA-0|AddA-29|ChB-1548,0.5,0.5,0.0,1.0,1.6232142448425293,1.0,1.6232142448425293,PC1=[SH]C(Cl)O1
C|AddA-15|Sub-8|ChB-1406|AddA-12|MoveFG-2|AddA-12_CutA-0|InsA-37,0.5,0.5,0.0,1.0,0.9791029095649719,1.0,0.9791029095649719,C=PCP
C|AddA-15|AddA-12|Sub-16_AddA-29|ChB-705|ChB-73_InsA-0,0.5,0.5,0.0,1.0,1.391632318496704,1.0,1.391632318496704,CC(S)CBr
C|AddA-15|Sub-8|InsA-0|InsA-37|MoveFG-41|InsA-2|Sub-3|Sub-29_Sub-10,0.5,0.5,0.0,1.0,1.1646385192871094,1.0,1.1646385192871094,C[SH](O)CF
C|AddA-15|Sub-8|InsA-0|InsA-37|MoveFG-41|InsA-2|InsA-3_Sub-25,0.5,0.5,0.0,1.0,0.8618584275245667,1.0,0.8618584275245667,CCCN(C)C
C|AddA-15|Sub-8|InsA-0|ChB-2109|Sub-5_ChB-0|AddA-27|ChB-703|InsA-1_ChB-742,0.5,0.5,0.0,1.0,1.301605224609375,1.0,1.301605224609375,FC1C2SC12
C|AddA-15|Sub-8|ChB-1406|AddA-12|ChB-740|Sub-12|Sub-17_ChB-37,0.5,0.5,0.0,1.0,0.9993459582328796,1.0,0.9993459582328796,NC=P
C|AddA-15|Sub-8|ChB-1406|AddA-12|MoveFG-2|CutA-2_RmA-1,0.5,0.5,0.0,1.0,0.7028114199638367,1.0,0.7028114199638367,C
C|AddA-15|AddA-12|Sub-16_AddA-29|Sub-9_AddA-38|InsA-0,0.5,0.5,0.0,1.0,1.608932614326477,1.0,1.608932614326477,NCCCSCl
C|Sub-1|AddA-8|AddA-10_Sub-17|Sub-9_ChB-1406|Sub-12,0.5,0.5,0.0,1.0,1.2050285339355469,1.0,1.2050285339355469,NN=P
C|Sub-1|AddA-15|Sub-2|AddA-8_Sub-12|AddA-30|InsA-0|AddA-29|InsA-73,0.5,0.5,0.0,1.0,1.0706199407577515,1.0,1.0706199407577515,PCOC(S)CCl
C|AddA-15|Sub-8|ChB-1406|AddA-12|MoveFG-2|AddA-12_CutA-0|Sub-19,0.5,0.5,0.0,1.0,1.3370556831359863,1.0,1.3370556831359863,C=PF
C|AddA-15|AddA-12|Sub-16_AddA-29|ChB-705|Sub-13,0.5,0.5,0.0,1.0,1.2990349531173706,1.0,1.2990349531173706,SC1CS1
C|AddA-15|Sub-8|InsA-0|InsA-37|MoveFG-41|InsA-2|Sub-3|RmA-1_AddA-19,0.5,0.5,0.0,1.0,1.0874896049499512,1.0,1.0874896049499512,FCCCF
C|AddA-15|Sub-8|InsA-0|InsA-37|MoveFG-41|InsA-2|ChB-2112,0.5,0.5,0.0,1.0,1.0917785167694092,1.0,1.0917785167694092,C#CC(C)C
C|AddA-15|Sub-8|InsA-0|ChB-2109|Sub-5_ChB-0|AddA-27|ChB-703|AddA-8_InsA-73,0.5,0.5,0.0,1.0,1.0937846899032593,1.0,1.0937846899032593,C[SH]1CC1CF
C|AddA-15|Sub-8|ChB-1406|AddA-12|ChB-740|Sub-12|AddA-10,0.5,0.5,0.0,1.0,1.278173565864563,1.0,1.278173565864563,OC1=PP1
C|AddA-15|Sub-8|ChB-1406|AddA-12|MoveFG-2|Sub-2,0.5,0.5,0.0,1.0,1.2698242664337158,1.0,1.2698242664337158,C=PO
C|AddA-15|AddA-12|Sub-16_AddA-29|Sub-9_AddA-38|CutA-3_AddA-31,0.5,0.5,0.0,1.0,1.4827841520309448,1.0,1.4827841520309448,NCC(Cl)Br
C|Sub-1|AddA-15|Sub-2|AddA-8_Sub-12|AddA-30|InsA-0|AddA-29|ChB-777_MoveFG-2851,0.5,0.5,0.0,1.0,1.350831151008606,1.0,1.350831151008606,SPC1OC1Cl
C|AddA-15|Sub-8|ChB-1406|AddA-12|MoveFG-2|AddA-12_CutA-0|Sub-13,0.5,0.5,0.0,1.0,1.0513348579406738,1.0,1.0513348579406738,C=[SH]P
C|AddA-15|AddA-12|Sub-16_AddA-29|ChB-705|Sub-5_Sub-13,0.5,0.5,0.0,1.0,2.115554094314575,1.0,2.115554094314575,S[SH]1CS1
C|AddA-15|Sub-8|InsA-0|InsA-37|MoveFG-41|InsA-2|Sub-3|MoveFG-1446_ChB-1479,0.5,0.5,0.0,1.0,1.0683404207229614,1.0,1.0683404207229614,CC=CCF
C|AddA-15|Sub-8|InsA-0|InsA-37|MoveFG-41|InsA-2|ChB-1409,0.5,0.5,0.0,1.0,0.9679166078567505,1.0,0.9679166078567505,C=CC(C)C
C|AddA-15|Sub-8|InsA-0|ChB-2109|Sub-5_ChB-0|AddA-27|ChB-703|ChB-2109_InsA-0,0.5,0.5,0.0,1.0,1.3726353645324707,1.0,1.3726353645324707,FC1CCS1
C|AddA-15|Sub-8|ChB-1406|AddA-12|ChB-740|Sub-12|Sub-4,0.5,0.5,0.0,1.0,1.4859265089035034,1.0,1.4859265089035034,P1=PP1
C|AddA-15|Sub-8|ChB-1406|AddA-12|MoveFG-2|AddA-11,0.5,0.5,0.0,1.0,1.1384648084640503,1.0,1.1384648084640503,C=PCF
C|AddA-15|AddA-12|Sub-16_AddA-29|Sub-9_AddA-38|RmA-4_AddA-11,0.5,0.5,0.0,1.0,1.0494438409805298,1.0,1.0494438409805298,NC(F)CS
C|Sub-1|AddA-15|Sub-2|AddA-8_Sub-12|AddA-30|InsA-0|AddA-29|InsA-39,0.5,0.5,0.0,1.0,1.140952229499817,1.0,1.140952229499817,PCCOC(S)Cl
C|AddA-15|Sub-8|ChB-1406|AddA-12|MoveFG-2|AddA-12_CutA-0|Sub-5_InsA-37,0.5,0.5,0.0,1.0,1.2599135637283325,1.0,1.2599135637283325,PCP=S
C|AddA-15|AddA-12|Sub-16_AddA-29|ChB-705|AddA-39_AddA-10,0.5,0.5,0.0,1.0,1.880231499671936,1.0,1.880231499671936,OC1(Br)C[SH]1Br
C|AddA-15|Sub-8|InsA-0|InsA-37|MoveFG-41|InsA-2|Sub-3|AddA-35_CutA-4,0.5,0.5,0.0,1.0,1.0792477130889893,1.0,1.0792477130889893,CC(C)(F)F
C|AddA-15|Sub-8|InsA-0|InsA-37|MoveFG-41|InsA-2|AddA-14_ChB-703,0.5,0.5,0.0,1.0,1.167211890220642,1.0,1.167211890220642,CC1CC(Cl)C1
C|AddA-15|Sub-8|InsA-0|ChB-2109|Sub-5_ChB-0|AddA-27|ChB-703|AddA-9_Sub-38,0.5,0.5,0.0,1.0,1.4143010377883911,1.0,1.4143010377883911,FC1C[SH]1Cl
C|AddA-15|Sub-8|ChB-1406|AddA-12|ChB-740|Sub-12|AddA-15,0.5,0.5,0.0,1.0,1.956315517425537,1.0,1.956315517425537,BrC1=PP1
C|AddA-15|AddA-12|Sub-16_AddA-29|Sub-9_AddA-38|ChB-1443_CutA-3,0.5,0.5,0.0,1.0,1.7536492347717285,1.0,1.7536492347717285,ClC1=NC1
C|Sub-1|AddA-8|AddA-10_Sub-17|Sub-9_ChB-1406|AddA-20,0.5,0.5,0.0,1.0,1.1489843130111694,1.0,1.1489843130111694,NN=NP
C|Sub-1|AddA-15|Sub-2|AddA-8_Sub-12|AddA-30|InsA-0|AddA-29|MoveFG-39,0.5,0.5,0.0,1.0,1.116994857788086,1.0,1.116994857788086,OCPC(S)Cl
C|AddA-15|Sub-8|ChB-1406|AddA-12|MoveFG-2|AddA-12_CutA-0|InsA-37_AddA-34,0.5,0.5,0.0,1.0,1.1572555303573608,1.0,1.1572555303573608,C=PC(O)P
C|AddA-15|Sub-8|InsA-0|InsA-37|MoveFG-41|InsA-2|Sub-3|Sub-33_ChB-777,0.5,0.5,0.0,1.0,1.5444201231002808,1.0,1.5444201231002808,CC1CN1F
C|AddA-15|Sub-8|InsA-0|InsA-37|MoveFG-41|InsA-2|Sub-22,0.5,0.5,0.0,1.0,0.9989996552467346,1.0,0.9989996552467346,CCC(C)Cl
C|AddA-15|Sub-8|ChB-1406|AddA-12|ChB-740|Sub-12|Sub-5,0.5,0.5,0.0,1.0,1.1970264911651611,1.0,1.1970264911651611,P1=[SH]P1
C|AddA-15|Sub-8|ChB-1406|AddA-12|MoveFG-2|Sub-6_AddA-20,0.5,0.5,0.0,1.0,1.4063550233840942,1.0,1.4063550233840942,PC=PCl
C|AddA-15|AddA-12|Sub-16_AddA-29|Sub-9_AddA-38|AddA-30,0.5,0.5,0.0,1.0,1.6691035032272339,1.0,1.6691035032272339,NCC(Cl)SCl
C|Sub-1|AddA-15|Sub-2|AddA-8_Sub-12|AddA-30|InsA-0|AddA-29|InsA-75_AddA-26,0.5,0.5,0.0,1.0,1.1763461828231812,1.0,1.1763461828231812,OC(Cl)(CS)OCP
C|AddA-15|AddA-12|Sub-16_AddA-29|ChB-705|InsA-73,0.5,0.5,0.0,1.0,1.6866694688796997,1.0,1.6866694688796997,BrC1CCS1
C|AddA-15|Sub-8|InsA-0|InsA-37|MoveFG-41|InsA-2|Sub-3|AddA-23,0.5,0.5,0.0,1.0,1.357430100440979,1.0,1.357430100440979,CC(CF)CBr
C|AddA-15|Sub-8|InsA-0|InsA-37|MoveFG-41|InsA-2|MoveFG-2775_ChB-776,0.5,0.5,0.0,1.0,0.8821260333061218,1.0,0.8821260333061218,CCC1CC1
C|AddA-15|Sub-8|InsA-0|ChB-2109|Sub-5_ChB-0|AddA-27|ChB-703|AddA-9,0.5,0.5,0.0,1.0,1.1604100465774536,1.0,1.1604100465774536,N[SH]1CC1F
C|AddA-15|Sub-8|ChB-1406|AddA-12|MoveFG-2|AddA-17,0.5,0.5,0.0,1.0,0.9167884588241577,1.0,0.9167884588241577,CP=CN
C|AddA-15|AddA-12|Sub-16_AddA-29|Sub-9_AddA-38|InsA-108,0.5,0.5,0.0,1.0,1.138395071029663,1.0,1.138395071029663,NCCSCCl
C|Sub-1|AddA-8|AddA-10_Sub-17|Sub-9_ChB-1406|InsA-1,0.5,0.5,0.0,1.0,1.187161922454834,1.0,1.187161922454834,N=NCN
C|Sub-1|AddA-15|Sub-2|AddA-8_Sub-12|AddA-30|InsA-0|AddA-29|AddA-31_ChB-1548,0.5,0.5,0.0,1.0,2.0765395164489746,1.0,2.0765395164489746,PC1=[SH]C(Cl)(Br)O1
C|AddA-15|Sub-8|ChB-1406|AddA-12|MoveFG-2|AddA-12_CutA-0|Sub-13_AddA-20,0.5,0.5,0.0,1.0,0.9917626976966858,1.0,0.9917626976966858,C=S(P)P
C|AddA-15|AddA-12|Sub-16_AddA-29|ChB-705|Sub-28_ChB-1479,0.5,0.5,0.0,1.0,1.5988328456878662,1.0,1.5988328456878662,BrC1C=P1
C|AddA-15|Sub-8|InsA-0|InsA-37|MoveFG-41|InsA-2|Sub-3|AddA-34,0.5,0.5,0.0,1.0,1.072629690170288,1.0,1.072629690170288,CC(C)(O)CF
C|AddA-15|Sub-8|InsA-0|InsA-37|MoveFG-41|InsA-2|ChB-2109_CutA-1,0.5,0.5,0.0,1.0,0.8759673237800598,1.0,0.8759673237800598,CC1CC1
C|AddA-15|Sub-8|InsA-0|ChB-2109|Sub-5_ChB-0|AddA-27|ChB-703|ChB-37,0.5,0.5,0.0,1.0,1.089355707168579,1.0,1.089355707168579,CSCF
C|AddA-15|Sub-8|ChB-1406|AddA-12|MoveFG-2|ChB-1406_Sub-21,0.5,0.5,0.0,1.0,2.0314223766326904,1.0,2.0314223766326904,C1=C[SH]=1
C|AddA-15|AddA-12|Sub-16_AddA-29|Sub-9_AddA-38|MoveFG-4104,0.5,0.5,0.0,1.0,1.0448663234710693,1.0,1.0448663234710693,NC(Cl)CS
C|Sub-1|AddA-15|Sub-2|AddA-8_Sub-12|AddA-30|InsA-0|AddA-29|InsA-1_InsA-75,0.5,0.5,0.0,1.0,1.0494651794433594,1.0,1.0494651794433594,PCOCC(Cl)CS
C|AddA-15|AddA-12|Sub-16_AddA-29|ChB-705|InsA-1_InsA-2,0.5,0.5,0.0,1.0,1.417822241783142,1.0,1.417822241783142,BrC1CCSC1
C|AddA-15|Sub-8|InsA-0|InsA-37|MoveFG-41|InsA-2|Sub-3|Sub-7_CutA-4,0.5,0.5,0.0,1.0,1.3293269872665405,1.0,1.3293269872665405,CC(C)Br
C|AddA-15|Sub-8|InsA-0|InsA-37|MoveFG-41|InsA-2|Sub-37_Sub-28,0.5,0.5,0.0,1.0,0.8484228849411011,1.0,0.8484228849411011,CSP(C)C
C|AddA-15|Sub-8|InsA-0|ChB-2109|Sub-5_ChB-0|AddA-27|ChB-703|AddA-14,0.5,0.5,0.0,1.0,1.4143010377883911,1.0,1.4143010377883911,FC1C[SH]1Cl
C|AddA-15|Sub-8|ChB-1406|AddA-12|ChB-740|Sub-12|AddA-26,0.5,0.5,0.0,1.0,1.7193231582641602,1.0,1.7193231582641602,OP1C=P1
C|AddA-15|Sub-8|ChB-1406|AddA-12|MoveFG-2|AddA-15,0.5,0.5,0.0,1.0,1.318418025970459,1.0,1.318418025970459,C=PCBr
C|AddA-15|AddA-12|Sub-16_AddA-29|Sub-9_AddA-38|InsA-73,0.5,0.5,0.0,1.0,1.608932614326477,1.0,1.608932614326477,NCCCSCl
C|Sub-1|AddA-15|Sub-2|AddA-8_Sub-12|AddA-30|InsA-0|AddA-29|AddA-51,0.5,0.5,0.0,1.0,1.4079108238220215,1.0,1.4079108238220215,FSC(Cl)OCP
C|AddA-15|AddA-12|Sub-16_AddA-29|ChB-705|MoveFG-2_AddA-14,0.5,0.5,0.0,1.0,1.7476094961166382,1.0,1.7476094961166382,ClC1SC1Br
C|AddA-15|Sub-8|InsA-0|InsA-37|MoveFG-41|InsA-2|Sub-3|AddA-38,0.5,0.5,0.0,1.0,1.1067216396331787,1.0,1.1067216396331787,CC(C)(Cl)CF
C|AddA-15|Sub-8|InsA-0|InsA-37|MoveFG-41|InsA-2|ChB-705,0.5,0.5,0.0,1.0,0.8747946619987488,1.0,0.8747946619987488,CC1(C)CC1
C|AddA-15|Sub-8|InsA-0|ChB-2109|Sub-5_ChB-0|AddA-27|ChB-703|AddA-20,0.5,0.5,0.0,1.0,1.3959343433380127,1.0,1.3959343433380127,FC1SC1P
C|AddA-15|Sub-8|ChB-1406|AddA-12|ChB-740|Sub-12|AddA-31_AddA-8,0.5,0.5,0.0,1.0,1.7123746871948242,1.0,1.7123746871948242,CC1=PP1Br
C|AddA-15|Sub-8|ChB-1406|AddA-12|MoveFG-2|InsA-37_ChB-1407,0.5,0.5,0.0,1.0,1.0208399295806885,1.0,1.0208399295806885,C=PCC
C|AddA-15|AddA-12|Sub-16_AddA-29|Sub-9_AddA-38|ChB-1479_ChB-1444,0.5,0.5,0.0,1.0,1.6967865228652954,1.0,1.6967865228652954,Cl[SH]1=CCN=1
C|Sub-1|AddA-15|Sub-2|AddA-8_Sub-12|AddA-30|InsA-0|AddA-29|ChB-2148,0.5,0.5,0.0,1.0,1.499064564704895,1.0,1.499064564704895,P#COC(S)Cl
C|AddA-15|Sub-8|ChB-1406|AddA-12|MoveFG-2|AddA-12_CutA-0|ChB-1407_ChB-37,0.5,0.5,0.0,1.0,1.5995582342147827,1.0,1.5995582342147827,P=C=P
C|AddA-15|AddA-12|Sub-16_AddA-29|ChB-705|ChB-1407_AddA-36,0.5,0.5,0.0,1.0,1.840910792350769,1.0,1.840910792350769,P[SH]1C=C1Br
C|AddA-15|Sub-8|InsA-0|InsA-37|MoveFG-41|InsA-2|Sub-3|AddA-22,0.5,0.5,0.0,1.0,1.1348985433578491,1.0,1.1348985433578491,CC(CF)CCl
C|AddA-15|Sub-8|InsA-0|InsA-37|MoveFG-41|InsA-2|Sub-28_Sub-12,0.5,0.5,0.0,1.0,0.7705738544464111,1.0,0.7705738544464111,CCP(C)P
C|AddA-15|Sub-8|InsA-0|ChB-2109|Sub-5_ChB-0|AddA-27|ChB-703|InsA-73,0.5,0.5,0.0,1.0,1.1569222211837769,1.0,1.1569222211837769,FCC1CS1
C|AddA-15|Sub-8|ChB-1406|AddA-12|ChB-740|Sub-12|AddA-14_ChB-1,0.5,0.5,0.0,1.0,1.473541259765625,1.0,1.473541259765625,PP=CCl
C|AddA-15|Sub-8|ChB-1406|AddA-12|MoveFG-2|AddA-22,0.5,0.5,0.0,1.0,1.490274429321289,1.0,1.490274429321289,CP=CCl
C|AddA-15|AddA-12|Sub-16_AddA-29|Sub-9_AddA-38|ChB-741,0.5,0.5,0.0,1.0,1.669495701789856,1.0,1.669495701789856,Cl[SH]1CCN1
C|Sub-1|AddA-8|AddA-10_Sub-17|Sub-9_ChB-1406|InsA-1_AddA-28,0.5,0.5,0.0,1.0,1.1548078060150146,1.0,1.1548078060150146,N=NCNP
C|Sub-1|AddA-15|Sub-2|AddA-8_Sub-12|AddA-30|InsA-0|AddA-29|CutA-0,0.5,0.5,0.0,1.0,1.0876233577728271,1.0,1.0876233577728271,PCC(S)Cl
C|AddA-15|Sub-8|ChB-1406|AddA-12|MoveFG-2|AddA-12_CutA-0|Sub-4_InsA-37,0.5,0.5,0.0,1.0,0.9447559714317322,1.0,0.9447559714317322,P=PCP
C|AddA-15|AddA-12|Sub-16_AddA-29|ChB-705|InsA-0_MoveFG-1484,0.5,0.5,0.0,1.0,1.6192936897277832,1.0,1.6192936897277832,CC1SC1Br
C|AddA-15|Sub-8|InsA-0|InsA-37|MoveFG-41|InsA-2|Sub-3|Sub-34,0.5,0.5,0.0,1.0,1.303079605102539,1.0,1.303079605102539,CC(C)OF
C|AddA-15|Sub-8|InsA-0|InsA-37|MoveFG-41|InsA-2|CutA-4_Sub-17,0.5,0.5,0.0,1.0,0.8392677903175354,1.0,0.8392677903175354,CC(C)N
C|AddA-15|Sub-8|InsA-0|ChB-2109|Sub-5_ChB-0|AddA-27|ChB-703|AddA-19_Sub-1,0.5,0.5,0.0,1.0,1.314380407333374,1.0,1.314380407333374,FC1NC1F
C|AddA-15|Sub-8|ChB-1406|AddA-12|ChB-740|Sub-12|Sub-13,0.5,0.5,0.0,1.0,1.1876767873764038,1.0,1.1876767873764038,C1=[SH]P1
C|AddA-15|Sub-8|ChB-1406|AddA-12|MoveFG-2|MoveFG-39_AddA-31,0.5,0.5,0.0,1.0,1.780037760734558,1.0,1.780037760734558,CC=PBr
C|AddA-15|AddA-12|Sub-16_AddA-29|Sub-9_AddA-38|InsA-73_MoveFG-5,0.5,0.5,0.0,1.0,1.609649419784546,1.0,1.609649419784546,CCC(N)SCl
C|Sub-1|AddA-8|AddA-10_Sub-17|Sub-9_ChB-1406|AddA-26,0.5,0.5,0.0,1.0,1.8896069526672363,1.0,1.8896069526672363,N=NNO
C|Sub-1|AddA-15|Sub-2|AddA-8_Sub-12|AddA-30|InsA-0|AddA-29|InsA-1_AddA-26,0.5,0.5,0.0,1.0,1.1647191047668457,1.0,1.1647191047668457,OC(S)(Cl)COCP
C|AddA-15|Sub-8|ChB-1406|AddA-12|MoveFG-2|AddA-12_CutA-0|AddA-26,0.5,0.5,0.0,1.0,1.1943503618240356,1.0,1.1943503618240356,C=PPO
C|AddA-15|AddA-12|Sub-16_AddA-29|ChB-705|InsA-1,0.5,0.5,0.0,1.0,1.6866694688796997,1.0,1.6866694688796997,BrC1CCS1
C|AddA-15|Sub-8|InsA-0|InsA-37|MoveFG-41|InsA-2|Sub-3|ChB-740,0.5,0.5,0.0,1.0,1.0340557098388672,1.0,1.0340557098388672,FCC1CC1
C|AddA-15|Sub-8|InsA-0|InsA-37|MoveFG-41|InsA-2|ChB-2112_Sub-5,0.5,0.5,0.0,1.0,1.0921472311019897,1.0,1.0921472311019897,CC(C)C#[SH]
C|AddA-15|Sub-8|InsA-0|ChB-2109|Sub-5_ChB-0|AddA-27|ChB-703|Sub-4_Sub-30,0.5,0.5,0.0,1.0,1.1378549337387085,1.0,1.1378549337387085,ClC1CP1
C|AddA-15|Sub-8|ChB-1406|AddA-12|ChB-740|Sub-12|AddA-27_InsA-73,0.5,0.5,0.0,1.0,1.495580792427063,1.0,1.495580792427063,FCP1C=P1
C|AddA-15|AddA-12|Sub-16_AddA-29|Sub-9_AddA-38|MoveFG-4105_ChB-1479,0.5,0.5,0.0,1.0,1.38291335105896,1.0,1.38291335105896,S=CCNCl
C|Sub-1|AddA-8|AddA-10_Sub-17|Sub-9_ChB-1406|MoveFG-39_AddA-30,0.5,0.5,0.0,1.0,1.6318942308425903,1.0,1.6318942308425903,N=NNCl
C|AddA-15|AddA-12|Sub-16_AddA-29|ChB-705|AddA-8,0.5,0.5,0.0,1.0,1.5610110759735107,1.0,1.5610110759735107,CC1(Br)CS1
C|AddA-15|Sub-8|InsA-0|InsA-37|MoveFG-41|InsA-2|Sub-3|InsA-3_AddA-44,0.5,0.5,0.0,1.0,1.0071247816085815,1.0,1.0071247816085815,CC(C)C(P)CF
C|AddA-15|Sub-8|InsA-0|InsA-37|MoveFG-41|InsA-2|ChB-1444_InsA-3,0.5,0.5,0.0,1.0,0.9399814605712891,1.0,0.9399814605712891,C=C(C)CCC
C|AddA-15|Sub-8|InsA-0|ChB-2109|Sub-5_ChB-0|AddA-27|ChB-703|AddA-30,0.5,0.5,0.0,1.0,1.6804665327072144,1.0,1.6804665327072144,FC1(Cl)CS1
C|AddA-15|Sub-8|ChB-1406|AddA-12|ChB-740|Sub-12|RmA-0_AddA-14,0.5,0.5,0.0,1.0,0.975242555141449,1.0,0.975242555141449,PPCl
C|AddA-15|Sub-8|ChB-1406|AddA-12|MoveFG-2|ChB-703,0.5,0.5,0.0,1.0,1.0921086072921753,1.0,1.0921086072921753,C1=PC1
C|AddA-15|AddA-12|Sub-16_AddA-29|Sub-9_AddA-38|InsA-0_Sub-4,0.5,0.5,0.0,1.0,1.558983564376831,1.0,1.558983564376831,NCPCSCl
C|AddA-15|Sub-8|ChB-1406|AddA-12|MoveFG-2|AddA-12_CutA-0|AddA-24_ChB-1479,0.5,0.5,0.0,1.0,1.357163906097412,1.0,1.357163906097412,C=PP=C
C|AddA-15|Sub-8|InsA-0|InsA-37|MoveFG-41|InsA-2|MoveFG-4105_ChB-705,0.5,0.5,0.0,1.0,0.8732470273971558,1.0,0.8732470273971558,CC1CCC1
C|AddA-15|Sub-8|ChB-1406|AddA-12|ChB-740|Sub-12|Sub-17_Sub-21,0.5,0.5,0.0,1.0,1.7088277339935303,1.0,1.7088277339935303,C1=PS1
C|AddA-15|Sub-8|ChB-1406|AddA-12|MoveFG-2|AddA-13,0.5,0.5,0.0,1.0,1.0825937986373901,1.0,1.0825937986373901,C=PCS
C|AddA-15|AddA-12|Sub-16_AddA-29|Sub-9_AddA-38|ChB-705_AddA-10,0.5,0.5,0.0,1.0,1.4084687232971191,1.0,1.4084687232971191,NC1(O)C[SH]1Cl
C|Sub-1|AddA-8|AddA-10_Sub-17|Sub-9_ChB-1406|AddA-21_CutA-0,0.5,0.5,0.0,1.0,1.4039006233215332,1.0,1.4039006233215332,NNS
C|AddA-15|Sub-8|ChB-1406|AddA-12|MoveFG-2|AddA-12_CutA-0|Sub-18_Sub-9,0.5,0.5,0.0,1.0,1.4550491571426392,1.0,1.4550491571426392,C=NO
C|AddA-15|AddA-12|Sub-16_AddA-29|ChB-705|AddA-30,0.5,0.5,0.0,1.0,1.7476094961166382,1.0,1.7476094961166382,ClC1SC1Br
C|AddA-15|Sub-8|InsA-0|InsA-37|MoveFG-41|InsA-2|Sub-3|ChB-1445,0.5,0.5,0.0,1.0,1.1933317184448242,1.0,1.1933317184448242,CC1C=C1F
C|AddA-15|Sub-8|InsA-0|InsA-37|MoveFG-41|InsA-2|MoveFG-1448_AddA-34,0.5,0.5,0.0,1.0,0.9209213852882385,1.0,0.9209213852882385,CC(C)C(C)O
C|AddA-15|Sub-8|InsA-0|ChB-2109|Sub-5_ChB-0|AddA-27|ChB-703|Sub-0,0.5,0.5,0.0,1.0,1.0006755590438843,1.0,1.0006755590438843,FC1CC1
C|AddA-15|Sub-8|ChB-1406|AddA-12|ChB-740|Sub-12|InsA-0_ChB-2111,0.5,0.5,0.0,1.0,1.1479487419128418,1.0,1.1479487419128418,c1[pH][pH]c#1
C|AddA-15|AddA-12|Sub-16_AddA-29|Sub-9_AddA-38|CutA-0,0.5,0.5,0.0,1.0,1.655019998550415,1.0,1.655019998550415,NCSCl
C|Sub-1|AddA-8|AddA-10_Sub-17|Sub-9_ChB-1406|InsA-1_MoveFG-78,0.5,0.5,0.0,1.0,1.1759814023971558,1.0,1.1759814023971558,CNN=N
C|Sub-1|AddA-15|Sub-2|AddA-8_Sub-12|AddA-30|InsA-0|AddA-29|MoveFG-119,0.5,0.5,0.0,1.0,1.1821554899215698,1.0,1.1821554899215698,OC(Cl)SCP
C|AddA-15|Sub-8|ChB-1406|AddA-12|MoveFG-2|AddA-12_CutA-0|AddA-24,0.5,0.5,0.0,1.0,1.0122909545898438,1.0,1.0122909545898438,C=PPC
C|AddA-15|AddA-12|Sub-16_AddA-29|ChB-705|ChB-2_AddA-11,0.5,0.5,0.0,1.0,1.3988933563232422,1.0,1.3988933563232422,FC(Br)CS
C|AddA-15|Sub-8|InsA-0|InsA-37|MoveFG-41|InsA-2|Sub-3|Sub-18_InsA-108,0.5,0.5,0.0,1.0,1.0489460229873657,1.0,1.0489460229873657,CC(O)CCF
C|AddA-15|Sub-8|InsA-0|InsA-37|MoveFG-41|InsA-2|AddA-17_CutA-1,0.5,0.5,0.0,1.0,0.8443542718887329,1.0,0.8443542718887329,CCC(C)N
C|AddA-15|Sub-8|InsA-0|ChB-2109|Sub-5_ChB-0|AddA-27|ChB-703|AddA-21,0.5,0.5,0.0,1.0,1.6309070587158203,1.0,1.6309070587158203,FC1SC1S
C|AddA-15|Sub-8|ChB-1406|AddA-12|ChB-740|Sub-12|Sub-4_AddA-31,0.5,0.5,0.0,1.0,2.2931880950927734,1.0,2.2931880950927734,BrP1P=P1
C|AddA-15|AddA-12|Sub-16_AddA-29|Sub-9_AddA-38|Sub-8,0.5,0.5,0.0,1.0,1.6172276735305786,1.0,1.6172276735305786,CCCSCl
C|Sub-1|AddA-8|AddA-10_Sub-17|Sub-9_ChB-1406|Sub-5_Sub-16,0.5,0.5,0.0,1.0,1.1204369068145752,1.0,1.1204369068145752,C[SH]=N
C|Sub-1|AddA-15|Sub-2|AddA-8_Sub-12|AddA-30|InsA-0|AddA-29|AddA-52_RmA-1,0.5,0.5,0.0,1.0,1.1713979244232178,1.0,1.1713979244232178,COC(Cl)SP
C|AddA-15|AddA-12|Sub-16_AddA-29|ChB-705|AddA-29_ChB-811,0.5,0.5,0.0,1.0,1.9381681680679321,1.0,1.9381681680679321,BrC1C2S[SH]12
C|AddA-15|Sub-8|InsA-0|InsA-37|MoveFG-41|InsA-2|Sub-3|CutA-4_AddA-18,0.5,0.5,0.0,1.0,1.0727519989013672,1.0,1.0727519989013672,CC(F)CO
C|AddA-15|Sub-8|InsA-0|InsA-37|MoveFG-41|InsA-2|CutA-4_Sub-25,0.5,0.5,0.0,1.0,0.8531796932220459,1.0,0.8531796932220459,CN(C)C
C|AddA-15|Sub-8|ChB-1406|AddA-12|ChB-740|Sub-12|AddA-8,0.5,0.5,0.0,1.0,1.1606746912002563,1.0,1.1606746912002563,CC1=PP1
C|AddA-15|Sub-8|ChB-1406|AddA-12|MoveFG-2|CutA-2_RmA-0,0.5,0.5,0.0,1.0,0.7028114199638367,1.0,0.7028114199638367,C
C|AddA-15|AddA-12|Sub-16_AddA-29|Sub-9_AddA-38|Sub-4_RmA-1,0.5,0.5,0.0,1.0,1.5626509189605713,1.0,1.5626509189605713,PCSCl
C|Sub-1|AddA-15|Sub-2|AddA-8_Sub-12|AddA-30|InsA-0|AddA-29|Sub-21,0.5,0.5,0.0,1.0,1.5399682521820068,1.0,1.5399682521820068,PCO[SH](S)Cl
C|AddA-15|Sub-8|ChB-1406|AddA-12|MoveFG-2|AddA-12_CutA-0|Sub-2_AddA-30,0.5,0.5,0.0,1.0,1.5497772693634033,1.0,1.5497772693634033,O=PPCl
C|AddA-15|AddA-12|Sub-16_AddA-29|ChB-705|ChB-2_ChB-2182,0.5,0.5,0.0,1.0,1.4376541376113892,1.0,1.4376541376113892,[SH]#CCBr
C|AddA-15|Sub-8|InsA-0|InsA-37|MoveFG-41|InsA-2|Sub-3|AddA-30_InsA-38,0.5,0.5,0.0,1.0,1.1294262409210205,1.0,1.1294262409210205,CCC(CF)CCl
C|AddA-15|Sub-8|InsA-0|InsA-37|MoveFG-41|InsA-2|InsA-108_ChB-707,0.5,0.5,0.0,1.0,0.8869715929031372,1.0,0.8869715929031372,CC(C)C1CC1
C|AddA-15|Sub-8|InsA-0|ChB-2109|Sub-5_ChB-0|AddA-27|ChB-703|Sub-30,0.5,0.5,0.0,1.0,1.4007855653762817,1.0,1.4007855653762817,ClC1CS1
C|AddA-15|Sub-8|ChB-1406|AddA-12|ChB-740|Sub-12|Sub-16,0.5,0.5,0.0,1.0,1.0921086072921753,1.0,1.0921086072921753,C1=PC1
C|AddA-15|Sub-8|ChB-1406|AddA-12|MoveFG-2|Sub-9_MoveFG-39,0.5,0.5,0.0,1.0,1.1254329681396484,1.0,1.1254329681396484,CN=P
C|AddA-15|AddA-12|Sub-16_AddA-29|Sub-9_AddA-38|ChB-2182_Sub-10,0.5,0.5,0.0,1.0,1.8287076950073242,1.0,1.8287076950073242,OCC#SCl
C|Sub-1|AddA-8|AddA-10_Sub-17|Sub-9_ChB-1406|MoveFG-39_InsA-37,0.5,0.5,0.0,1.0,1.187161922454834,1.0,1.187161922454834,N=NCN
C|Sub-1|AddA-15|Sub-2|AddA-8_Sub-12|AddA-30|InsA-0|AddA-29|InsA-1_CutA-4,0.5,0.5,0.0,1.0,1.1149529218673706,1.0,1.1149529218673706,POCC(S)Cl
C|AddA-15|Sub-8|ChB-1406|AddA-12|MoveFG-2|AddA-12_CutA-0|AddA-11,0.5,0.5,0.0,1.0,1.2636197805404663,1.0,1.2636197805404663,FC=PP
C|AddA-15|AddA-12|Sub-16_AddA-29|ChB-705|InsA-1_MoveFG-3,0.5,0.5,0.0,1.0,1.516229271888733,1.0,1.516229271888733,Br[SH]1CCC1
C|AddA-15|Sub-8|InsA-0|InsA-37|MoveFG-41|InsA-2|Sub-3|Sub-36,0.5,0.5,0.0,1.0,1.0180107355117798,1.0,1.0180107355117798,CC(C)PF
C|AddA-15|Sub-8|InsA-0|InsA-37|MoveFG-41|InsA-2|InsA-73,0.5,0.5,0.0,1.0,0.8447657227516174,1.0,0.8447657227516174,CCC(C)CC
C|AddA-15|Sub-8|InsA-0|ChB-2109|Sub-5_ChB-0|AddA-27|ChB-703|Sub-4,0.5,0.5,0.0,1.0,0.9387155175209045,1.0,0.9387155175209045,FC1CP1
C|AddA-15|Sub-8|ChB-1406|AddA-12|ChB-740|Sub-12|InsA-0_AddA-24,0.5,0.5,0.0,1.0,0.7750638723373413,1.0,0.7750638723373413,CP1CCP1
C|AddA-15|Sub-8|ChB-1406|AddA-12|MoveFG-2|ChB-740_AddA-29,0.5,0.5,0.0,1.0,0.8067672848701477,1.0,0.8067672848701477,CP(C)S
C|AddA-15|AddA-12|Sub-16_AddA-29|Sub-9_AddA-38|MoveFG-4104_ChB-1406,0.5,0.5,0.0,1.0,1.5178581476211548,1.0,1.5178581476211548,N=C(Cl)CS
C|Sub-1|AddA-15|Sub-2|AddA-8_Sub-12|AddA-30|InsA-0|AddA-29|InsA-1,0.5,0.5,0.0,1.0,1.0773752927780151,1.0,1.0773752927780151,PCOCC(S)Cl
C|AddA-15|Sub-8|ChB-1406|AddA-12|MoveFG-2|AddA-12_CutA-0|AddA-25,0.5,0.5,0.0,1.0,1.0366451740264893,1.0,1.0366451740264893,C=PPN
C|AddA-15|AddA-12|Sub-16_AddA-29|ChB-705|Sub-10,0.5,0.5,0.0,1.0,1.5557620525360107,1.0,1.5557620525360107,OC1CS1
C|AddA-15|Sub-8|InsA-0|InsA-37|MoveFG-41|InsA-2|Sub-3|Sub-1_Sub-14,0.5,0.5,0.0,1.0,1.0204055309295654,1.0,1.0204055309295654,CC(Cl)CN
C|AddA-15|Sub-8|InsA-0|InsA-37|MoveFG-41|InsA-2|InsA-108,0.5,0.5,0.0,1.0,0.8487818837165833,1.0,0.8487818837165833,CCCC(C)C
C|AddA-15|Sub-8|InsA-0|ChB-2109|Sub-5_ChB-0|AddA-27|ChB-703|Sub-2,0.5,0.5,0.0,1.0,1.2860736846923828,1.0,1.2860736846923828,FC1CO1
C|AddA-15|Sub-8|ChB-1406|AddA-12|MoveFG-2|Sub-3,0.5,0.5,0.0,1.0,1.3370556831359863,1.0,1.3370556831359863,C=PF
C|Sub-1|AddA-8|AddA-10_Sub-17|Sub-9_ChB-1406|AddA-18,0.5,0.5,0.0,1.0,1.6017414331436157,1.0,1.6017414331436157,NN=NO
C|Sub-1|AddA-15|Sub-2|AddA-8_Sub-12|AddA-30|InsA-0|AddA-29|ChB-777,0.5,0.5,0.0,1.0,1.5521224737167358,1.0,1.5521224737167358,PC1OC1(S)Cl
C|AddA-15|Sub-8|ChB-1406|AddA-12|MoveFG-2|AddA-12_CutA-0|MoveFG-1406_AddA-8,0.5,0.5,0.0,1.0,0.9314146637916565,1.0,0.9314146637916565,CC(=P)P
C|AddA-15|Sub-8|InsA-0|InsA-37|MoveFG-41|InsA-2|Sub-7,0.5,0.5,0.0,1.0,1.3904672861099243,1.0,1.3904672861099243,CC(C)CBr
C|AddA-15|Sub-8|InsA-0|ChB-2109|Sub-5_ChB-0|AddA-27|ChB-703|MoveFG-2774_ChB-1443,0.5,0.5,0.0,1.0,1.3187302350997925,1.0,1.3187302350997925,F[SH]1C=C1
C|AddA-15|Sub-8|ChB-1406|AddA-12|ChB-740|Sub-12|AddA-27_Sub-4,0.5,0.5,0.0,1.0,2.1191041469573975,1.0,2.1191041469573975,FP1P=P1
C|AddA-15|Sub-8|ChB-1406|AddA-12|MoveFG-2|AddA-11_Sub-25,0.5,0.5,0.0,1.0,1.040268063545227,1.0,1.040268063545227,C=PCN
C|AddA-15|AddA-12|Sub-16_AddA-29|Sub-9_AddA-38|AddA-11,0.5,0.5,0.0,1.0,1.6009912490844727,1.0,1.6009912490844727,NC(F)CSCl
C|Sub-1|AddA-8|AddA-10_Sub-17|Sub-9_ChB-1406|AddA-25_Sub-31,0.5,0.5,0.0,1.0,1.9462589025497437,1.0,1.9462589025497437,N=NNBr
C|Sub-1|AddA-15|Sub-2|AddA-8_Sub-12|AddA-30|InsA-0|AddA-29|RmA-1,0.5,0.5,0.0,1.0,1.196831464767456,1.0,1.196831464767456,COC(S)Cl
C|AddA-15|Sub-8|ChB-1406|AddA-12|MoveFG-2|AddA-12_CutA-0|CutA-1_RmA-1,0.5,0.5,0.0,1.0,0.7028114199638367,1.0,0.7028114199638367,C
C|AddA-15|AddA-12|Sub-16_AddA-29|ChB-705|Sub-11_Sub-17,0.5,0.5,0.0,1.0,2.3454225063323975,1.0,2.3454225063323975,FC1NS1
C|AddA-15|Sub-8|InsA-0|InsA-37|MoveFG-41|InsA-2|Sub-3|AddA-18,0.5,0.5,0.0,1.0,1.0718958377838135,1.0,1.0718958377838135,CC(CO)CF
C|AddA-15|Sub-8|InsA-0|InsA-37|MoveFG-41|InsA-2|ChB-1444_AddA-10,0.5,0.5,0.0,1.0,0.997352123260498,1.0,0.997352123260498,C=C(C)CCO
C|AddA-15|Sub-8|InsA-0|ChB-2109|Sub-5_ChB-0|AddA-27|ChB-703|InsA-0,0.5,0.5,0.0,1.0,1.3726353645324707,1.0,1.3726353645324707,FC1CCS1
C|AddA-15|AddA-12|Sub-16_AddA-29|Sub-9_AddA-38|AddA-19_CutA-1,0.5,0.5,0.0,1.0,1.5832431316375732,1.0,1.5832431316375732,FCCSCl
C|Sub-1|AddA-8|AddA-10_Sub-17|Sub-9_ChB-1406|ChB-740_Sub-21,0.5,0.5,1.0,2.6867951539670874e-28,3.9407947063446045,2.9744256176062146e-48,3.9407947063446045,N1=NS1
C|Sub-1|AddA-15|Sub-2|AddA-8_Sub-12|AddA-30|InsA-0|AddA-29|AddA-45_Sub-36,0.5,0.5,0.0,1.0,1.197352409362793,1.0,1.197352409362793,PP(S)OC(S)Cl
C|AddA-15|AddA-12|Sub-16_AddA-29|ChB-705|AddA-35_InsA-1,0.5,0.5,0.0,1.0,1.4794330596923828,1.0,1.4794330596923828,F[SH]1CCC1Br
C|AddA-15|Sub-8|InsA-0|InsA-37|MoveFG-41|InsA-2|Sub-3|Sub-13,0.5,0.5,0.0,1.0,1.0619522333145142,1.0,1.0619522333145142,CC(S)CF
C|AddA-15|Sub-8|InsA-0|InsA-37|MoveFG-41|InsA-2|InsA-108_AddA-45,0.5,0.5,0.0,1.0,0.9032003879547119,1.0,0.9032003879547119,CC(C)CC(C)S
C|AddA-15|Sub-8|InsA-0|ChB-2109|Sub-5_ChB-0|AddA-27|ChB-703|AddA-23_MoveFG-1482,0.5,0.5,0.0,1.0,1.5687990188598633,1.0,1.5687990188598633,FC1C[SH]1Br
C|AddA-15|Sub-8|ChB-1406|AddA-12|MoveFG-2|Sub-13_MoveFG-39,0.5,0.5,0.0,1.0,1.0427422523498535,1.0,1.0427422523498535,C[SH]=P
C|AddA-15|AddA-12|Sub-16_AddA-29|Sub-9_AddA-38|Sub-5,0.5,0.5,0.0,1.0,1.6573854684829712,1.0,1.6573854684829712,NSCSCl
C|Sub-1|AddA-8|AddA-10_Sub-17|Sub-9_ChB-1406|Sub-16,0.5,0.5,0.0,1.0,1.1645835638046265,1.0,1.1645835638046265,CN=N
C|Sub-1|AddA-15|Sub-2|AddA-8_Sub-12|AddA-30|InsA-0|AddA-29|MoveFG-2851,0.5,0.5,0.0,1.0,1.0631440877914429,1.0,1.0631440877914429,SPCOCCl
C|AddA-15|Sub-8|ChB-1406|AddA-12|MoveFG-2|AddA-12_CutA-0|InsA-0_Sub-25,0.5,0.5,0.0,1.0,0.7708155512809753,1.0,0.7708155512809753,CNPP
C|AddA-15|AddA-12|Sub-16_AddA-29|ChB-705|RmA-2_AddA-15,0.5,0.5,0.0,1.0,1.763020396232605,1.0,1.763020396232605,SC(Br)Br
C|AddA-15|Sub-8|InsA-0|InsA-37|MoveFG-41|InsA-2|Sub-3|Sub-29,0.5,0.5,0.0,1.0,1.0723870992660522,1.0,1.0723870992660522,C[SH](C)CF
C|AddA-15|Sub-8|InsA-0|InsA-37|MoveFG-41|InsA-2|Sub-14_InsA-3,0.5,0.5,0.0,1.0,0.9938917756080627,1.0,0.9938917756080627,CCCC(C)Cl
C|AddA-15|Sub-8|InsA-0|ChB-2109|Sub-5_ChB-0|AddA-27|ChB-703|ChB-37_ChB-2110,0.5,0.5,0.0,1.0,1.5643553733825684,1.0,1.5643553733825684,CS#CF
C|AddA-15|Sub-8|ChB-1406|AddA-12|ChB-740|Sub-12|AddA-29,0.5,0.5,0.0,1.0,1.6190885305404663,1.0,1.6190885305404663,SP1C=P1
C|AddA-15|Sub-8|ChB-1406|AddA-12|MoveFG-2|InsA-1_ChB-741,0.5,0.5,0.0,1.0,1.2658436298370361,1.0,1.2658436298370361,CC1C=P1
C|AddA-15|AddA-12|Sub-16_AddA-29|Sub-9_AddA-38|ChB-1407_AddA-26,0.5,0.5,0.0,1.0,1.8463375568389893,1.0,1.8463375568389893,NC=C(O)SCl
C|Sub-1|AddA-15|Sub-2|AddA-8_Sub-12|AddA-30|InsA-0|AddA-29|MoveFG-1487_MoveFG-2779,0.5,0.5,0.0,1.0,1.0494565963745117,1.0,1.0494565963745117,COC[SH](P)Cl
C|AddA-15|AddA-12|Sub-16_AddA-29|ChB-705|Sub-21_InsA-0,0.5,0.5,0.0,1.0,2.264106512069702,1.0,2.264106512069702,BrCC1SS1
C|AddA-15|Sub-8|InsA-0|InsA-37|MoveFG-41|InsA-2|Sub-3|ChB-1444_RmA-2,0.5,0.5,0.0,1.0,1.1188113689422607,1.0,1.1188113689422607,C=CCF
C|AddA-15|Sub-8|InsA-0|InsA-37|MoveFG-41|InsA-2|Sub-6_ChB-1514,0.5,0.5,0.0,1.0,1.3389742374420166,1.0,1.3389742374420166,CC(C)=CCl
C|AddA-15|Sub-8|InsA-0|ChB-2109|Sub-5_ChB-0|AddA-27|ChB-703|InsA-0_CutA-0,0.5,0.5,0.0,1.0,1.0006755590438843,1.0,1.0006755590438843,FC1CC1
C|AddA-15|Sub-8|ChB-1406|AddA-12|ChB-740|Sub-12|AddA-12,0.5,0.5,0.0,1.0,1.2222295999526978,1.0,1.2222295999526978,PC1=PP1
C|AddA-15|Sub-8|ChB-1406|AddA-12|MoveFG-2|InsA-37_Sub-10,0.5,0.5,0.0,1.0,0.8843209147453308,1.0,0.8843209147453308,CPCO
C|AddA-15|AddA-12|Sub-16_AddA-29|Sub-9_AddA-38|MoveFG-39,0.5,0.5,0.0,1.0,1.6723730564117432,1.0,1.6723730564117432,CNCSCl
C|Sub-1|AddA-15|Sub-2|AddA-8_Sub-12|AddA-30|InsA-0|AddA-29|RmA-3_CutA-3,0.5,0.5,0.0,1.0,0.9326865673065186,1.0,0.9326865673065186,POCS
C|AddA-15|AddA-12|Sub-16_AddA-29|ChB-705|Sub-4,0.5,0.5,0.0,1.0,1.7651675939559937,1.0,1.7651675939559937,BrP1CS1
C|AddA-15|Sub-8|InsA-0|InsA-37|MoveFG-41|InsA-2|Sub-3|InsA-108,0.5,0.5,0.0,1.0,1.0322521924972534,1.0,1.0322521924972534,CC(C)CCF
C|AddA-15|Sub-8|InsA-0|InsA-37|MoveFG-41|InsA-2|InsA-3,0.5,0.5,0.0,1.0,0.8487818837165833,1.0,0.8487818837165833,CCCC(C)C
C|AddA-15|Sub-8|ChB-1406|AddA-12|ChB-740|Sub-12|Sub-8_Sub-21,0.5,0.5,0.0,1.0,1.5444684028625488,1.0,1.5444684028625488,C1=CS1
C|AddA-15|Sub-8|ChB-1406|AddA-12|MoveFG-2|AddA-8,0.5,0.5,0.0,1.0,1.0208399295806885,1.0,1.0208399295806885,C=PCC
C|AddA-15|AddA-12|Sub-16_AddA-29|Sub-9_AddA-38|ChB-2110_InsA-73,0.5,0.5,0.0,1.0,1.584083914756775,1.0,1.584083914756775,NC#CCSCl
C|AddA-15|Sub-8|ChB-1406|AddA-12|MoveFG-2|AddA-12_CutA-0|AddA-27_Sub-4,0.5,0.5,0.0,1.0,1.1720036268234253,1.0,1.1720036268234253,FPP=P
C|AddA-15|AddA-12|Sub-16_AddA-29|ChB-705|MoveFG-3_Sub-20,0.5,0.5,0.0,1.0,1.5501384735107422,1.0,1.5501384735107422,Br[SH]1CP1
C|AddA-15|Sub-8|InsA-0|InsA-37|MoveFG-41|InsA-2|Sub-3|Sub-10,0.5,0.5,0.0,1.0,1.0928510427474976,1.0,1.0928510427474976,CC(O)CF
C|AddA-15|Sub-8|InsA-0|InsA-37|MoveFG-41|InsA-2|MoveFG-1444_ChB-1514,0.5,0.5,0.0,1.0,0.9252727627754211,1.0,0.9252727627754211,CC=CCC
C|AddA-15|Sub-8|InsA-0|ChB-2109|Sub-5_ChB-0|AddA-27|ChB-703|AddA-17,0.5,0.5,0.0,1.0,1.5142676830291748,1.0,1.5142676830291748,NC1SC1F
C|AddA-15|AddA-12|Sub-16_AddA-29|Sub-9_AddA-38|ChB-1407_RmA-4,0.5,0.5,0.0,1.0,1.091575264930725,1.0,1.091575264930725,NC=CS
C|Sub-1|AddA-8|AddA-10_Sub-17|Sub-9_ChB-1406|Sub-13,0.5,0.5,0.0,1.0,1.5163817405700684,1.0,1.5163817405700684,NN=S
C|AddA-15|Sub-8|ChB-1406|AddA-12|MoveFG-2|AddA-12_CutA-0|AddA-13_AddA-36,0.5,0.5,0.0,1.0,1.0906671285629272,1.0,1.0906671285629272,PP=CSP
C|AddA-15|AddA-12|Sub-16_AddA-29|ChB-705|InsA-2_ChB-1479,0.5,0.5,0.0,1.0,1.226929783821106,1.0,1.226929783821106,BrC1C=[SH]C1
C|AddA-15|Sub-8|InsA-0|InsA-37|MoveFG-41|InsA-2|Sub-3|AddA-25,0.5,0.5,0.0,1.0,1.0465450286865234,1.0,1.0465450286865234,CC(CN)CF
C|AddA-15|Sub-8|InsA-0|InsA-37|MoveFG-41|InsA-2|RmA-2_AddA-30,0.5,0.5,0.0,1.0,0.9989996552467346,1.0,0.9989996552467346,CCC(C)Cl
C|AddA-15|Sub-8|InsA-0|ChB-2109|Sub-5_ChB-0|AddA-27|ChB-703|AddA-13,0.5,0.5,0.0,1.0,1.2174162864685059,1.0,1.2174162864685059,FC1C[SH]1S
C|AddA-15|Sub-8|ChB-1406|AddA-12|MoveFG-2|Sub-21_ChB-2110,0.5,0.5,0.0,1.0,1.4407392740249634,1.0,1.4407392740249634,C#[SH]=C
C|AddA-15|AddA-12|Sub-16_AddA-29|Sub-9_AddA-38|MoveFG-2774_MoveFG-4105,0.5,0.5,0.0,1.0,1.2421982288360596,1.0,1.2421982288360596,CC(S)NCl
C|Sub-1|AddA-8|AddA-10_Sub-17|Sub-9_ChB-1406|Sub-10,0.5,0.5,0.0,1.0,1.4792717695236206,1.0,1.4792717695236206,NN=O
C|Sub-1|AddA-15|Sub-2|AddA-8_Sub-12|AddA-30|InsA-0|AddA-29|InsA-1_MoveFG-2892,0.5,0.5,0.0,1.0,1.100986361503601,1.0,1.100986361503601,COC(P)C(S)Cl
C|AddA-15|AddA-12|Sub-16_AddA-29|ChB-705|AddA-27,0.5,0.5,0.0,1.0,1.7103426456451416,1.0,1.7103426456451416,FC1SC1Br
C|AddA-15|Sub-8|InsA-0|InsA-37|MoveFG-41|InsA-2|Sub-3|Sub-12_ChB-1514,0.5,0.5,0.0,1.0,1.1505582332611084,1.0,1.1505582332611084,CC(P)=CF
C|AddA-15|Sub-8|InsA-0|InsA-37|MoveFG-41|InsA-2|Sub-13_Sub-21,0.5,0.5,0.0,1.0,0.959632396697998,1.0,0.959632396697998,CCC(S)S
C|AddA-15|Sub-8|InsA-0|ChB-2109|Sub-5_ChB-0|AddA-27|ChB-703|AddA-26_MoveFG-2775,0.5,0.5,0.0,1.0,1.7679780721664429,1.0,1.7679780721664429,OC1SC1F
C|AddA-15|AddA-12|Sub-16_AddA-29|Sub-9_AddA-38|MoveFG-4104_ChB-740,0.5,0.5,0.0,1.0,1.418628215789795,1.0,1.418628215789795,SC1NC1Cl
C|Sub-1|AddA-15|Sub-2|AddA-8_Sub-12|AddA-30|InsA-0|AddA-29|MoveFG-115_Sub-46,0.5,0.5,0.0,1.0,1.26619291305542,1.0,1.26619291305542,CPOC(Cl)Cl
C|AddA-15|Sub-8|ChB-1406|AddA-12|MoveFG-2|AddA-12_CutA-0|Sub-4_MoveFG-1406,0.5,0.5,0.0,1.0,0.9877827167510986,1.0,0.9877827167510986,P=PP
C|AddA-15|AddA-12|Sub-16_AddA-29|ChB-705|AddA-33,0.5,0.5,0.0,1.0,1.541247010231018,1.0,1.541247010231018,N[SH]1CC1Br
C|AddA-15|Sub-8|InsA-0|InsA-37|MoveFG-41|InsA-2|MoveFG-117_InsA-108,0.5,0.5,0.0,1.0,0.8498621582984924,1.0,0.8498621582984924,CCC(C)(C)C
C|AddA-15|AddA-12|Sub-16_AddA-29|Sub-9_AddA-38|ChB-705_Sub-15,0.5,0.5,0.0,1.0,1.6410287618637085,1.0,1.6410287618637085,Cl[SH]1CC1Br
C|Sub-1|AddA-15|Sub-2|AddA-8_Sub-12|AddA-30|InsA-0|AddA-29|Sub-33,0.5,0.5,0.0,1.0,1.2189960479736328,1.0,1.2189960479736328,PNOC(S)Cl
C|AddA-15|Sub-8|ChB-1406|AddA-12|MoveFG-2|AddA-12_CutA-0|AddA-28,0.5,0.5,0.0,1.0,0.9812576174736023,1.0,0.9812576174736023,C=PPP
C|AddA-15|Sub-8|InsA-0|InsA-37|MoveFG-41|InsA-2|Sub-3|Sub-9,0.5,0.5,0.0,1.0,1.0571357011795044,1.0,1.0571357011795044,CC(N)CF
C|AddA-15|Sub-8|InsA-0|InsA-37|MoveFG-41|InsA-2|Sub-1_InsA-3,0.5,0.5,0.0,1.0,0.8516416549682617,1.0,0.8516416549682617,CC(C)CCN
C|AddA-15|Sub-8|InsA-0|ChB-2109|Sub-5_ChB-0|AddA-27|ChB-703|Sub-21,0.5,0.5,0.0,1.0,2.08742094039917,1.0,2.08742094039917,F[SH]1CS1
C|AddA-15|Sub-8|ChB-1406|AddA-12|ChB-740|Sub-12|AddA-12_InsA-37,0.5,0.5,0.0,1.0,1.0574350357055664,1.0,1.0574350357055664,PC1=PCP1
C|AddA-15|AddA-12|Sub-16_AddA-29|Sub-9_AddA-38|AddA-38,0.5,0.5,0.0,1.0,1.3888044357299805,1.0,1.3888044357299805,NCC[SH](Cl)Cl
C|Sub-1|AddA-8|AddA-10_Sub-17|Sub-9_ChB-1406|InsA-1_MoveFG-2,0.5,0.5,0.0,1.0,1.187161922454834,1.0,1.187161922454834,N=NCN
C|AddA-15|Sub-8|ChB-1406|AddA-12|MoveFG-2|AddA-12_CutA-0|InsA-37_ChB-1479,0.5,0.5,0.0,1.0,1.5125681161880493,1.0,1.5125681161880493,C=PC=P
C|AddA-15|AddA-12|Sub-16_AddA-29|ChB-705|Sub-10_MoveFG-2,0.5,0.5,0.0,1.0,1.5557620525360107,1.0,1.5557620525360107,OC1CS1
C|AddA-15|Sub-8|InsA-0|InsA-37|MoveFG-41|InsA-2|InsA-38_ChB-2110,0.5,0.5,0.0,1.0,1.2016836404800415,1.0,1.2016836404800415,CCC1C#CC1
C|AddA-15|Sub-8|InsA-0|ChB-2109|Sub-5_ChB-0|AddA-27|ChB-703|Sub-29,0.5,0.5,0.0,1.0,1.2990349531173706,1.0,1.2990349531173706,SC1CS1
C|AddA-15|Sub-8|ChB-1406|AddA-12|ChB-740|Sub-12|AddA-10_ChB-37,0.5,0.5,0.0,1.0,1.0996872186660767,1.0,1.0996872186660767,OC(=P)P
C|AddA-15|AddA-12|Sub-16_AddA-29|Sub-9_AddA-38|AddA-31_ChB-1407,0.5,0.5,0.0,1.0,2.0159361362457275,1.0,2.0159361362457275,NC=C(Br)SCl
C|Sub-1|AddA-15|Sub-2|AddA-8_Sub-12|AddA-30|InsA-0|AddA-29|InsA-75,0.5,0.5,0.0,1.0,1.0574660301208496,1.0,1.0574660301208496,PCOC(Cl)CS
C|AddA-15|Sub-8|InsA-0|InsA-37|MoveFG-41|InsA-2|Sub-3|Sub-28_Sub-0,0.5,0.5,0.0,1.0,0.7859390377998352,1.0,0.7859390377998352,CCP(C)C
C|AddA-15|Sub-8|InsA-0|InsA-37|MoveFG-41|InsA-2|Sub-12_InsA-108,0.5,0.5,0.0,1.0,0.8354291319847107,1.0,0.8354291319847107,CCCC(C)P
C|AddA-15|Sub-8|ChB-1406|AddA-12|ChB-740|Sub-12|AddA-24_MoveFG-2774,0.5,0.5,0.0,1.0,1.1606746912002563,1.0,1.1606746912002563,CC1=PP1
C|AddA-15|AddA-12|Sub-16_AddA-29|Sub-9_AddA-38|CutA-2,0.5,0.5,0.0,1.0,1.655019998550415,1.0,1.655019998550415,NCSCl
C|Sub-1|AddA-15|Sub-2|AddA-8_Sub-12|AddA-30|InsA-0|AddA-29|Sub-33_MoveFG-2778,0.5,0.5,0.0,1.0,1.5484836101531982,1.0,1.5484836101531982,PN(Cl)OCS
C|AddA-15|Sub-8|ChB-1406|AddA-12|MoveFG-2|AddA-12_CutA-0|AddA-25_CutA-2,0.5,0.5,0.0,1.0,1.04502534866333,1.0,1.04502534866333,C=PN
C|AddA-15|AddA-12|Sub-16_AddA-29|ChB-705|Sub-4_AddA-24,0.5,0.5,0.0,1.0,1.7240313291549683,1.0,1.7240313291549683,CC1SP1Br
C|AddA-15|Sub-8|InsA-0|InsA-37|MoveFG-41|InsA-2|Sub-29,0.5,0.5,0.0,1.0,0.8605321049690247,1.0,0.8605321049690247,CC[SH](C)C
C|AddA-15|Sub-8|ChB-1406|AddA-12|MoveFG-2|MoveFG-39_ChB-704,0.5,0.5,0.0,1.0,1.0921086072921753,1.0,1.0921086072921753,C1=PC1
C|AddA-15|AddA-12|Sub-16_AddA-29|Sub-9_AddA-38|MoveFG-41,0.5,0.5,0.0,1.0,0.9731994271278381,1.0,0.9731994271278381,C[SH](Cl)CN
C|Sub-1|AddA-15|Sub-2|AddA-8_Sub-12|AddA-30|InsA-0|AddA-29|AddA-28_RmA-1,0.5,0.5,0.0,1.0,1.1110466718673706,1.0,1.1110466718673706,COC(P)(S)Cl
C|AddA-15|AddA-12|Sub-16_AddA-29|ChB-705|ChB-73,0.5,0.5,0.0,1.0,1.4661511182785034,1.0,1.4661511182785034,CC(S)Br
C|AddA-15|Sub-8|InsA-0|InsA-37|MoveFG-41|InsA-2|Sub-3|Sub-21,0.5,0.5,0.0,1.0,1.0619522333145142,1.0,1.0619522333145142,CC(S)CF
C|AddA-15|Sub-8|InsA-0|InsA-37|MoveFG-41|InsA-2|ChB-2146_AddA-40,0.5,0.5,0.0,1.0,1.5360686779022217,1.0,1.5360686779022217,CC(C)C1C#C1
C|AddA-15|Sub-8|ChB-1406|AddA-12|ChB-740|Sub-12|Sub-17_InsA-37,0.5,0.5,0.0,1.0,1.1268706321716309,1.0,1.1268706321716309,C1=PCN1
C|AddA-15|Sub-8|ChB-1406|AddA-12|MoveFG-2|InsA-1_InsA-37,0.5,0.5,0.0,1.0,0.8000837564468384,1.0,0.8000837564468384,CCPCC
C|AddA-15|AddA-12|Sub-16_AddA-29|Sub-9_AddA-38|CutA-3,0.5,0.5,0.0,1.0,1.0935531854629517,1.0,1.0935531854629517,NCCCl
C|Sub-1|AddA-15|Sub-2|AddA-8_Sub-12|AddA-30|InsA-0|AddA-29|MoveFG-2851_AddA-55,0.5,0.5,0.0,1.0,1.8766144514083862,1.0,1.8766144514083862,ClCOCPSBr
C|AddA-15|Sub-8|ChB-1406|AddA-12|MoveFG-2|AddA-12_CutA-0|Sub-5_ChB-703,0.5,0.5,0.0,1.0,0.7639690637588501,1.0,0.7639690637588501,PPS
C|AddA-15|Sub-8|InsA-0|InsA-37|MoveFG-41|InsA-2|Sub-3|CutA-4_Sub-10,0.5,0.5,0.0,1.0,1.0760167837142944,1.0,1.0760167837142944,CC(O)F
C|AddA-15|Sub-8|InsA-0|InsA-37|MoveFG-41|InsA-2|Sub-23,0.5,0.5,0.0,1.0,1.3665720224380493,1.0,1.3665720224380493,CCC(C)Br
C|AddA-15|Sub-8|InsA-0|ChB-2109|Sub-5_ChB-0|AddA-27|ChB-703|ChB-2109_MoveFG-2774,0.5,0.5,0.0,1.0,1.2727289199829102,1.0,1.2727289199829102,F[SH]1#CC1
C|AddA-15|Sub-8|ChB-1406|AddA-12|ChB-740|Sub-12|ChB-0_ChB-703,0.5,0.5,0.0,1.0,0.7148617506027222,1.0,0.7148617506027222,C1PP1
C|AddA-15|Sub-8|ChB-1406|AddA-12|MoveFG-2|RmA-1_AddA-18,0.5,0.5,0.0,1.0,0.9194166660308838,1.0,0.9194166660308838,CPO
C|AddA-15|AddA-12|Sub-16_AddA-29|Sub-9_AddA-38|RmA-1_Sub-31,0.5,0.5,0.0,1.0,1.905563235282898,1.0,1.905563235282898,CCSBr
C|Sub-1|AddA-8|AddA-10_Sub-17|Sub-9_ChB-1406|InsA-0_InsA-1,0.5,0.5,0.0,1.0,0.8716980218887329,1.0,0.8716980218887329,NCNCN
C|Sub-1|AddA-15|Sub-2|AddA-8_Sub-12|AddA-30|InsA-0|AddA-29|ChB-1446_Sub-8,0.5,0.5,0.0,1.0,1.684401273727417,1.0,1.684401273727417,ClC1OCC=[SH]1
C|AddA-15|Sub-8|ChB-1406|AddA-12|MoveFG-2|AddA-12_CutA-0|AddA-15,0.5,0.5,0.0,1.0,1.57252836227417,1.0,1.57252836227417,PP=CBr
C|AddA-15|AddA-12|Sub-16_AddA-29|ChB-705|InsA-0,0.5,0.5,0.0,1.0,1.2910122871398926,1.0,1.2910122871398926,BrCC1CS1
C|AddA-15|Sub-8|InsA-0|InsA-37|MoveFG-41|InsA-2|Sub-3|CutA-4_Sub-22,0.5,0.5,0.0,1.0,1.1645978689193726,1.0,1.1645978689193726,CC(F)Cl
C|AddA-15|Sub-8|ChB-1406|AddA-12|MoveFG-2|AddA-9,0.5,0.5,0.0,1.0,1.040268063545227,1.0,1.040268063545227,C=PCN
C|AddA-15|AddA-12|Sub-16_AddA-29|Sub-9_AddA-38|AddA-14,0.5,0.5,0.0,1.0,1.6485663652420044,1.0,1.6485663652420044,NC(Cl)CSCl
C|Sub-1|AddA-8|AddA-10_Sub-17|Sub-9_ChB-1406|AddA-25,0.5,0.5,0.0,1.0,1.333009123802185,1.0,1.333009123802185,N=NNN
C|Sub-1|AddA-15|Sub-2|AddA-8_Sub-12|AddA-30|InsA-0|AddA-29|ChB-1481_InsA-3,0.5,0.5,0.0,1.0,1.5795146226882935,1.0,1.5795146226882935,PCCOC(=S)Cl
C|AddA-15|Sub-8|ChB-1406|AddA-12|MoveFG-2|AddA-12_CutA-0|AddA-11_Sub-17,0.5,0.5,0.0,1.0,1.3515459299087524,1.0,1.3515459299087524,NP=CF
C|AddA-15|AddA-12|Sub-16_AddA-29|ChB-705|AddA-25,0.5,0.5,0.0,1.0,1.6766853332519531,1.0,1.6766853332519531,NC1SC1Br
C|AddA-15|Sub-8|InsA-0|InsA-37|MoveFG-41|InsA-2|Sub-3|ChB-1443,0.5,0.5,0.0,1.0,1.0681328773498535,1.0,1.0681328773498535,FCC1C=C1
C|AddA-15|Sub-8|InsA-0|InsA-37|MoveFG-41|InsA-2|Sub-21_InsA-38,0.5,0.5,0.0,1.0,0.9009801745414734,1.0,0.9009801745414734,CCC(S)CC
C|AddA-15|Sub-8|InsA-0|ChB-2109|Sub-5_ChB-0|AddA-27|ChB-703|MoveFG-2775_InsA-0,0.5,0.5,0.0,1.0,1.177856206893921,1.0,1.177856206893921,FC1CSC1
C|AddA-15|Sub-8|ChB-1406|AddA-12|ChB-740|Sub-12|AddA-28,0.5,0.5,0.0,1.0,1.3801532983779907,1.0,1.3801532983779907,PP1C=P1
C|AddA-15|AddA-12|Sub-16_AddA-29|Sub-9_AddA-38|ChB-1444_AddA-15,0.5,0.5,0.0,1.0,1.8363442420959473,1.0,1.8363442420959473,ClS1=NC(Br)C1
C|Sub-1|AddA-8|AddA-10_Sub-17|Sub-9_ChB-1406|ChB-703_AddA-20,0.5,0.5,0.0,1.0,1.094683289527893,1.0,1.094683289527893,NNNP
C|Sub-1|AddA-15|Sub-2|AddA-8_Sub-12|AddA-30|InsA-0|AddA-29|MoveFG-119_MoveFG-2779,0.5,0.5,0.0,1.0,1.0594624280929565,1.0,1.0594624280929565,OC[SH](Cl)CP
C|AddA-15|AddA-12|Sub-16_AddA-29|ChB-705|AddA-28,0.5,0.5,0.0,1.0,1.6374659538269043,1.0,1.6374659538269043,PC1SC1Br
C|AddA-15|Sub-8|InsA-0|InsA-37|MoveFG-41|InsA-2|Sub-3|ChB-2146,0.5,0.5,0.0,1.0,1.4613089561462402,1.0,1.4613089561462402,FCC1C#C1
C|AddA-15|Sub-8|InsA-0|InsA-37|MoveFG-41|InsA-2|Sub-18_AddA-38,0.5,0.5,0.0,1.0,0.9988632202148438,1.0,0.9988632202148438,CCC(C)(O)Cl
C|AddA-15|Sub-8|InsA-0|ChB-2109|Sub-5_ChB-0|AddA-27|ChB-703|InsA-37,0.5,0.5,0.0,1.0,1.3726353645324707,1.0,1.3726353645324707,FC1CCS1
C|AddA-15|AddA-12|Sub-16_AddA-29|Sub-9_AddA-38|AddA-25,0.5,0.5,0.0,1.0,1.6219574213027954,1.0,1.6219574213027954,NCC(N)SCl
C|Sub-1|AddA-15|Sub-2|AddA-8_Sub-12|AddA-30|InsA-0|AddA-29|AddA-21_InsA-41,0.5,0.5,0.0,1.0,1.1318798065185547,1.0,1.1318798065185547,SCPCOC(S)Cl
C|AddA-15|Sub-8|ChB-1406|AddA-12|MoveFG-2|AddA-12_CutA-0|ChB-704_AddA-27,0.5,0.5,0.0,1.0,1.7395946979522705,1.0,1.7395946979522705,FP1C=P1
C|AddA-15|AddA-12|Sub-16_AddA-29|ChB-705|MoveFG-2_InsA-73,0.5,0.5,0.0,1.0,1.3616291284561157,1.0,1.3616291284561157,BrC1CSC1
C|AddA-15|Sub-8|InsA-0|InsA-37|MoveFG-41|InsA-2|Sub-3|Sub-33,0.5,0.5,0.0,1.0,1.0521626472473145,1.0,1.0521626472473145,CC(C)NF
C|AddA-15|Sub-8|ChB-1406|AddA-12|ChB-740|Sub-12|AddA-9,0.5,0.5,0.0,1.0,1.0214974880218506,1.0,1.0214974880218506,NC1=PP1
C|AddA-15|Sub-8|ChB-1406|AddA-12|MoveFG-2|Sub-17,0.5,0.5,0.0,1.0,1.2059434652328491,1.0,1.2059434652328491,C=NC
C|AddA-15|AddA-12|Sub-16_AddA-29|Sub-9_AddA-38|InsA-108_AddA-32,0.5,0.5,0.0,1.0,0.9921144247055054,1.0,0.9921144247055054,C[SH](CCl)CCN
C|Sub-1|AddA-8|AddA-10_Sub-17|Sub-9_ChB-1406|AddA-24_InsA-1,0.5,0.5,0.0,1.0,1.1965477466583252,1.0,1.1965477466583252,CNCN=N
C|Sub-1|AddA-15|Sub-2|AddA-8_Sub-12|AddA-30|InsA-0|AddA-29|InsA-3_MoveFG-1488,0.5,0.5,0.0,1.0,1.128745198249817,1.0,1.128745198249817,CC(P)OC(S)Cl
C|AddA-15|Sub-8|ChB-1406|AddA-12|MoveFG-2|AddA-12_CutA-0|Sub-1,0.5,0.5,0.0,1.0,1.057139277458191,1.0,1.057139277458191,N=PP
C|AddA-15|AddA-12|Sub-16_AddA-29|ChB-705|AddA-39_AddA-25,0.5,0.5,0.0,1.0,1.7685670852661133,1.0,1.7685670852661133,NC1C(Br)[SH]1Br
C|AddA-15|Sub-8|InsA-0|InsA-37|MoveFG-41|InsA-2|Sub-3|AddA-22_InsA-40,0.5,0.5,0.0,1.0,1.1206941604614258,1.0,1.1206941604614258,CC(CF)CCCl
C|AddA-15|Sub-8|InsA-0|ChB-2109|Sub-5_ChB-0|AddA-27|ChB-703|AddA-16,0.5,0.5,0.0,1.0,1.3886202573776245,1.0,1.3886202573776245,CC1SC1F
C|AddA-15|Sub-8|ChB-1406|AddA-12|ChB-740|Sub-12|Sub-4_Sub-5,0.5,0.5,0.0,1.0,1.1970264911651611,1.0,1.1970264911651611,P1=[SH]P1
C|AddA-15|AddA-12|Sub-16_AddA-29|Sub-9_AddA-38|Sub-26_AddA-27,0.5,0.5,0.0,1.0,1.6406179666519165,1.0,1.6406179666519165,NCC(F)OCl
C|Sub-1|AddA-15|Sub-2|AddA-8_Sub-12|AddA-30|InsA-0|AddA-29|RmA-3_MoveFG-78,0.5,0.5,0.0,1.0,0.9464060068130493,1.0,0.9464060068130493,OC(S)CP
C|AddA-15|Sub-8|ChB-1406|AddA-12|MoveFG-2|AddA-12_CutA-0|AddA-9,0.5,0.5,0.0,1.0,0.9195194840431213,1.0,0.9195194840431213,NC=PP
C|AddA-15|Sub-8|InsA-0|InsA-37|MoveFG-41|InsA-2|Sub-3|AddA-30,0.5,0.5,0.0,1.0,1.1348985433578491,1.0,1.1348985433578491,CC(CF)CCl
C|AddA-15|Sub-8|InsA-0|InsA-37|MoveFG-41|InsA-2|AddA-36,0.5,0.5,0.0,1.0,0.8349512219429016,1.0,0.8349512219429016,CCC(C)(C)P
C|AddA-15|AddA-12|Sub-16_AddA-29|Sub-9_AddA-38|ChB-1444,0.5,0.5,0.0,1.0,1.6782559156417847,1.0,1.6782559156417847,ClS1=NCC1
C|Sub-1|AddA-15|Sub-2|AddA-8_Sub-12|AddA-30|InsA-0|AddA-29|ChB-740,0.5,0.5,0.0,1.0,1.7045260667800903,1.0,1.7045260667800903,SC1(Cl)OCP1
C|AddA-15|Sub-8|ChB-1406|AddA-12|MoveFG-2|AddA-12_CutA-0|AddA-25_AddA-32,0.5,0.5,0.0,1.0,1.0734765529632568,1.0,1.0734765529632568,C=PPNC
C|AddA-15|AddA-12|Sub-16_AddA-29|ChB-705|AddA-15_InsA-3,0.5,0.5,0.0,1.0,1.6438593864440918,1.0,1.6438593864440918,BrCC1(Br)CS1
C|AddA-15|Sub-8|InsA-0|InsA-37|MoveFG-41|InsA-2|Sub-3|CutA-4_ChB-2146,0.5,0.5,0.0,1.0,1.970868468284607,1.0,1.970868468284607,FC1C#C1
C|AddA-15|Sub-8|InsA-0|InsA-37|MoveFG-41|InsA-2|AddA-30,0.5,0.5,0.0,1.0,1.0462433099746704,1.0,1.0462433099746704,CCC(C)CCl
C|AddA-15|Sub-8|InsA-0|ChB-2109|Sub-5_ChB-0|AddA-27|ChB-703|InsA-1,0.5,0.5,0.0,1.0,1.177856206893921,1.0,1.177856206893921,FC1CSC1
C|AddA-15|Sub-8|ChB-1406|AddA-12|MoveFG-2|AddA-12_MoveFG-39,0.5,0.5,0.0,1.0,0.9453116655349731,1.0,0.9453116655349731,P=CCP
C|AddA-15|AddA-12|Sub-16_AddA-29|Sub-9_AddA-38|CutA-3_AddA-28,0.5,0.5,0.0,1.0,1.0288372039794922,1.0,1.0288372039794922,NCC(P)Cl
C|Sub-1|AddA-15|Sub-2|AddA-8_Sub-12|AddA-30|InsA-0|AddA-29|MoveFG-42_AddA-26,0.5,0.5,0.0,1.0,1.241432547569275,1.0,1.241432547569275,OC(P)C(O)(S)Cl
C|AddA-15|Sub-8|ChB-1406|AddA-12|MoveFG-2|AddA-12_CutA-0|AddA-8_Sub-9,0.5,0.5,0.0,1.0,1.0108705759048462,1.0,1.0108705759048462,CC=NP
C|AddA-15|Sub-8|InsA-0|InsA-37|MoveFG-41|InsA-2|Sub-3|Sub-29_AddA-41,0.5,0.5,0.0,1.0,0.9187217354774475,1.0,0.9187217354774475,C[SH](C)C(N)F
C|AddA-15|Sub-8|InsA-0|InsA-37|MoveFG-41|InsA-2|MoveFG-1444_ChB-741,0.5,0.5,0.0,1.0,0.8732470273971558,1.0,0.8732470273971558,CC1CCC1
C|AddA-15|Sub-8|InsA-0|ChB-2109|Sub-5_ChB-0|AddA-27|ChB-703|AddA-19,0.5,0.5,0.0,1.0,1.6020833253860474,1.0,1.6020833253860474,FC1SC1F
C|AddA-15|AddA-12|Sub-16_AddA-29|Sub-9_AddA-38|AddA-20_CutA-1,0.5,0.5,0.0,1.0,1.5709254741668701,1.0,1.5709254741668701,PCCSCl
C|Sub-1|AddA-8|AddA-10_Sub-17|Sub-9_ChB-1406|Sub-10_AddA-30,0.5,0.5,0.0,1.0,1.8542721271514893,1.0,1.8542721271514893,O=NNCl
C|Sub-1|AddA-15|Sub-2|AddA-8_Sub-12|AddA-30|InsA-0|AddA-29|RmA-5_MoveFG-115,0.5,0.5,0.0,1.0,1.0255221128463745,1.0,1.0255221128463745,CPOCCl
C|AddA-15|Sub-8|ChB-1406|AddA-12|MoveFG-2|AddA-12_CutA-0|InsA-37_MoveFG-1446,0.5,0.5,0.0,1.0,1.0122909545898438,1.0,1.0122909545898438,C=PPC
C|AddA-15|Sub-8|InsA-0|InsA-37|MoveFG-41|InsA-2|Sub-3|ChB-1443_CutA-4,0.5,0.5,0.0,1.0,1.2942460775375366,1.0,1.2942460775375366,FC1C=C1
C|AddA-15|Sub-8|InsA-0|InsA-37|MoveFG-41|InsA-2|ChB-2110_InsA-3,0.5,0.5,0.0,1.0,1.250400424003601,1.0,1.250400424003601,CC1C#CCC1
C|AddA-15|Sub-8|InsA-0|ChB-2109|Sub-5_ChB-0|AddA-27|ChB-703|AddA-28_AddA-18,0.5,0.5,0.0,1.0,1.6212915182113647,1.0,1.6212915182113647,OC1SC1(F)P
C|AddA-15|Sub-8|ChB-1406|AddA-12|MoveFG-2|MoveFG-39_AddA-10,0.5,0.5,0.0,1.0,1.1312979459762573,1.0,1.1312979459762573,OCC=P
C|AddA-15|AddA-12|Sub-16_AddA-29|Sub-9_AddA-38|ChB-1408_InsA-73,0.5,0.5,0.0,1.0,1.458560585975647,1.0,1.458560585975647,NC1=S(Cl)CC1
C|Sub-1|AddA-15|Sub-2|AddA-8_Sub-12|AddA-30|InsA-0|AddA-29|Sub-27,0.5,0.5,0.0,1.0,1.1785881519317627,1.0,1.1785881519317627,FC(S)OCP
C|AddA-15|Sub-8|ChB-1406|AddA-12|MoveFG-2|AddA-12_CutA-0|Sub-5,0.5,0.5,0.0,1.0,1.3260056972503662,1.0,1.3260056972503662,PP=S
C|AddA-15|AddA-12|Sub-16_AddA-29|ChB-705|InsA-73_Sub-25,0.5,0.5,0.0,1.0,1.5890976190567017,1.0,1.5890976190567017,BrC1CCN1
C|AddA-15|Sub-8|InsA-0|InsA-37|MoveFG-41|InsA-2|Sub-3|AddA-29_InsA-3,0.5,0.5,0.0,1.0,1.0495234727859497,1.0,1.0495234727859497,CC(CS)CCF
C|AddA-15|Sub-8|InsA-0|InsA-37|MoveFG-41|InsA-2|AddA-39,0.5,0.5,0.0,1.0,1.2926725149154663,1.0,1.2926725149154663,CCC(C)(C)Br
C|AddA-15|Sub-8|InsA-0|ChB-2109|Sub-5_ChB-0|AddA-27|ChB-703|InsA-73_ChB-1409,0.5,0.5,0.0,1.0,1.3495144844055176,1.0,1.3495144844055176,FC1=S2CC12
C|AddA-15|AddA-12|Sub-16_AddA-29|Sub-9_AddA-38|ChB-2109_Sub-12,0.5,0.5,0.0,1.0,1.7036511898040771,1.0,1.7036511898040771,P#CCSCl
C|Sub-1|AddA-8|AddA-10_Sub-17|Sub-9_ChB-1406|ChB-740_Sub-20,0.5,0.5,0.0,1.0,2.0047943592071533,1.0,2.0047943592071533,N1=NP1
C|AddA-15|AddA-12|Sub-16_AddA-29|ChB-705|AddA-30_InsA-2,0.5,0.5,0.0,1.0,1.5365604162216187,1.0,1.5365604162216187,ClC1SCC1Br
C|AddA-15|Sub-8|InsA-0|InsA-37|MoveFG-41|InsA-2|ChB-1443,0.5,0.5,0.0,1.0,1.0349234342575073,1.0,1.0349234342575073,CCC1C=C1
C|AddA-15|Sub-8|ChB-1406|AddA-12|MoveFG-2|MoveFG-39_ChB-1406,0.5,0.5,0.0,1.0,1.5530691146850586,1.0,1.5530691146850586,C=C=P
C|AddA-15|AddA-12|Sub-16_AddA-29|Sub-9_AddA-38|AddA-19,0.5,0.5,0.0,1.0,1.6153150796890259,1.0,1.6153150796890259,FNCCSCl
C|Sub-1|AddA-15|Sub-2|AddA-8_Sub-12|AddA-30|InsA-0|AddA-29|RmA-3,0.5,0.5,0.0,1.0,0.9029955863952637,1.0,0.9029955863952637,PCOCS
C|AddA-15|Sub-8|ChB-1406|AddA-12|MoveFG-2|AddA-12_CutA-0|InsA-37_AddA-9,0.5,0.5,0.0,1.0,0.8902532458305359,1.0,0.8902532458305359,NC=PCP
C|AddA-15|AddA-12|Sub-16_AddA-29|ChB-705|ChB-1408,0.5,0.5,0.0,1.0,1.650825023651123,1.0,1.650825023651123,BrC1=[SH]C1
C|AddA-15|Sub-8|InsA-0|InsA-37|MoveFG-41|InsA-2|Sub-3|ChB-1480_AddA-27,0.5,0.5,0.0,1.0,1.3167738914489746,1.0,1.3167738914489746,CC1C(F)=C1F
C|AddA-15|Sub-8|ChB-1406|AddA-12|MoveFG-2|AddA-17_AddA-13,0.5,0.5,0.0,1.0,0.9759712219238281,1.0,0.9759712219238281,NC=PCS
C|AddA-15|AddA-12|Sub-16_AddA-29|Sub-9_AddA-38|AddA-35_InsA-108,0.5,0.5,0.0,1.0,1.1092911958694458,1.0,1.1092911958694458,NCC[SH](F)CCl
C|Sub-1|AddA-8|AddA-10_Sub-17|Sub-9_ChB-1406|AddA-30,0.5,0.5,0.0,1.0,1.6318942308425903,1.0,1.6318942308425903,N=NNCl
C|AddA-15|Sub-8|ChB-1406|AddA-12|MoveFG-2|AddA-12_CutA-0|Sub-19_MoveFG-1406,0.5,0.5,0.0,1.0,1.3917174339294434,1.0,1.3917174339294434,FC=P
C|AddA-15|Sub-8|InsA-0|InsA-37|MoveFG-41|InsA-2|Sub-3|AddA-21,0.5,0.5,0.0,1.0,1.0569212436676025,1.0,1.0569212436676025,CC(CF)CS
C|AddA-15|Sub-8|InsA-0|InsA-37|MoveFG-41|InsA-2|AddA-46,0.5,0.5,0.0,1.0,0.9931420087814331,1.0,0.9931420087814331,CC(C)C(C)Cl
C|AddA-15|AddA-12|Sub-16_AddA-29|Sub-9_AddA-38|MoveFG-2_MoveFG-4105,0.5,0.5,0.0,1.0,1.2421982288360596,1.0,1.2421982288360596,CC(S)NCl
C|AddA-15|Sub-8|ChB-1406|AddA-12|MoveFG-2|AddA-12_CutA-0|AddA-9_MoveFG-2,0.5,0.5,0.0,1.0,0.9195194840431213,1.0,0.9195194840431213,NC=PP
C|AddA-15|AddA-12|Sub-16_AddA-29|ChB-705|ChB-1407,0.5,0.5,0.0,1.0,2.2753524780273438,1.0,2.2753524780273438,BrC1=CS1
C|AddA-15|Sub-8|InsA-0|InsA-37|MoveFG-41|InsA-2|Sub-3|ChB-742,0.5,0.5,0.0,1.0,1.0357108116149902,1.0,1.0357108116149902,CC1CC1F
C|AddA-15|Sub-8|InsA-0|InsA-37|MoveFG-41|InsA-2|MoveFG-4106_ChB-705,0.5,0.5,0.0,1.0,0.8732470273971558,1.0,0.8732470273971558,CC1CCC1
C|AddA-15|Sub-8|ChB-1406|AddA-12|MoveFG-2|InsA-37_AddA-19,0.5,0.5,0.0,1.0,0.9622529745101929,1.0,0.9622529745101929,CPCCF
C|AddA-15|AddA-12|Sub-16_AddA-29|Sub-9_AddA-38|Sub-20_MoveFG-4104,0.5,0.5,0.0,1.0,1.037500262260437,1.0,1.037500262260437,NC(Cl)PS
C|AddA-15|Sub-8|ChB-1406|AddA-12|MoveFG-2|AddA-12_CutA-0|Sub-4,0.5,0.5,0.0,1.0,0.9877827167510986,1.0,0.9877827167510986,P=PP
C|AddA-15|Sub-8|InsA-0|InsA-37|MoveFG-41|InsA-2|Sub-3|Sub-7,0.5,0.5,0.0,1.0,1.3904672861099243,1.0,1.3904672861099243,CC(C)CBr
C|AddA-15|Sub-8|InsA-0|InsA-37|MoveFG-41|InsA-2|Sub-25_MoveFG-1446,0.5,0.5,0.0,1.0,0.8532590866088867,1.0,0.8532590866088867,CCNCC
C|AddA-15|Sub-8|ChB-1406|AddA-12|MoveFG-2|Sub-10_AddA-8,0.5,0.5,0.0,1.0,1.1975266933441162,1.0,1.1975266933441162,CCP=O
C|AddA-15|AddA-12|Sub-16_AddA-29|Sub-9_AddA-38|AddA-17_Sub-2,0.5,0.5,0.0,1.0,1.7005577087402344,1.0,1.7005577087402344,NNOCSCl
C|Sub-1|AddA-15|Sub-2|AddA-8_Sub-12|AddA-30|InsA-0|AddA-29|AddA-19,0.5,0.5,0.0,1.0,1.1854795217514038,1.0,1.1854795217514038,FPCOC(S)Cl
C|AddA-15|AddA-12|Sub-16_AddA-29|ChB-705|AddA-9,0.5,0.5,0.0,1.0,1.7949799299240112,1.0,1.7949799299240112,NC1(Br)CS1
C|AddA-15|Sub-8|InsA-0|InsA-37|MoveFG-41|InsA-2|Sub-3|Sub-18,0.5,0.5,0.0,1.0,1.0928510427474976,1.0,1.0928510427474976,CC(O)CF
C|AddA-15|Sub-8|InsA-0|InsA-37|MoveFG-41|InsA-2|InsA-38_AddA-23,0.5,0.5,0.0,1.0,1.379610538482666,1.0,1.379610538482666,CCC(C)CCBr
C|AddA-15|Sub-8|InsA-0|ChB-2109|Sub-5_ChB-0|AddA-27|ChB-703|InsA-73_MoveFG-2812,0.5,0.5,0.0,1.0,1.104893445968628,1.0,1.104893445968628,FC[SH]1CC1
C|Sub-1|AddA-15|Sub-2|AddA-8_Sub-12|AddA-30|InsA-0|AddA-29|RmA-3_MoveFG-77,0.5,0.5,0.0,1.0,0.9016739726066589,1.0,0.9016739726066589,CPOCS
C|AddA-15|AddA-12|Sub-16_AddA-29|ChB-705|RmA-2_ChB-1407,0.5,0.5,0.0,1.0,2.1565306186676025,1.0,2.1565306186676025,S=CBr
C|AddA-15|Sub-8|InsA-0|InsA-37|MoveFG-41|InsA-2|Sub-3|AddA-17,0.5,0.5,0.0,1.0,1.0465450286865234,1.0,1.0465450286865234,CC(CN)CF
C|AddA-15|Sub-8|InsA-0|InsA-37|MoveFG-41|InsA-2|MoveFG-117_ChB-1406,0.5,0.5,0.0,1.0,1.0375912189483643,1.0,1.0375912189483643,CC1(C)C=C1
C|AddA-15|Sub-8|InsA-0|ChB-2109|Sub-5_ChB-0|AddA-27|ChB-703|MoveFG-2775_InsA-1,0.5,0.5,0.0,1.0,1.3726353645324707,1.0,1.3726353645324707,FC1CCS1
C|AddA-15|Sub-8|ChB-1406|AddA-12|ChB-740|Sub-12|AddA-27,0.5,0.5,0.0,1.0,1.7395946979522705,1.0,1.7395946979522705,FP1C=P1
C|AddA-15|Sub-8|ChB-1406|AddA-12|MoveFG-2|Sub-10,0.5,0.5,0.0,1.0,1.2046129703521729,1.0,1.2046129703521729,CP=O
C|AddA-15|AddA-12|Sub-16_AddA-29|Sub-9_AddA-38|MoveFG-4106_Sub-5,0.5,0.5,0.0,1.0,1.3401639461517334,1.0,1.3401639461517334,NSC(S)Cl
C|AddA-15|Sub-8|ChB-1406|AddA-12|MoveFG-2|AddA-12_CutA-0|InsA-0_AddA-20,0.5,0.5,0.0,1.0,0.7513673901557922,1.0,0.7513673901557922,CCP(P)P
C|AddA-15|AddA-12|Sub-16_AddA-29|ChB-705|Sub-25_AddA-38,0.5,0.5,0.0,1.0,1.911976933479309,1.0,1.911976933479309,ClN1CC1Br
C|AddA-15|Sub-8|InsA-0|InsA-37|MoveFG-41|InsA-2|Sub-3|ChB-1443_Sub-6,0.5,0.5,0.0,1.0,1.072676658630371,1.0,1.072676658630371,ClCC1C=C1
C|AddA-15|Sub-8|InsA-0|InsA-37|MoveFG-41|InsA-2|Sub-28_InsA-108,0.5,0.5,0.0,1.0,0.8052549958229065,1.0,0.8052549958229065,CCCP(C)C
C|AddA-15|Sub-8|InsA-0|ChB-2109|Sub-5_ChB-0|AddA-27|ChB-703|Sub-20_MoveFG-2774,0.5,0.5,0.0,1.0,1.1255851984024048,1.0,1.1255851984024048,F[SH]1CP1
C|AddA-15|AddA-12|Sub-16_AddA-29|Sub-9_AddA-38|ChB-2109_Sub-37,0.5,0.5,0.0,1.0,1.5782438516616821,1.0,1.5782438516616821,N#CCSS
C|Sub-1|AddA-15|Sub-2|AddA-8_Sub-12|AddA-30|InsA-0|AddA-29|Sub-17,0.5,0.5,0.0,1.0,2.0944814682006836,1.0,2.0944814682006836,PCON(S)Cl
C|AddA-15|AddA-12|Sub-16_AddA-29|ChB-705|Sub-13_InsA-0,0.5,0.5,0.0,1.0,1.1324148178100586,1.0,1.1324148178100586,SCC1CS1
C|AddA-15|Sub-8|InsA-0|InsA-37|MoveFG-41|InsA-2|Sub-25_ChB-2112,0.5,0.5,0.0,1.0,1.025457739830017,1.0,1.025457739830017,C#CN(C)C
C|AddA-15|Sub-8|ChB-1406|AddA-12|MoveFG-2|AddA-16,0.5,0.5,0.0,1.0,0.9132861495018005,1.0,0.9132861495018005,CC=PC
C|AddA-15|AddA-12|Sub-16_AddA-29|Sub-9_AddA-38|MoveFG-4105,0.5,0.5,0.0,1.0,1.225632905960083,1.0,1.225632905960083,SCCNCl
C|Sub-1|AddA-8|AddA-10_Sub-17|Sub-9_ChB-1406|Sub-21_AddA-20,0.5,0.5,0.0,1.0,1.423305869102478,1.0,1.423305869102478,PN=NS
C|Sub-1|AddA-15|Sub-2|AddA-8_Sub-12|AddA-30|InsA-0|AddA-29|Sub-44,0.5,0.5,0.0,1.0,0.9842711091041565,1.0,0.9842711091041565,PCOC(P)Cl
C|AddA-15|AddA-12|Sub-16_AddA-29|ChB-705|Sub-4_MoveFG-2,0.5,0.5,0.0,1.0,1.7250463962554932,1.0,1.7250463962554932,BrC1PS1
C|AddA-15|Sub-8|InsA-0|InsA-37|MoveFG-41|InsA-2|Sub-37,0.5,0.5,0.0,1.0,0.9418500661849976,1.0,0.9418500661849976,CSC(C)C
C|AddA-15|Sub-8|InsA-0|ChB-2109|Sub-5_ChB-0|AddA-27|ChB-703|AddA-12_MoveFG-2775,0.5,0.5,0.0,1.0,1.0527492761611938,1.0,1.0527492761611938,FC1C[SH]1P
C|AddA-15|AddA-12|Sub-16_AddA-29|Sub-9_AddA-38|AddA-28,0.5,0.5,0.0,1.0,1.5746588706970215,1.0,1.5746588706970215,NCC(P)SCl
C|AddA-15|Sub-8|ChB-1406|AddA-12|MoveFG-2|AddA-12_CutA-0|MoveFG-2_AddA-13,0.5,0.5,0.0,1.0,1.1105388402938843,1.0,1.1105388402938843,PP=CS
C|AddA-15|AddA-12|Sub-16_AddA-29|ChB-705|Sub-14,0.5,0.5,0.0,1.0,1.4007855653762817,1.0,1.4007855653762817,ClC1CS1
C|AddA-15|Sub-8|InsA-0|InsA-37|MoveFG-41|InsA-2|Sub-29_ChB-1407,0.5,0.5,0.0,1.0,1.038669228553772,1.0,1.038669228553772,C[SH]1C=CC1
C|AddA-15|Sub-8|ChB-1406|AddA-12|ChB-740|Sub-12|InsA-37_ChB-1407,0.5,0.5,0.0,1.0,1.9943633079528809,1.0,1.9943633079528809,C1=PCP=1
C|AddA-15|Sub-8|ChB-1406|AddA-12|MoveFG-2|AddA-16_AddA-20,0.5,0.5,0.0,1.0,0.8868433237075806,1.0,0.8868433237075806,CP=C(C)P
C|AddA-15|AddA-12|Sub-16_AddA-29|Sub-9_AddA-38|Sub-20_InsA-1,0.5,0.5,0.0,1.0,1.606951117515564,1.0,1.606951117515564,NCCPSCl
C|Sub-1|AddA-15|Sub-2|AddA-8_Sub-12|AddA-30|InsA-0|AddA-29|Sub-41,0.5,0.5,0.0,1.0,1.0146876573562622,1.0,1.0146876573562622,NC(Cl)OCP
C|AddA-15|AddA-12|Sub-16_AddA-29|ChB-705|MoveFG-3_InsA-1,0.5,0.5,0.0,1.0,1.516229271888733,1.0,1.516229271888733,Br[SH]1CCC1
C|AddA-15|Sub-8|InsA-0|InsA-37|MoveFG-41|InsA-2|Sub-3|MoveFG-116_AddA-30,0.5,0.5,0.0,1.0,1.2142518758773804,1.0,1.2142518758773804,CC(C)C(F)Cl
C|AddA-15|Sub-8|InsA-0|InsA-37|MoveFG-41|InsA-2|ChB-740_MoveFG-4104,0.5,0.5,0.0,1.0,0.8821260333061218,1.0,0.8821260333061218,CCC1CC1
C|AddA-15|Sub-8|InsA-0|ChB-2109|Sub-5_ChB-0|AddA-27|ChB-703|AddA-21_AddA-14,0.5,0.5,0.0,1.0,1.4352680444717407,1.0,1.4352680444717407,FC1C(S)[SH]1Cl
C|AddA-15|Sub-8|ChB-1406|AddA-12|MoveFG-2|AddA-12,0.5,0.5,0.0,1.0,0.9791029095649719,1.0,0.9791029095649719,C=PCP
C|Sub-1|AddA-8|AddA-10_Sub-17|Sub-9_ChB-1406|ChB-703_InsA-0,0.5,0.5,0.0,1.0,0.8876572847366333,1.0,0.8876572847366333,NCNN
C|Sub-1|AddA-15|Sub-2|AddA-8_Sub-12|AddA-30|InsA-0|AddA-29|AddA-55,0.5,0.5,0.0,1.0,1.901152491569519,1.0,1.901152491569519,PCOC(Cl)SBr
C|AddA-15|AddA-12|Sub-16_AddA-29|ChB-705|AddA-34,0.5,0.5,0.0,1.0,1.6327247619628906,1.0,1.6327247619628906,O[SH]1CC1Br
C|AddA-15|Sub-8|InsA-0|InsA-37|MoveFG-41|InsA-2|InsA-73_InsA-75,0.5,0.5,0.0,1.0,0.8513079881668091,1.0,0.8513079881668091,CCCC(C)CC
C|AddA-15|Sub-8|InsA-0|ChB-2109|Sub-5_ChB-0|AddA-27|ChB-703|Sub-2_AddA-23,0.5,0.5,0.0,1.0,1.6368296146392822,1.0,1.6368296146392822,FC1OC1Br
C|AddA-15|Sub-8|ChB-1406|AddA-12|ChB-740|Sub-12|AddA-12_ChB-0,0.5,0.5,0.0,1.0,0.7254694104194641,1.0,0.7254694104194641,PCPP
C|AddA-15|AddA-12|Sub-16_AddA-29|Sub-9_AddA-38|MoveFG-4105_InsA-1,0.5,0.5,0.0,1.0,1.2126924991607666,1.0,1.2126924991607666,SCCCNCl
C|Sub-1|AddA-8|AddA-10_Sub-17|Sub-9_ChB-1406|InsA-0_InsA-2,0.5,0.5,0.0,1.0,0.8886924982070923,1.0,0.8886924982070923,NCCNN
C|Sub-1|AddA-15|Sub-2|AddA-8_Sub-12|AddA-30|InsA-0|AddA-29|Sub-43_RmA-1,0.5,0.5,0.0,1.0,1.3094990253448486,1.0,1.3094990253448486,COC(F)Cl
C|AddA-15|AddA-12|Sub-16_AddA-29|ChB-705|AddA-38_InsA-2,0.5,0.5,0.0,1.0,1.4674623012542725,1.0,1.4674623012542725,Cl[SH]1CC(Br)C1
C|AddA-15|Sub-8|InsA-0|InsA-37|MoveFG-41|InsA-2|Sub-3|AddA-20,0.5,0.5,0.0,1.0,1.0010374784469604,1.0,1.0010374784469604,CC(CF)CP
C|AddA-15|Sub-8|InsA-0|InsA-37|MoveFG-41|InsA-2|ChB-2146_InsA-73,0.5,0.5,0.0,1.0,1.2016836404800415,1.0,1.2016836404800415,CCC1C#CC1
C|AddA-15|Sub-8|InsA-0|ChB-2109|Sub-5_ChB-0|AddA-27|ChB-703|ChB-1443,0.5,0.5,0.0,1.0,1.8233253955841064,1.0,1.8233253955841064,FC1=CS1
C|AddA-15|Sub-8|ChB-1406|AddA-12|MoveFG-2|AddA-20_InsA-38,0.5,0.5,0.0,1.0,0.896781861782074,1.0,0.896781861782074,CP=CCP
C|AddA-15|AddA-12|Sub-16_AddA-29|Sub-9_AddA-38|Sub-13,0.5,0.5,0.0,1.0,1.6223143339157104,1.0,1.6223143339157104,SCCSCl
C|Sub-1|AddA-8|AddA-10_Sub-17|Sub-9_ChB-1406|Sub-18_ChB-740,0.5,0.5,1.0,1.0281871249971196e-20,3.7508041858673096,1.1382580170910033e-40,3.7508041858673096,N1=NO1
C|AddA-15|Sub-8|ChB-1406|AddA-12|MoveFG-2|AddA-12_CutA-0|AddA-28_AddA-12,0.5,0.5,0.0,1.0,0.9032159447669983,1.0,0.9032159447669983,PC=PPP
C|AddA-15|Sub-8|InsA-0|InsA-37|MoveFG-41|InsA-2|Sub-3|Sub-29_AddA-43,0.5,0.5,0.0,1.0,1.1250983476638794,1.0,1.1250983476638794,C[SH](C)C(F)F
C|AddA-15|Sub-8|InsA-0|InsA-37|MoveFG-41|InsA-2|AddA-38,0.5,0.5,0.0,1.0,0.9478865265846252,1.0,0.9478865265846252,CCC(C)(C)Cl
C|AddA-15|Sub-8|ChB-1406|AddA-12|MoveFG-2|InsA-37_Sub-18,0.5,0.5,0.0,1.0,0.8580735921859741,1.0,0.8580735921859741,CCOC
C|Sub-1|AddA-15|Sub-2|AddA-8_Sub-12|AddA-30|InsA-0|AddA-29|AddA-16,0.5,0.5,0.0,1.0,1.1221694946289062,1.0,1.1221694946289062,CPCOC(S)Cl
C|AddA-15|Sub-8|ChB-1406|AddA-12|MoveFG-2|AddA-12_CutA-0|AddA-30,0.5,0.5,0.0,1.0,1.2093981504440308,1.0,1.2093981504440308,C=PPCl
C|AddA-15|AddA-12|Sub-16_AddA-29|ChB-705|AddA-11,0.5,0.5,0.0,1.0,1.8957935571670532,1.0,1.8957935571670532,FC1(Br)CS1
C|AddA-15|Sub-8|InsA-0|InsA-37|MoveFG-41|InsA-2|Sub-3|InsA-73_ChB-1548,0.5,0.5,0.0,1.0,1.1239880323410034,1.0,1.1239880323410034,CC1=C(F)C1C
C|AddA-15|Sub-8|InsA-0|InsA-37|MoveFG-41|InsA-2|CutA-4_Sub-15,0.5,0.5,0.0,1.0,1.3293269872665405,1.0,1.3293269872665405,CC(C)Br
C|AddA-15|Sub-8|ChB-1406|AddA-12|MoveFG-2|Sub-12,0.5,0.5,0.0,1.0,0.9845442175865173,1.0,0.9845442175865173,CP=P
C|AddA-15|AddA-12|Sub-16_AddA-29|Sub-9_AddA-38|AddA-16,0.5,0.5,0.0,1.0,1.6245851516723633,1.0,1.6245851516723633,CNCCSCl
C|Sub-1|AddA-8|AddA-10_Sub-17|Sub-9_ChB-1406|Sub-4_InsA-0,0.5,0.5,0.0,1.0,0.7799661755561829,1.0,0.7799661755561829,NCPN
C|Sub-1|AddA-15|Sub-2|AddA-8_Sub-12|AddA-30|InsA-0|AddA-29|InsA-75_RmA-5,0.5,0.5,0.0,1.0,0.9992120265960693,1.0,0.9992120265960693,CC(Cl)OCP
C|AddA-15|Sub-8|InsA-0|InsA-37|MoveFG-41|InsA-2|Sub-3|Sub-25_Sub-19,0.5,0.5,0.0,1.0,1.1996793746948242,1.0,1.1996793746948242,CN(F)CF
C|AddA-15|Sub-8|ChB-1406|AddA-12|ChB-740|Sub-12|Sub-1,0.5,0.5,0.0,1.0,1.8083490133285522,1.0,1.8083490133285522,N1=PP1
C|AddA-15|AddA-12|Sub-16_AddA-29|Sub-9_AddA-38|MoveFG-3,0.5,0.5,0.0,1.0,1.0020811557769775,1.0,1.0020811557769775,CC[SH](N)Cl
C|Sub-1|AddA-15|Sub-2|AddA-8_Sub-12|AddA-30|InsA-0|AddA-29|CutA-0_MoveFG-80,0.5,0.5,0.0,1.0,1.0936225652694702,1.0,1.0936225652694702,CC(Cl)SP
C|AddA-15|AddA-12|Sub-16_AddA-29|ChB-705|ChB-1479,0.5,0.5,0.0,1.0,1.496276617050171,1.0,1.496276617050171,BrC1C=[SH]1
C|AddA-15|Sub-8|InsA-0|ChB-2109|Sub-5_ChB-0|AddA-27|ChB-703|InsA-1_AddA-23,0.5,0.5,0.0,1.0,1.6430073976516724,1.0,1.6430073976516724,FC1CSC1Br
C|AddA-15|Sub-8|ChB-1406|AddA-12|MoveFG-2|InsA-1_Sub-4,0.5,0.5,0.0,1.0,0.9791029095649719,1.0,0.9791029095649719,C=PCP
C|AddA-15|AddA-12|Sub-16_AddA-29|Sub-9_AddA-38|InsA-108_CutA-0,0.5,0.5,0.0,1.0,1.1344715356826782,1.0,1.1344715356826782,NCSCCl
C|AddA-15|Sub-8|ChB-1406|AddA-12|MoveFG-2|AddA-12_CutA-0|RmA-0_AddA-21,0.5,0.5,0.0,1.0,0.7639690637588501,1.0,0.7639690637588501,PPS
C|AddA-15|AddA-12|Sub-16_AddA-29|ChB-705|Sub-10_Sub-5,0.5,0.5,0.0,1.0,2.289551258087158,1.0,2.289551258087158,O[SH]1CS1
C|AddA-15|Sub-8|InsA-0|InsA-37|MoveFG-41|InsA-2|Sub-3|InsA-3_Sub-42,0.5,0.5,0.0,1.0,1.3547645807266235,1.0,1.3547645807266235,CC(C)COF
C|AddA-15|Sub-8|InsA-0|InsA-37|MoveFG-41|InsA-2|InsA-3_AddA-36,0.5,0.5,0.0,1.0,0.843716561794281,1.0,0.843716561794281,CCCC(C)(C)P
C|AddA-15|Sub-8|ChB-1406|AddA-12|MoveFG-2|Sub-1,0.5,0.5,0.0,1.0,1.04502534866333,1.0,1.04502534866333,C=PN
C|AddA-15|AddA-12|Sub-16_AddA-29|Sub-9_AddA-38|ChB-740,0.5,0.5,0.0,1.0,1.7310094833374023,1.0,1.7310094833374023,ClSC1CN1
C|Sub-1|AddA-8|AddA-10_Sub-17|Sub-9_ChB-1406|ChB-740_InsA-37,0.5,0.5,0.0,1.0,1.4179069995880127,1.0,1.4179069995880127,C1N=NN1
C|Sub-1|AddA-15|Sub-2|AddA-8_Sub-12|AddA-30|InsA-0|AddA-29|Sub-13_AddA-49,0.5,0.5,0.0,1.0,1.3030766248703003,1.0,1.3030766248703003,NSC(Cl)OCS
C|AddA-15|Sub-8|InsA-0|InsA-37|MoveFG-41|InsA-2|Sub-3|InsA-73_Sub-17,0.5,0.5,0.0,1.0,1.0465450286865234,1.0,1.0465450286865234,CC(CN)CF
C|AddA-15|Sub-8|ChB-1406|AddA-12|MoveFG-2|InsA-1_AddA-14,0.5,0.5,0.0,1.0,1.1230531930923462,1.0,1.1230531930923462,C=PCCCl
C|Sub-1|AddA-15|Sub-2|AddA-8_Sub-12|AddA-30|InsA-0|AddA-29|MoveFG-2854,0.5,0.5,0.0,1.0,1.0688657760620117,1.0,1.0688657760620117,PC(S)OCCl
C|AddA-15|AddA-12|Sub-16_AddA-29|ChB-705|AddA-25_AddA-26,0.5,0.5,0.0,1.0,2.1941983699798584,1.0,2.1941983699798584,NC1(O)SC1Br
C|AddA-15|Sub-8|ChB-1406|AddA-12|MoveFG-2|MoveFG-39_InsA-0,0.5,0.5,0.0,1.0,0.9786101579666138,1.0,0.9786101579666138,CCC=P
C|AddA-15|AddA-12|Sub-16_AddA-29|Sub-9_AddA-38|ChB-1443_Sub-28,0.5,0.5,0.0,1.0,1.4311096668243408,1.0,1.4311096668243408,ClPC1=NC1
C|Sub-1|AddA-15|Sub-2|AddA-8_Sub-12|AddA-30|InsA-0|AddA-29|Sub-13_RmA-5,0.5,0.5,0.0,1.0,1.1172800064086914,1.0,1.1172800064086914,SCOCCl
C|AddA-15|Sub-8|ChB-1406|AddA-12|MoveFG-2|AddA-12_CutA-0|Sub-19_ChB-703,0.5,0.5,0.0,1.0,0.9328531622886658,1.0,0.9328531622886658,CPF
C|AddA-15|Sub-8|InsA-0|InsA-37|MoveFG-41|InsA-2|Sub-3|AddA-40,0.5,0.5,0.0,1.0,0.9958159327507019,1.0,0.9958159327507019,CC(C)C(C)F
C|AddA-15|Sub-8|InsA-0|ChB-2109|Sub-5_ChB-0|AddA-27|ChB-703|Sub-12,0.5,0.5,0.0,1.0,1.4887596368789673,1.0,1.4887596368789673,FC1PS1
C|AddA-15|Sub-8|ChB-1406|AddA-12|ChB-740|Sub-12|InsA-37_AddA-34,0.5,0.5,0.0,1.0,1.5380510091781616,1.0,1.5380510091781616,OC1P=CP1
C|AddA-15|Sub-8|ChB-1406|AddA-12|MoveFG-2|ChB-703_AddA-17,0.5,0.5,0.0,1.0,0.9803885221481323,1.0,0.9803885221481323,NC1=PC1
C|AddA-15|AddA-12|Sub-16_AddA-29|Sub-9_AddA-38|AddA-39,0.5,0.5,0.0,1.0,1.586551547050476,1.0,1.586551547050476,NCC[SH](Cl)Br
C|Sub-1|AddA-15|Sub-2|AddA-8_Sub-12|AddA-30|InsA-0|AddA-29|Sub-9,0.5,0.5,0.0,1.0,1.2171236276626587,1.0,1.2171236276626587,NCOC(S)Cl
C|AddA-15|AddA-12|Sub-16_AddA-29|ChB-705|InsA-2_CutA-3,0.5,0.5,0.0,1.0,1.3190511465072632,1.0,1.3190511465072632,BrC1CC1
C|AddA-15|Sub-8|ChB-1406|AddA-12|ChB-740|Sub-12|Sub-13_InsA-0,0.5,0.5,0.0,1.0,1.2340059280395508,1.0,1.2340059280395508,C1CSP1
C|AddA-15|AddA-12|Sub-16_AddA-29|Sub-9_AddA-38|Sub-4_Sub-25,0.5,0.5,0.0,1.0,1.1448308229446411,1.0,1.1448308229446411,NPCNCl
C|Sub-1|AddA-15|Sub-2|AddA-8_Sub-12|AddA-30|InsA-0|AddA-29|ChB-1481,0.5,0.5,0.0,1.0,1.605080485343933,1.0,1.605080485343933,PCOC(=S)Cl
C|AddA-15|Sub-8|ChB-1406|AddA-12|MoveFG-2|AddA-12_CutA-0|AddA-14,0.5,0.5,0.0,1.0,1.473541259765625,1.0,1.473541259765625,PP=CCl
C|AddA-15|Sub-8|InsA-0|InsA-37|MoveFG-41|InsA-2|Sub-3|InsA-108_Sub-34,0.5,0.5,0.0,1.0,1.3547645807266235,1.0,1.3547645807266235,CC(C)COF
C|AddA-15|Sub-8|InsA-0|InsA-37|MoveFG-41|InsA-2|AddA-10,0.5,0.5,0.0,1.0,0.9438889026641846,1.0,0.9438889026641846,CC(C)CCO
C|AddA-15|Sub-8|InsA-0|ChB-2109|Sub-5_ChB-0|AddA-27|ChB-703|AddA-20_Sub-38,0.5,0.5,0.0,1.0,1.5501257181167603,1.0,1.5501257181167603,FC1SC1Cl
C|AddA-15|AddA-12|Sub-16_AddA-29|Sub-9_AddA-38|CutA-2_Sub-15,0.5,0.5,0.0,1.0,1.7704862356185913,1.0,1.7704862356185913,ClSCBr
C|Sub-1|AddA-8|AddA-10_Sub-17|Sub-9_ChB-1406|AddA-23_MoveFG-1446,0.5,0.5,0.0,1.0,1.9462589025497437,1.0,1.9462589025497437,N=NNBr
C|AddA-15|AddA-12|Sub-16_AddA-29|ChB-705|Sub-5_Sub-25,0.5,0.5,0.0,1.0,1.9396157264709473,1.0,1.9396157264709473,Br[SH]1CN1
C|AddA-15|Sub-8|InsA-0|InsA-37|MoveFG-41|InsA-2|Sub-3|Sub-11,0.5,0.5,0.0,1.0,1.0927011966705322,1.0,1.0927011966705322,CC(F)CF
C|AddA-15|Sub-8|InsA-0|InsA-37|MoveFG-41|InsA-2|AddA-33_RmA-0,0.5,0.5,0.0,1.0,0.8581767082214355,1.0,0.8581767082214355,CC(C)(C)N
C|AddA-15|Sub-8|ChB-1406|AddA-12|MoveFG-2|AddA-9_AddA-23,0.5,0.5,0.0,1.0,1.6092159748077393,1.0,1.6092159748077393,NCP=CBr
C|AddA-15|AddA-12|Sub-16_AddA-29|Sub-9_AddA-38|Sub-28_AddA-11,0.5,0.5,0.0,1.0,1.12075674533844,1.0,1.12075674533844,NC(F)CPCl
C|Sub-1|AddA-15|Sub-2|AddA-8_Sub-12|AddA-30|InsA-0|AddA-29|AddA-16_CutA-4,0.5,0.5,0.0,1.0,1.1414350271224976,1.0,1.1414350271224976,CPOC(S)Cl
C|AddA-15|Sub-8|InsA-0|InsA-37|MoveFG-41|InsA-2|Sub-28,0.5,0.5,0.0,1.0,0.7859390377998352,1.0,0.7859390377998352,CCP(C)C
C|AddA-15|Sub-8|InsA-0|ChB-2109|Sub-5_ChB-0|AddA-27|ChB-703|ChB-1407,0.5,0.5,0.0,1.0,1.3084988594055176,1.0,1.3084988594055176,FC1=[SH]C1
C|AddA-15|Sub-8|ChB-1406|AddA-12|MoveFG-2|AddA-18_InsA-1,0.5,0.5,0.0,1.0,1.053926706314087,1.0,1.053926706314087,CCP=CO
C|AddA-15|AddA-12|Sub-16_AddA-29|Sub-9_AddA-38|MoveFG-4106_MoveFG-39,0.5,0.5,0.0,1.0,1.156111240386963,1.0,1.156111240386963,CNC(S)Cl
C|Sub-1|AddA-15|Sub-2|AddA-8_Sub-12|AddA-30|InsA-0|AddA-29|Sub-1,0.5,0.5,0.0,1.0,1.1033254861831665,1.0,1.1033254861831665,PCNC(S)Cl
C|AddA-15|Sub-8|ChB-1406|AddA-12|MoveFG-2|AddA-12_CutA-0|InsA-37_AddA-8,0.5,0.5,0.0,1.0,0.8943454027175903,1.0,0.8943454027175903,CC=PCP
C|AddA-15|Sub-8|InsA-0|InsA-37|MoveFG-41|InsA-2|Sub-3|MoveFG-117,0.5,0.5,0.0,1.0,0.9672992825508118,1.0,0.9672992825508118,CC(C)(C)F
C|AddA-15|Sub-8|InsA-0|InsA-37|MoveFG-41|InsA-2|ChB-1514_Sub-15,0.5,0.5,0.0,1.0,1.5439411401748657,1.0,1.5439411401748657,CC=C(C)Br
C|AddA-15|Sub-8|ChB-1406|AddA-12|MoveFG-2|AddA-18,0.5,0.5,0.0,1.0,1.0774492025375366,1.0,1.0774492025375366,CP=CO
C|AddA-15|AddA-12|Sub-16_AddA-29|Sub-9_AddA-38|Sub-17,0.5,0.5,0.0,1.0,1.7843540906906128,1.0,1.7843540906906128,NCNSCl
C|Sub-1|AddA-8|AddA-10_Sub-17|Sub-9_ChB-1406|AddA-28_InsA-1,0.5,0.5,0.0,1.0,1.1548078060150146,1.0,1.1548078060150146,N=NCNP
C|Sub-1|AddA-15|Sub-2|AddA-8_Sub-12|AddA-30|InsA-0|AddA-29|AddA-44_CutA-0,0.5,0.5,0.0,1.0,1.0524028539657593,1.0,1.0524028539657593,PC(P)C(S)Cl
C|AddA-15|Sub-8|ChB-1406|AddA-12|MoveFG-2|AddA-12_CutA-0|RmA-2_RmA-1,0.5,0.5,0.0,1.0,0.7028114199638367,1.0,0.7028114199638367,C
C|AddA-15|Sub-8|InsA-0|InsA-37|MoveFG-41|InsA-2|Sub-3|InsA-3,0.5,0.5,0.0,1.0,1.0322521924972534,1.0,1.0322521924972534,CC(C)CCF
C|AddA-15|Sub-8|InsA-0|InsA-37|MoveFG-41|InsA-2|MoveFG-2774_AddA-13,0.5,0.5,0.0,1.0,0.9001348614692688,1.0,0.9001348614692688,CCCC(C)S
C|AddA-15|Sub-8|ChB-1406|AddA-12|ChB-740|Sub-12|ChB-1_AddA-30,0.5,0.5,0.0,1.0,1.2093981504440308,1.0,1.2093981504440308,C=PPCl
C|AddA-15|Sub-8|ChB-1406|AddA-12|MoveFG-2|MoveFG-39_AddA-14,0.5,0.5,0.0,1.0,1.1599407196044922,1.0,1.1599407196044922,P=CCCl
C|AddA-15|AddA-12|Sub-16_AddA-29|Sub-9_AddA-38|InsA-73_RmA-1,0.5,0.5,0.0,1.0,1.6172276735305786,1.0,1.6172276735305786,CCCSCl
C|Sub-1|AddA-8|AddA-10_Sub-17|Sub-9_ChB-1406|AddA-28,0.5,0.5,0.0,1.0,1.1562044620513916,1.0,1.1562044620513916,N=NNP
C|AddA-15|Sub-8|ChB-1406|AddA-12|MoveFG-2|AddA-12_CutA-0|Sub-13_AddA-14,0.5,0.5,0.0,1.0,1.539840817451477,1.0,1.539840817451477,P[SH]=CCl
C|AddA-15|AddA-12|Sub-16_AddA-29|ChB-705|AddA-10_RmA-2,0.5,0.5,0.0,1.0,1.8748588562011719,1.0,1.8748588562011719,OC(S)Br
C|AddA-15|Sub-8|InsA-0|InsA-37|MoveFG-41|InsA-2|Sub-3|Sub-28,0.5,0.5,0.0,1.0,0.9530536532402039,1.0,0.9530536532402039,CP(C)CF
C|AddA-15|Sub-8|InsA-0|InsA-37|MoveFG-41|InsA-2|InsA-73_InsA-3,0.5,0.5,0.0,1.0,0.8513079881668091,1.0,0.8513079881668091,CCCC(C)CC
C|Sub-1|AddA-8|AddA-10_Sub-17|Sub-9_ChB-1406|Sub-5_InsA-0,0.5,0.5,0.0,1.0,1.1292396783828735,1.0,1.1292396783828735,NCSN
C|Sub-1|AddA-15|Sub-2|AddA-8_Sub-12|AddA-30|InsA-0|AddA-29|Sub-37_InsA-3,0.5,0.5,0.0,1.0,1.185955286026001,1.0,1.185955286026001,PSCOC(S)Cl
C|AddA-15|Sub-8|ChB-1406|AddA-12|MoveFG-2|AddA-12_CutA-0|AddA-11_MoveFG-2,0.5,0.5,0.0,1.0,1.2636197805404663,1.0,1.2636197805404663,FC=PP
C|AddA-15|AddA-12|Sub-16_AddA-29|ChB-705|Sub-25,0.5,0.5,0.0,1.0,1.6023728847503662,1.0,1.6023728847503662,BrC1CN1
C|AddA-15|Sub-8|InsA-0|InsA-37|MoveFG-41|InsA-2|AddA-26,0.5,0.5,0.0,1.0,0.936317503452301,1.0,0.936317503452301,CCC(C)CO
C|AddA-15|Sub-8|ChB-1406|AddA-12|MoveFG-2|Sub-5_InsA-1,0.5,0.5,0.0,1.0,1.0825937986373901,1.0,1.0825937986373901,C=PCS
C|AddA-15|AddA-12|Sub-16_AddA-29|Sub-9_AddA-38|ChB-1444_ChB-73,0.5,0.5,0.0,1.0,1.7111480236053467,1.0,1.7111480236053467,CCN=[SH]Cl
C|Sub-1|AddA-15|Sub-2|AddA-8_Sub-12|AddA-30|InsA-0|AddA-29|Sub-8,0.5,0.5,0.0,1.0,1.1811749935150146,1.0,1.1811749935150146,CCOC(S)Cl
C|AddA-15|Sub-8|ChB-1406|AddA-12|MoveFG-2|AddA-12_CutA-0|Sub-23_AddA-13,0.5,0.5,0.0,1.0,1.8897790908813477,1.0,1.8897790908813477,SC=PBr
C|AddA-15|AddA-12|Sub-16_AddA-29|ChB-705|Sub-28_Sub-4,0.5,0.5,0.0,1.0,1.2708410024642944,1.0,1.2708410024642944,BrP1CP1
C|AddA-15|Sub-8|InsA-0|InsA-37|MoveFG-41|InsA-2|Sub-3|Sub-11_MoveFG-2778,0.5,0.5,0.0,1.0,1.0927011966705322,1.0,1.0927011966705322,CC(F)CF
C|AddA-15|Sub-8|InsA-0|InsA-37|MoveFG-41|InsA-2|RmA-0_AddA-31,0.5,0.5,0.0,1.0,1.2671482563018799,1.0,1.2671482563018799,CC(C)(C)Br
C|AddA-15|Sub-8|ChB-1406|AddA-12|ChB-740|Sub-12|InsA-1_AddA-25,0.5,0.5,0.0,1.0,1.2181848287582397,1.0,1.2181848287582397,NP1CC=P1
C|AddA-15|AddA-12|Sub-16_AddA-29|Sub-9_AddA-38|InsA-1,0.5,0.5,0.0,1.0,1.608932614326477,1.0,1.608932614326477,NCCCSCl
C|AddA-15|Sub-8|ChB-1406|AddA-12|MoveFG-2|AddA-12_CutA-0|ChB-1407_InsA-37,0.5,0.5,0.0,1.0,1.9943633079528809,1.0,1.9943633079528809,C1=PCP=1
C|AddA-15|Sub-8|InsA-0|InsA-37|MoveFG-41|InsA-2|Sub-3|ChB-740_InsA-3,0.5,0.5,0.0,1.0,1.021331787109375,1.0,1.021331787109375,FCCC1CC1
C|AddA-15|Sub-8|ChB-1406|AddA-12|ChB-740|Sub-12|AddA-29_Sub-26,0.5,0.5,0.0,1.0,1.7193231582641602,1.0,1.7193231582641602,OP1C=P1
C|AddA-15|Sub-8|ChB-1406|AddA-12|MoveFG-2|AddA-13_InsA-2,0.5,0.5,0.0,1.0,1.0579057931900024,1.0,1.0579057931900024,C=PCCS
C|AddA-15|AddA-12|Sub-16_AddA-29|Sub-9_AddA-38|AddA-8,0.5,0.5,0.0,1.0,1.600515365600586,1.0,1.600515365600586,CC(N)CSCl
C|Sub-1|AddA-8|AddA-10_Sub-17|Sub-9_ChB-1406|InsA-0_AddA-8,0.5,0.5,0.0,1.0,0.9292216300964355,1.0,0.9292216300964355,CN(N)CN
C|Sub-1|AddA-15|Sub-2|AddA-8_Sub-12|AddA-30|InsA-0|AddA-29|MoveFG-1484,0.5,0.5,0.0,1.0,1.1110466718673706,1.0,1.1110466718673706,COC(P)(S)Cl
C|AddA-15|Sub-8|ChB-1406|AddA-12|MoveFG-2|AddA-12_CutA-0|MoveFG-2_AddA-15,0.5,0.5,0.0,1.0,1.57252836227417,1.0,1.57252836227417,PP=CBr
C|AddA-15|AddA-12|Sub-16_AddA-29|ChB-705|ChB-1407_InsA-1,0.5,0.5,0.0,1.0,1.6866694688796997,1.0,1.6866694688796997,BrC1CCS1
C|AddA-15|Sub-8|InsA-0|InsA-37|MoveFG-41|InsA-2|Sub-3|CutA-4_Sub-15,0.5,0.5,0.0,1.0,1.3789154291152954,1.0,1.3789154291152954,CC(F)Br
C|AddA-15|Sub-8|InsA-0|InsA-37|MoveFG-41|InsA-2|Sub-25_MoveFG-1448,0.5,0.5,0.0,1.0,0.8541673421859741,1.0,0.8541673421859741,CNC(C)C
C|Sub-1|AddA-15|Sub-2|AddA-8_Sub-12|AddA-30|InsA-0|AddA-29|AddA-28,0.5,0.5,0.0,1.0,1.0686097145080566,1.0,1.0686097145080566,PCOC(P)(S)Cl
C|AddA-15|Sub-8|ChB-1406|AddA-12|MoveFG-2|AddA-12_CutA-0|AddA-9_ChB-704,0.5,0.5,0.0,1.0,1.0214974880218506,1.0,1.0214974880218506,NC1=PP1
C|AddA-15|Sub-8|InsA-0|InsA-37|MoveFG-41|InsA-2|Sub-3|ChB-1480_Sub-12,0.5,0.5,0.0,1.0,1.161656141281128,1.0,1.161656141281128,FC1=CC1P
C|AddA-15|Sub-8|InsA-0|ChB-2109|Sub-5_ChB-0|AddA-27|ChB-703|AddA-23,0.5,0.5,0.0,1.0,1.7103426456451416,1.0,1.7103426456451416,FC1SC1Br
C|Sub-1|AddA-8|AddA-10_Sub-17|Sub-9_ChB-1406|InsA-1_Sub-21,0.5,0.5,0.0,1.0,1.2259695529937744,1.0,1.2259695529937744,N=NCS
C|Sub-1|AddA-15|Sub-2|AddA-8_Sub-12|AddA-30|InsA-0|AddA-29|InsA-3,0.5,0.5,0.0,1.0,1.140952229499817,1.0,1.140952229499817,PCCOC(S)Cl
C|AddA-15|AddA-12|Sub-16_AddA-29|ChB-705|RmA-2_AddA-30,0.5,0.5,0.0,1.0,1.7704862356185913,1.0,1.7704862356185913,ClSCBr
C|AddA-15|Sub-8|InsA-0|InsA-37|MoveFG-41|InsA-2|Sub-3|InsA-108_Sub-15,0.5,0.5,0.0,1.0,1.3212907314300537,1.0,1.3212907314300537,CC(Br)CCF
C|AddA-15|Sub-8|InsA-0|ChB-2109|Sub-5_ChB-0|AddA-27|ChB-703|AddA-15,0.5,0.5,0.0,1.0,1.5687990188598633,1.0,1.5687990188598633,FC1C[SH]1Br
C|AddA-15|Sub-8|ChB-1406|AddA-12|MoveFG-2|AddA-14_InsA-1,0.5,0.5,0.0,1.0,1.1230531930923462,1.0,1.1230531930923462,C=PCCCl
C|AddA-15|AddA-12|Sub-16_AddA-29|Sub-9_AddA-38|ChB-1479_RmA-1,0.5,0.5,0.0,1.0,1.5100150108337402,1.0,1.5100150108337402,CC=[SH]Cl
C|Sub-1|AddA-8|AddA-10_Sub-17|Sub-9_ChB-1406|AddA-27,0.5,0.5,0.0,1.0,1.5407357215881348,1.0,1.5407357215881348,N=NNF
C|AddA-15|Sub-8|InsA-0|InsA-37|MoveFG-41|InsA-2|Sub-3|CutA-4_Sub-29,0.5,0.5,0.0,1.0,0.9741948843002319,1.0,0.9741948843002319,C[SH](C)F
C|AddA-15|Sub-8|InsA-0|InsA-37|MoveFG-41|InsA-2|InsA-38,0.5,0.5,0.0,1.0,0.8447657227516174,1.0,0.8447657227516174,CCC(C)CC
C|AddA-15|Sub-8|InsA-0|ChB-2109|Sub-5_ChB-0|AddA-27|ChB-703|Sub-12_AddA-13,0.5,0.5,0.0,1.0,1.2869478464126587,1.0,1.2869478464126587,FC1P[SH]1S
C|AddA-15|Sub-8|ChB-1406|AddA-12|ChB-740|Sub-12|ChB-37_MoveFG-2,0.5,0.5,0.0,1.0,0.9845442175865173,1.0,0.9845442175865173,CP=P
C|AddA-15|Sub-8|ChB-1406|AddA-12|MoveFG-2|AddA-22_Sub-28,0.5,0.5,0.0,1.0,0.9272075295448303,1.0,0.9272075295448303,CP=CP
C|AddA-15|AddA-12|Sub-16_AddA-29|Sub-9_AddA-38|InsA-73_Sub-32,0.5,0.5,0.0,1.0,0.968119204044342,1.0,0.968119204044342,CSCCCN
C|Sub-1|AddA-8|AddA-10_Sub-17|Sub-9_ChB-1406|AddA-23_ChB-703,0.5,0.5,0.0,1.0,1.886666178703308,1.0,1.886666178703308,NNNBr
C|Sub-1|AddA-15|Sub-2|AddA-8_Sub-12|AddA-30|InsA-0|AddA-29|Sub-47_MoveFG-39,0.5,0.5,0.0,1.0,1.3594224452972412,1.0,1.3594224452972412,OCPC(Cl)Br
C|AddA-15|Sub-8|ChB-1406|AddA-12|MoveFG-2|AddA-12_CutA-0|Sub-19_AddA-10,0.5,0.5,0.0,1.0,1.4160882234573364,1.0,1.4160882234573364,OC=PF
C|AddA-15|AddA-12|Sub-16_AddA-29|ChB-705|Sub-9_AddA-14,0.5,0.5,0.0,1.0,1.5994547605514526,1.0,1.5994547605514526,NC1(Cl)CS1
C|AddA-15|Sub-8|InsA-0|InsA-37|MoveFG-41|InsA-2|Sub-3|MoveFG-117_Sub-35,0.5,0.5,0.0,1.0,1.0792477130889893,1.0,1.0792477130889893,CC(C)(F)F
C|AddA-15|Sub-8|InsA-0|InsA-37|MoveFG-41|InsA-2|Sub-34,0.5,0.5,0.0,1.0,0.8598952889442444,1.0,0.8598952889442444,COC(C)C
C|AddA-15|Sub-8|InsA-0|ChB-2109|Sub-5_ChB-0|AddA-27|ChB-703|AddA-21_AddA-23,0.5,0.5,0.0,1.0,2.031130790710449,1.0,2.031130790710449,FC1SC1(S)Br
C|AddA-15|Sub-8|ChB-1406|AddA-12|ChB-740|Sub-12|AddA-24_AddA-38,0.5,0.5,0.0,1.0,1.4981645345687866,1.0,1.4981645345687866,ClCP1C=P1
C|AddA-15|AddA-12|Sub-16_AddA-29|Sub-9_AddA-38|ChB-1408,0.5,0.5,0.0,1.0,1.5748144388198853,1.0,1.5748144388198853,NC1=S(Cl)C1
C|Sub-1|AddA-8|AddA-10_Sub-17|Sub-9_ChB-1406|Sub-18,0.5,0.5,0.0,1.0,1.7113895416259766,1.0,1.7113895416259766,N=NO
C|AddA-15|Sub-8|InsA-0|InsA-37|MoveFG-41|InsA-2|Sub-3|AddA-37_Sub-47,0.5,0.5,0.0,1.0,1.3009424209594727,1.0,1.3009424209594727,CC(C)(Br)CF
C|AddA-15|Sub-8|InsA-0|ChB-2109|Sub-5_ChB-0|AddA-27|ChB-703|Sub-17_Sub-25,0.5,0.5,0.0,1.0,2.2374391555786133,1.0,2.2374391555786133,NN1CS1
C|Sub-1|AddA-8|AddA-10_Sub-17|Sub-9_ChB-1406|RmA-2_AddA-20,0.5,0.5,0.0,1.0,1.1762604713439941,1.0,1.1762604713439941,N=NP
C|Sub-1|AddA-15|Sub-2|AddA-8_Sub-12|AddA-30|InsA-0|AddA-29|InsA-75_InsA-39,0.5,0.5,0.0,1.0,1.0634208917617798,1.0,1.0634208917617798,PCCOC(Cl)CS
C|AddA-15|Sub-8|ChB-1406|AddA-12|MoveFG-2|AddA-12_CutA-0|MoveFG-2_InsA-37,0.5,0.5,0.0,1.0,0.9791029095649719,1.0,0.9791029095649719,C=PCP
C|AddA-15|AddA-12|Sub-16_AddA-29|ChB-705|AddA-9_Sub-35,0.5,0.5,0.0,1.0,1.8957935571670532,1.0,1.8957935571670532,FC1(Br)CS1
C|AddA-15|Sub-8|InsA-0|InsA-37|MoveFG-41|InsA-2|Sub-3|AddA-47,0.5,0.5,0.0,1.0,1.407312035560608,1.0,1.407312035560608,CC(C)C(F)Br
C|AddA-15|Sub-8|InsA-0|ChB-2109|Sub-5_ChB-0|AddA-27|ChB-703|Sub-25_Sub-20,0.5,0.5,0.0,1.0,1.2212711572647095,1.0,1.2212711572647095,NP1CS1
C|AddA-15|Sub-8|ChB-1406|AddA-12|ChB-740|Sub-12|InsA-0_Sub-21,0.5,0.5,0.0,1.0,1.2340059280395508,1.0,1.2340059280395508,C1CSP1
C|AddA-15|Sub-8|ChB-1406|AddA-12|MoveFG-2|Sub-1_InsA-1,0.5,0.5,0.0,1.0,1.040268063545227,1.0,1.040268063545227,C=PCN
C|AddA-15|AddA-12|Sub-16_AddA-29|Sub-9_AddA-38|CutA-2_AddA-27,0.5,0.5,0.0,1.0,1.240686297416687,1.0,1.240686297416687,NC[SH](F)Cl
C|Sub-1|AddA-8|AddA-10_Sub-17|Sub-9_ChB-1406|AddA-18_AddA-31,0.5,0.5,0.0,1.0,2.1995389461517334,1.0,2.1995389461517334,ON=NNBr
C|Sub-1|AddA-15|Sub-2|AddA-8_Sub-12|AddA-30|InsA-0|AddA-29|RmA-1_ChB-741,0.5,0.5,0.0,1.0,1.5913892984390259,1.0,1.5913892984390259,SC1(Cl)CO1
C|AddA-15|Sub-8|InsA-0|InsA-37|MoveFG-41|InsA-2|Sub-3|Sub-2_ChB-1479,0.5,0.5,0.0,1.0,1.0375889539718628,1.0,1.0375889539718628,C=C(C)CO
C|AddA-15|Sub-8|InsA-0|InsA-37|MoveFG-41|InsA-2|InsA-3_InsA-73,0.5,0.5,0.0,1.0,0.8513079881668091,1.0,0.8513079881668091,CCCC(C)CC
C|AddA-15|Sub-8|InsA-0|ChB-2109|Sub-5_ChB-0|AddA-27|ChB-703|InsA-37_MoveFG-2778,0.5,0.5,0.0,1.0,1.177856206893921,1.0,1.177856206893921,FC1CSC1
C|AddA-15|Sub-8|ChB-1406|AddA-12|ChB-740|Sub-12|ChB-37_InsA-1,0.5,0.5,0.0,1.0,0.9453116655349731,1.0,0.9453116655349731,P=CCP
C|AddA-15|Sub-8|ChB-1406|AddA-12|MoveFG-2|AddA-13_Sub-2,0.5,0.5,0.0,1.0,1.5096430778503418,1.0,1.5096430778503418,C=POS
C|Sub-1|AddA-8|AddA-10_Sub-17|Sub-9_ChB-1406|RmA-1_AddA-18,0.5,0.5,0.0,1.0,1.7139683961868286,1.0,1.7139683961868286,NNO
C|Sub-1|AddA-15|Sub-2|AddA-8_Sub-12|AddA-30|InsA-0|AddA-29|MoveFG-2851_Sub-0,0.5,0.5,0.0,1.0,1.0291856527328491,1.0,1.0291856527328491,SPCCCCl
C|AddA-15|Sub-8|InsA-0|InsA-37|MoveFG-41|InsA-2|MoveFG-117_ChB-2109,0.5,0.5,0.0,1.0,1.6190317869186401,1.0,1.6190317869186401,CC1(C)C#C1
C|AddA-15|Sub-8|InsA-0|ChB-2109|Sub-5_ChB-0|AddA-27|ChB-703|AddA-27,0.5,0.5,0.0,1.0,1.671697735786438,1.0,1.671697735786438,FC1(F)CS1
C|AddA-15|Sub-8|ChB-1406|AddA-12|ChB-740|Sub-12|AddA-30,0.5,0.5,0.0,1.0,1.6791613101959229,1.0,1.6791613101959229,ClP1C=P1
C|AddA-15|AddA-12|Sub-16_AddA-29|Sub-9_AddA-38|AddA-17,0.5,0.5,0.0,1.0,1.6497886180877686,1.0,1.6497886180877686,NNCCSCl
C|AddA-15|Sub-8|InsA-0|InsA-37|MoveFG-41|InsA-2|Sub-3|ChB-1480,0.5,0.5,0.0,1.0,1.1933317184448242,1.0,1.1933317184448242,CC1C=C1F
C|AddA-15|Sub-8|InsA-0|InsA-37|MoveFG-41|InsA-2|AddA-15_Sub-46,0.5,0.5,0.0,1.0,1.044443130493164,1.0,1.044443130493164,CC(C)CCCl
C|AddA-15|Sub-8|InsA-0|ChB-2109|Sub-5_ChB-0|AddA-27|ChB-703|InsA-1_Sub-25,0.5,0.5,0.0,1.0,1.2703806161880493,1.0,1.2703806161880493,NC1CSC1
C|AddA-15|Sub-8|ChB-1406|AddA-12|ChB-740|Sub-12|InsA-0_AddA-23,0.5,0.5,0.0,1.0,1.2803428173065186,1.0,1.2803428173065186,BrP1CCP1
C|AddA-15|Sub-8|ChB-1406|AddA-12|MoveFG-2|AddA-19,0.5,0.5,0.0,1.0,1.2560547590255737,1.0,1.2560547590255737,CP=CF
C|Sub-1|AddA-15|Sub-2|AddA-8_Sub-12|AddA-30|InsA-0|AddA-29|AddA-54_CutA-4,0.5,0.5,0.0,1.0,1.6412547826766968,1.0,1.6412547826766968,POC(Cl)SCl
C|AddA-15|Sub-8|ChB-1406|AddA-12|MoveFG-2|AddA-12_CutA-0|AddA-30_ChB-704,0.5,0.5,0.0,1.0,1.6791613101959229,1.0,1.6791613101959229,ClP1C=P1
C|AddA-15|Sub-8|InsA-0|ChB-2109|Sub-5_ChB-0|AddA-27|ChB-703|AddA-24,0.5,0.5,0.0,1.0,1.1365065574645996,1.0,1.1365065574645996,CC1(F)CS1
C|AddA-15|Sub-8|ChB-1406|AddA-12|MoveFG-2|AddA-23,0.5,0.5,0.0,1.0,1.5824729204177856,1.0,1.5824729204177856,CP=CBr
C|AddA-15|AddA-12|Sub-16_AddA-29|Sub-9_AddA-38|AddA-9_MoveFG-3,0.5,0.5,0.0,1.0,1.0098217725753784,1.0,1.0098217725753784,NCC[SH](N)Cl
C|Sub-1|AddA-8|AddA-10_Sub-17|Sub-9_ChB-1406|CutA-0_AddA-12,0.5,0.5,0.0,1.0,0.8298250436782837,1.0,0.8298250436782837,NNP
C|Sub-1|AddA-15|Sub-2|AddA-8_Sub-12|AddA-30|InsA-0|AddA-29|ChB-1446_ChB-39,0.5,0.5,0.0,1.0,1.2858970165252686,1.0,1.2858970165252686,COC(Cl)[SH]=P
C|AddA-15|Sub-8|InsA-0|InsA-37|MoveFG-41|InsA-2|Sub-3|ChB-777,0.5,0.5,0.0,1.0,1.0357108116149902,1.0,1.0357108116149902,CC1CC1F
C|AddA-15|Sub-8|InsA-0|InsA-37|MoveFG-41|InsA-2|ChB-703,0.5,0.5,0.0,1.0,0.8732470273971558,1.0,0.8732470273971558,CC1CCC1
C|AddA-15|Sub-8|ChB-1406|AddA-12|ChB-740|Sub-12|AddA-25_RmA-0,0.5,0.5,0.0,1.0,0.7068615555763245,1.0,0.7068615555763245,NPP
C|AddA-15|AddA-12|Sub-16_AddA-29|Sub-9_AddA-38|MoveFG-39_Sub-13,0.5,0.5,0.0,1.0,1.6200926303863525,1.0,1.6200926303863525,CSCSCl
C|Sub-1|AddA-15|Sub-2|AddA-8_Sub-12|AddA-30|InsA-0|AddA-29|MoveFG-2778,0.5,0.5,0.0,1.0,1.059757113456726,1.0,1.059757113456726,PC(Cl)OCS
C|AddA-15|Sub-8|InsA-0|InsA-37|MoveFG-41|InsA-2|Sub-3|AddA-26_MoveFG-2853,0.5,0.5,0.0,1.0,1.072629690170288,1.0,1.072629690170288,CC(C)(O)CF
C|AddA-15|Sub-8|InsA-0|InsA-37|MoveFG-41|InsA-2|Sub-13_AddA-21,0.5,0.5,0.0,1.0,1.334993600845337,1.0,1.334993600845337,CCC(C)SS
C|AddA-15|Sub-8|InsA-0|ChB-2109|Sub-5_ChB-0|AddA-27|ChB-703|AddA-10,0.5,0.5,0.0,1.0,1.3954401016235352,1.0,1.3954401016235352,O[SH]1CC1F
C|AddA-15|Sub-8|ChB-1406|AddA-12|MoveFG-2|AddA-12_CutA-0|MoveFG-1406_AddA-11,0.5,0.5,0.0,1.0,1.2380553483963013,1.0,1.2380553483963013,FC(=P)P
C|AddA-15|AddA-12|Sub-16_AddA-29|ChB-705|AddA-12,0.5,0.5,0.0,1.0,1.5658079385757446,1.0,1.5658079385757446,PC1(Br)CS1
C|AddA-15|Sub-8|InsA-0|InsA-37|MoveFG-41|InsA-2|Sub-3|AddA-42,0.5,0.5,0.0,1.0,1.0760841369628906,1.0,1.0760841369628906,CC(C)C(O)F
C|AddA-15|Sub-8|InsA-0|InsA-37|MoveFG-41|InsA-2|ChB-1480_MoveFG-115,0.5,0.5,0.0,1.0,1.0349234342575073,1.0,1.0349234342575073,CCC1C=C1
C|AddA-15|Sub-8|ChB-1406|AddA-12|MoveFG-2|AddA-23_Sub-27,0.5,0.5,0.0,1.0,1.2560547590255737,1.0,1.2560547590255737,CP=CF
C|AddA-15|AddA-12|Sub-16_AddA-29|Sub-9_AddA-38|Sub-28,0.5,0.5,0.0,1.0,1.1134823560714722,1.0,1.1134823560714722,NCCPCl
C|Sub-1|AddA-8|AddA-10_Sub-17|Sub-9_ChB-1406|AddA-20_CutA-1,0.5,0.5,0.0,1.0,0.8298250436782837,1.0,0.8298250436782837,NNP
C|Sub-1|AddA-15|Sub-2|AddA-8_Sub-12|AddA-30|InsA-0|AddA-29|MoveFG-1487_InsA-75,0.5,0.5,0.0,1.0,1.081276535987854,1.0,1.081276535987854,COC(Cl)CSP
C|AddA-15|Sub-8|ChB-1406|AddA-12|MoveFG-2|AddA-12_CutA-0|InsA-0_ChB-1444,0.5,0.5,0.0,1.0,0.9153542518615723,1.0,0.9153542518615723,CC=PP
C|AddA-15|Sub-8|InsA-0|InsA-37|MoveFG-41|InsA-2|Sub-3|AddA-29_InsA-75,0.5,0.5,0.0,1.0,1.0516855716705322,1.0,1.0516855716705322,CC(CF)CCS
C|AddA-15|Sub-8|ChB-1406|AddA-12|ChB-740|Sub-12|RmA-1_RmA-1,0.5,0.5,0.0,1.0,0.7028114199638367,1.0,0.7028114199638367,C
C|AddA-15|Sub-8|ChB-1406|AddA-12|MoveFG-2|AddA-20_ChB-703,0.5,0.5,0.0,1.0,1.065648078918457,1.0,1.065648078918457,PC1=PC1
C|AddA-15|AddA-12|Sub-16_AddA-29|Sub-9_AddA-38|Sub-2,0.5,0.5,0.0,1.0,1.6261000633239746,1.0,1.6261000633239746,NOCSCl
C|Sub-1|AddA-8|AddA-10_Sub-17|Sub-9_ChB-1406|InsA-1_AddA-17,0.5,0.5,0.0,1.0,1.1364837884902954,1.0,1.1364837884902954,NCN=NN
C|AddA-15|Sub-8|InsA-0|InsA-37|MoveFG-41|InsA-2|Sub-3|Sub-37,0.5,0.5,0.0,1.0,1.3964959383010864,1.0,1.3964959383010864,CC(C)SF
C|AddA-15|Sub-8|InsA-0|InsA-37|MoveFG-41|InsA-2|ChB-740,0.5,0.5,0.0,1.0,0.8821260333061218,1.0,0.8821260333061218,CCC1CC1
C|AddA-15|Sub-8|ChB-1406|AddA-12|MoveFG-2|ChB-703_Sub-5,0.5,0.5,0.0,1.0,1.7088277339935303,1.0,1.7088277339935303,C1=PS1
C|AddA-15|AddA-12|Sub-16_AddA-29|Sub-9_AddA-38|InsA-108_ChB-1481,0.5,0.5,0.0,1.0,1.7246013879776,1.0,1.7246013879776,NCC1=C(Cl)S1
C|Sub-1|AddA-8|AddA-10_Sub-17|Sub-9_ChB-1406|CutA-0_AddA-21,0.5,0.5,0.0,1.0,1.4039006233215332,1.0,1.4039006233215332,NNS
C|AddA-15|Sub-8|InsA-0|InsA-37|MoveFG-41|InsA-2|Sub-3|InsA-73_Sub-22,0.5,0.5,0.0,1.0,1.1348985433578491,1.0,1.1348985433578491,CC(CF)CCl
C|AddA-15|Sub-8|InsA-0|InsA-37|MoveFG-41|InsA-2|ChB-742,0.5,0.5,0.0,1.0,0.8759297132492065,1.0,0.8759297132492065,CC1CC1C
C|AddA-15|Sub-8|ChB-1406|AddA-12|MoveFG-2|Sub-1_AddA-10,0.5,0.5,0.0,1.0,1.3718111515045166,1.0,1.3718111515045166,C=PNO
C|Sub-1|AddA-8|AddA-10_Sub-17|Sub-9_ChB-1406|AddA-16_Sub-29,0.5,0.5,0.0,1.0,1.544563889503479,1.0,1.544563889503479,NN=NS
C|AddA-15|AddA-12|Sub-16_AddA-29|ChB-705|AddA-37_MoveFG-4,0.5,0.5,0.0,1.0,2.102491617202759,1.0,2.102491617202759,BrS[SH]1CC1
C|AddA-15|Sub-8|InsA-0|ChB-2109|Sub-5_ChB-0|AddA-27|ChB-703|InsA-0_InsA-39,0.5,0.5,0.0,1.0,1.535004734992981,1.0,1.535004734992981,FC1CCCS1
C|AddA-15|Sub-8|ChB-1406|AddA-12|ChB-740|Sub-12|AddA-25,0.5,0.5,0.0,1.0,1.4949616193771362,1.0,1.4949616193771362,NP1C=P1
C|Sub-1|AddA-8|AddA-10_Sub-17|Sub-9_ChB-1406|ChB-703_MoveFG-39,0.5,0.5,0.0,1.0,1.1370468139648438,1.0,1.1370468139648438,NNN
C|Sub-1|AddA-15|Sub-2|AddA-8_Sub-12|AddA-30|InsA-0|AddA-29|Sub-47,0.5,0.5,0.0,1.0,1.4931421279907227,1.0,1.4931421279907227,PCOC(Cl)Br
C|AddA-15|Sub-8|InsA-0|InsA-37|MoveFG-41|InsA-2|Sub-12_AddA-45,0.5,0.5,0.0,1.0,0.8794727921485901,1.0,0.8794727921485901,CC(P)C(C)S
C|AddA-15|Sub-8|InsA-0|ChB-2109|Sub-5_ChB-0|AddA-27|ChB-703|AddA-25_Sub-32,0.5,0.5,0.0,1.0,1.1365065574645996,1.0,1.1365065574645996,CC1(F)CS1
C|AddA-15|Sub-8|ChB-1406|AddA-12|MoveFG-2|Sub-5_InsA-37,0.5,0.5,0.0,1.0,0.8393206596374512,1.0,0.8393206596374512,CCPS
C|Sub-1|AddA-8|AddA-10_Sub-17|Sub-9_ChB-1406|InsA-1_RmA-2,0.5,0.5,0.0,1.0,1.1645835638046265,1.0,1.1645835638046265,CN=N
C|Sub-1|AddA-15|Sub-2|AddA-8_Sub-12|AddA-30|InsA-0|AddA-29|Sub-40_MoveFG-116,0.5,0.5,0.0,1.0,0.9781574010848999,1.0,0.9781574010848999,CC(O)(Cl)CP
C|AddA-15|Sub-8|ChB-1406|AddA-12|MoveFG-2|AddA-12_CutA-0|Sub-18,0.5,0.5,0.0,1.0,1.2698242664337158,1.0,1.2698242664337158,C=PO
C|AddA-15|Sub-8|InsA-0|InsA-37|MoveFG-41|InsA-2|Sub-3|InsA-108_InsA-109,0.5,0.5,0.0,1.0,1.0258617401123047,1.0,1.0258617401123047,CC(C)CCCF
C|AddA-15|AddA-12|Sub-16_AddA-29|Sub-9_AddA-38|Sub-15_Sub-39,0.5,0.5,0.0,1.0,1.9451051950454712,1.0,1.9451051950454712,BrCCSBr
C|AddA-15|Sub-8|InsA-0|InsA-37|MoveFG-41|InsA-2|InsA-73_Sub-6,0.5,0.5,0.0,1.0,1.0462433099746704,1.0,1.0462433099746704,CCC(C)CCl
C|AddA-15|Sub-8|ChB-1406|AddA-12|MoveFG-2|AddA-20,0.5,0.5,0.0,1.0,0.9272075295448303,1.0,0.9272075295448303,CP=CP
C|AddA-15|AddA-12|Sub-16_AddA-29|Sub-9_AddA-38|MoveFG-2775,0.5,0.5,0.0,1.0,1.7512264251708984,1.0,1.7512264251708984,CCNSCl
C|Sub-1|AddA-8|AddA-10_Sub-17|Sub-9_ChB-1406|InsA-1_MoveFG-3,0.5,0.5,0.0,1.0,1.0789508819580078,1.0,1.0789508819580078,N=C(N)N
C|AddA-15|Sub-8|ChB-1406|AddA-12|MoveFG-2|AddA-12_CutA-0|InsA-37_ChB-1407,0.5,0.5,0.0,1.0,1.9943633079528809,1.0,1.9943633079528809,C1=PCP=1
C|AddA-15|AddA-12|Sub-16_AddA-29|ChB-705|AddA-28_AddA-8,0.5,0.5,0.0,1.0,1.5652692317962646,1.0,1.5652692317962646,CC1(Br)SC1P
C|AddA-15|Sub-8|InsA-0|InsA-37|MoveFG-41|InsA-2|AddA-8_ChB-777,0.5,0.5,0.0,1.0,0.8807482719421387,1.0,0.8807482719421387,CCC1CC1C
C|AddA-15|Sub-8|ChB-1406|AddA-12|MoveFG-2|InsA-1_Sub-12,0.5,0.5,0.0,1.0,0.9873709082603455,1.0,0.9873709082603455,CCP=P
C|AddA-15|AddA-12|Sub-16_AddA-29|Sub-9_AddA-38|CutA-3_ChB-1407,0.5,0.5,0.0,1.0,1.4422776699066162,1.0,1.4422776699066162,NC=CCl
C|Sub-1|AddA-8|AddA-10_Sub-17|Sub-9_ChB-1406|CutA-0_AddA-20,0.5,0.5,0.0,1.0,0.8298250436782837,1.0,0.8298250436782837,NNP
C|AddA-15|Sub-8|InsA-0|InsA-37|MoveFG-41|InsA-2|Sub-3|Sub-15_Sub-37,0.5,0.5,0.0,1.0,1.5602681636810303,1.0,1.5602681636810303,CC(Br)SF
C|Sub-1|AddA-8|AddA-10_Sub-17|Sub-9_ChB-1406|AddA-22_InsA-38,0.5,0.5,0.0,1.0,1.3532443046569824,1.0,1.3532443046569824,NN=NCCl
C|Sub-1|AddA-15|Sub-2|AddA-8_Sub-12|AddA-30|InsA-0|AddA-29|Sub-5,0.5,0.5,0.0,1.0,1.176719307899475,1.0,1.176719307899475,PCSC(S)Cl
C|AddA-15|Sub-8|ChB-1406|AddA-12|MoveFG-2|AddA-12_CutA-0|AddA-9_InsA-2,0.5,0.5,0.0,1.0,0.9508177638053894,1.0,0.9508177638053894,NCC=PP
C|AddA-15|Sub-8|InsA-0|InsA-37|MoveFG-41|InsA-2|Sub-3|CutA-4_AddA-28,0.5,0.5,0.0,1.0,0.9598512649536133,1.0,0.9598512649536133,CC(F)CP
C|AddA-15|Sub-8|InsA-0|InsA-37|MoveFG-41|InsA-2|AddA-36_Sub-19,0.5,0.5,0.0,1.0,0.9642021059989929,1.0,0.9642021059989929,CCC(C)(F)P
C|AddA-15|Sub-8|ChB-1406|AddA-12|ChB-740|Sub-12|AddA-29_AddA-15,0.5,0.5,0.0,1.0,2.1591029167175293,1.0,2.1591029167175293,SP1P=C1Br
C|AddA-15|AddA-12|Sub-16_AddA-29|Sub-9_AddA-38|MoveFG-4105_Sub-17,0.5,0.5,0.0,1.0,1.327645182609558,1.0,1.327645182609558,SNCNCl
C|Sub-1|AddA-8|AddA-10_Sub-17|Sub-9_ChB-1406|Sub-10_MoveFG-2,0.5,0.5,0.0,1.0,1.4792717695236206,1.0,1.4792717695236206,NN=O
C|AddA-15|AddA-12|Sub-16_AddA-29|ChB-705|RmA-1_AddA-27,0.5,0.5,0.0,1.0,1.1819698810577393,1.0,1.1819698810577393,F[SH]1CC1
C|AddA-15|Sub-8|InsA-0|InsA-37|MoveFG-41|InsA-2|Sub-6_AddA-18,0.5,0.5,0.0,1.0,1.0975799560546875,1.0,1.0975799560546875,CC(CO)CCl
C|AddA-15|Sub-8|InsA-0|ChB-2109|Sub-5_ChB-0|AddA-27|ChB-703|ChB-1406_InsA-37,0.5,0.5,0.0,1.0,1.2613141536712646,1.0,1.2613141536712646,FC1CC=[SH]1
C|AddA-15|Sub-8|ChB-1406|AddA-12|MoveFG-2|InsA-37_Sub-14,0.5,0.5,0.0,1.0,1.0088199377059937,1.0,1.0088199377059937,CPCCl
C|AddA-15|AddA-12|Sub-16_AddA-29|Sub-9_AddA-38|InsA-0_MoveFG-4106,0.5,0.5,0.0,1.0,1.1379594802856445,1.0,1.1379594802856445,NCCC(S)Cl
C|Sub-1|AddA-8|AddA-10_Sub-17|Sub-9_ChB-1406|Sub-10_AddA-25,0.5,0.5,0.0,1.0,1.53876531124115,1.0,1.53876531124115,NNN=O
C|AddA-15|AddA-12|Sub-16_AddA-29|ChB-705|AddA-11_InsA-1,0.5,0.5,0.0,1.0,1.841888666152954,1.0,1.841888666152954,FC1(Br)CCS1
C|AddA-15|Sub-8|InsA-0|InsA-37|MoveFG-41|InsA-2|AddA-13_ChB-740,0.5,0.5,0.0,1.0,0.9363134503364563,1.0,0.9363134503364563,SCCC1CC1
C|AddA-15|AddA-12|Sub-16_AddA-29|Sub-9_AddA-38|InsA-108_Sub-41,0.5,0.5,0.0,1.0,1.4429889917373657,1.0,1.4429889917373657,NCCSNCl
C|Sub-1|AddA-8|AddA-10_Sub-17|Sub-9_ChB-1406|InsA-0_Sub-29,0.5,0.5,0.0,1.0,1.5482372045516968,1.0,1.5482372045516968,NNSN
C|Sub-1|AddA-15|Sub-2|AddA-8_Sub-12|AddA-30|InsA-0|AddA-29|AddA-52_Sub-37,0.5,0.5,0.0,1.0,1.3984675407409668,1.0,1.3984675407409668,PSOC(Cl)SP
C|AddA-15|Sub-8|ChB-1406|AddA-12|MoveFG-2|AddA-12_CutA-0|AddA-24_MoveFG-3,0.5,0.5,0.0,1.0,0.9328628182411194,1.0,0.9328628182411194,C=CPP
C|AddA-15|Sub-8|InsA-0|InsA-37|MoveFG-41|InsA-2|AddA-40,0.5,0.5,0.0,1.0,0.8480355143547058,1.0,0.8480355143547058,CC(C)C(C)C
C|AddA-15|Sub-8|InsA-0|ChB-2109|Sub-5_ChB-0|AddA-27|ChB-703|InsA-0_AddA-13,0.5,0.5,0.0,1.0,1.1797844171524048,1.0,1.1797844171524048,FC1CC[SH]1S
C|AddA-15|AddA-12|Sub-16_AddA-29|Sub-9_AddA-38|ChB-2182,0.5,0.5,0.0,1.0,1.7699495553970337,1.0,1.7699495553970337,NCC#SCl
C|Sub-1|AddA-8|AddA-10_Sub-17|Sub-9_ChB-1406|ChB-703_ChB-740,0.5,0.5,0.0,1.0,1.8872884511947632,1.0,1.8872884511947632,[nH]1[nH][nH]1
C|Sub-1|AddA-15|Sub-2|AddA-8_Sub-12|AddA-30|InsA-0|AddA-29|ChB-1548_CutA-5,0.5,0.5,0.0,1.0,1.2986092567443848,1.0,1.2986092567443848,PC1OC1Cl
C|AddA-15|AddA-12|Sub-16_AddA-29|ChB-705|Sub-20,0.5,0.5,0.0,1.0,1.7250463962554932,1.0,1.7250463962554932,BrC1PS1
C|AddA-15|Sub-8|InsA-0|InsA-37|MoveFG-41|InsA-2|Sub-3|Sub-23_Sub-19,0.5,0.5,0.0,1.0,1.0927011966705322,1.0,1.0927011966705322,CC(F)CF
C|AddA-15|Sub-8|InsA-0|InsA-37|MoveFG-41|InsA-2|RmA-0_ChB-1443,0.5,0.5,0.0,1.0,0.9298445582389832,1.0,0.9298445582389832,C=C(C)C
C|AddA-15|Sub-8|ChB-1406|AddA-12|ChB-740|Sub-12|AddA-24_AddA-10,0.5,0.5,0.0,1.0,1.3191825151443481,1.0,1.3191825151443481,CP1P=C1O
C|AddA-15|AddA-12|Sub-16_AddA-29|Sub-9_AddA-38|MoveFG-39_InsA-37,0.5,0.5,0.0,1.0,1.6245851516723633,1.0,1.6245851516723633,CNCCSCl
C|Sub-1|AddA-8|AddA-10_Sub-17|Sub-9_ChB-1406|AddA-16,0.5,0.5,0.0,1.0,1.1371437311172485,1.0,1.1371437311172485,CN=NN
C|AddA-15|Sub-8|ChB-1406|AddA-12|ChB-740|Sub-12|AddA-31,0.5,0.5,0.0,1.0,1.8940118551254272,1.0,1.8940118551254272,BrP1C=P1
C|AddA-15|AddA-12|Sub-16_AddA-29|Sub-9_AddA-38|ChB-705_MoveFG-3,0.5,0.5,0.0,1.0,1.5970064401626587,1.0,1.5970064401626587,NS1(Cl)CC1
C|Sub-1|AddA-8|AddA-10_Sub-17|Sub-9_ChB-1406|InsA-0_ChB-1479,0.5,0.5,0.0,1.0,1.5493682622909546,1.0,1.5493682622909546,NC1=NN1
C|AddA-15|Sub-8|ChB-1406|AddA-12|MoveFG-2|AddA-12_CutA-0|AddA-27_MoveFG-1406,0.5,0.5,0.0,1.0,1.1770856380462646,1.0,1.1770856380462646,FPC=P
C|AddA-15|Sub-8|InsA-0|InsA-37|MoveFG-41|InsA-2|Sub-3|InsA-3_ChB-1480,0.5,0.5,0.0,1.0,1.068642258644104,1.0,1.068642258644104,CC1C=C1CF
C|AddA-15|Sub-8|InsA-0|InsA-37|MoveFG-41|InsA-2|AddA-33,0.5,0.5,0.0,1.0,0.8578987717628479,1.0,0.8578987717628479,CCC(C)(C)N
C|AddA-15|Sub-8|InsA-0|ChB-2109|Sub-5_ChB-0|AddA-27|ChB-703|MoveFG-2774_Sub-20,0.5,0.5,0.0,1.0,1.1255851984024048,1.0,1.1255851984024048,F[SH]1CP1
C|AddA-15|Sub-8|ChB-1406|AddA-12|MoveFG-2|Sub-12_ChB-703,0.5,0.5,0.0,1.0,1.2937688827514648,1.0,1.2937688827514648,C1P=P1
C|AddA-15|AddA-12|Sub-16_AddA-29|Sub-9_AddA-38|ChB-1407,0.5,0.5,0.0,1.0,1.8268059492111206,1.0,1.8268059492111206,NC=CSCl
C|Sub-1|AddA-15|Sub-2|AddA-8_Sub-12|AddA-30|InsA-0|AddA-29|Sub-28,0.5,0.5,0.0,1.0,0.8777866363525391,1.0,0.8777866363525391,PCOC(P)S
C|AddA-15|Sub-8|InsA-0|InsA-37|MoveFG-41|InsA-2|Sub-3|InsA-108_InsA-38,0.5,0.5,0.0,1.0,1.0242024660110474,1.0,1.0242024660110474,CCC(C)CCF
C|AddA-15|Sub-8|InsA-0|InsA-37|MoveFG-41|InsA-2|AddA-23_MoveFG-4105,0.5,0.5,0.0,1.0,1.3897151947021484,1.0,1.3897151947021484,CCC(Br)CC
C|AddA-15|AddA-12|Sub-16_AddA-29|Sub-9_AddA-38|AddA-24_ChB-741,0.5,0.5,0.0,1.0,1.6435935497283936,1.0,1.6435935497283936,CC1CN[SH]1Cl
C|AddA-15|AddA-12|Sub-16_AddA-29|ChB-705|AddA-8_RmA-2,0.5,0.5,0.0,1.0,1.4661511182785034,1.0,1.4661511182785034,CC(S)Br
C|AddA-15|Sub-8|InsA-0|InsA-37|MoveFG-41|InsA-2|AddA-46_RmA-0,0.5,0.5,0.0,1.0,1.0603479146957397,1.0,1.0603479146957397,CC(C)CCl
C|Sub-1|AddA-8|AddA-10_Sub-17|Sub-9_ChB-1406|Sub-12_Sub-10,0.5,0.5,0.0,1.0,1.4792717695236206,1.0,1.4792717695236206,NN=O
C|AddA-15|Sub-8|InsA-0|InsA-37|MoveFG-41|InsA-2|RmA-2_AddA-34,0.5,0.5,0.0,1.0,0.9267517924308777,1.0,0.9267517924308777,CCC(C)O
C|AddA-15|Sub-8|ChB-1406|AddA-12|MoveFG-2|AddA-11_AddA-21,0.5,0.5,0.0,1.0,1.1907446384429932,1.0,1.1907446384429932,FCP=CS
C|AddA-15|AddA-12|Sub-16_AddA-29|Sub-9_AddA-38|AddA-34,0.5,0.5,0.0,1.0,1.2440687417984009,1.0,1.2440687417984009,NCC[SH](O)Cl
C|Sub-1|AddA-15|Sub-2|AddA-8_Sub-12|AddA-30|InsA-0|AddA-29|ChB-845_Sub-25,0.5,0.5,0.0,1.0,1.9727272987365723,1.0,1.9727272987365723,NC1OC(P)S1
C|AddA-15|Sub-8|InsA-0|InsA-37|MoveFG-41|InsA-2|Sub-3|Sub-19,0.5,0.5,0.0,1.0,1.0927011966705322,1.0,1.0927011966705322,CC(F)CF
C|AddA-15|Sub-8|InsA-0|InsA-37|MoveFG-41|InsA-2|AddA-14,0.5,0.5,0.0,1.0,1.044443130493164,1.0,1.044443130493164,CC(C)CCCl
C|AddA-15|Sub-8|InsA-0|ChB-2109|Sub-5_ChB-0|AddA-27|ChB-703|ChB-1407_AddA-15,0.5,0.5,0.0,1.0,2.0755059719085693,1.0,2.0755059719085693,FC1=S(Br)C1
C|AddA-15|Sub-8|ChB-1406|AddA-12|ChB-740|Sub-12|ChB-37_AddA-18,0.5,0.5,0.0,1.0,1.126882791519165,1.0,1.126882791519165,OP=CP
