LinComb(1-(SigmLin(redox_potential_-1)); SigmLin(redox_potential))_mean,LinComb(1-(SigmLin(redox_potential_-1)); SigmLin(redox_potential))_med,LinComb(1-(SigmLin(redox_potential_-1)); SigmLin(redox_potential))_min,LinComb(1-(SigmLin(redox_potential_-1)); SigmLin(redox_potential))_max,LinComb(1-(SigmLin(redox_potential_-1)); SigmLin(redox_potential))_std,1-(SigmLin(redox_potential_-1))_mean,1-(SigmLin(redox_potential_-1))_med,1-(SigmLin(redox_potential_-1))_min,1-(SigmLin(redox_potential_-1))_max,1-(SigmLin(redox_potential_-1))_std,SigmLin(redox_potential_-1)_mean,SigmLin(redox_potential_-1)_med,SigmLin(redox_potential_-1)_min,SigmLin(redox_potential_-1)_max,SigmLin(redox_potential_-1)_std,redox_potential_-1_mean,redox_potential_-1_med,redox_potential_-1_min,redox_potential_-1_max,redox_potential_-1_std,SigmLin(redox_potential)_mean,SigmLin(redox_potential)_med,SigmLin(redox_potential)_min,SigmLin(redox_potential)_max,SigmLin(redox_potential)_std,redox_potential_mean,redox_potential_med,redox_potential_min,redox_potential_max,redox_potential_std,total_mean,total_med,total_min,total_max,total_std,objective_calls,n_replaced,timestamps,n_failed_obj_computation,n_not_improvers_among_success_obj_computation,n_discarded_tabu,n_discarded_filters,n_discarded_rdfilters,n_discarded_sillywalks,n_discarded_sascore,n_discarded_custom_filter
0.5,0.5,0.5,0.5,0.0,0.0,0.0,0.0,0.0,0.0,1.0,1.0,1.0,1.0,0.0,0.7028114199638367,0.7028114199638367,0.7028114199638367,0.7028114199638367,0.0,1.0,1.0,1.0,1.0,0.0,0.7028114199638367,0.7028114199638367,0.7028114199638367,0.7028114199638367,0.0,0.5,0.5,0.5,0.5,0.0,1,0,0.041255950927734375,0,0,0,0,0,0,0,0
0.5,0.5,0.5,0.5,0.0,0.0,0.0,0.0,0.0,0.0,1.0,1.0,1.0,1.0,0.0,0.6914118230342865,0.6914118230342865,0.6800122261047363,0.7028114199638367,0.011399596929550171,1.0,1.0,1.0,1.0,0.0,0.6914118230342865,0.6914118230342865,0.6800122261047363,0.7028114199638367,0.011399596929550171,0.5,0.5,0.5,0.5,0.0,2,1,0.06063103675842285,0,0,3,0,0,0,0,0
0.5,0.5,0.5,0.5,0.0,0.0,0.0,0.0,0.0,0.0,1.0,1.0,1.0,1.0,0.0,0.9087501565615336,0.7028114199638367,0.6800122261047363,1.3434268236160278,0.3075037175616569,1.0,1.0,1.0,1.0,0.0,0.9087501565615336,0.7028114199638367,0.6800122261047363,1.3434268236160278,0.3075037175616569,0.5,0.5,0.5,0.5,0.0,3,1,0.0919809341430664,1,0,5,0,0,0,0,0
0.5,0.5,0.5,0.5,0.0,0.0,0.0,0.0,0.0,0.0,1.0,1.0,1.0,1.0,0.0,0.9764653344949087,0.8151085376739502,0.6800122261047363,1.5023244619369507,0.32397128884212567,1.0,1.0,1.0,1.0,0.0,0.9764653344949087,0.8151085376739502,0.6800122261047363,1.5023244619369507,0.32397128884212567,0.5,0.5,0.5,0.5,0.0,6,3,0.16583490371704102,0,0,3,0,0,0,0,0
0.5,0.5,0.5,0.5,0.0,0.0,0.0,0.0,0.0,0.0,1.0,1.0,1.0,1.0,0.0,1.1053795218467712,0.8581949472427368,0.6800122261047363,2.0780959129333496,0.4309984269687235,1.0,1.0,1.0,1.0,0.0,1.1053795218467712,0.8581949472427368,0.6800122261047363,2.0780959129333496,0.4309984269687235,0.5,0.5,0.5,0.5,0.0,11,5,0.33344292640686035,1,0,5,0,0,0,0,0
0.49999999999999933,0.5,0.49999999999998523,0.5,3.1447610193938157e-15,0.0,0.0,0.0,0.0,0.0,1.0,1.0,1.0,1.0,0.0,1.2830938725244432,1.3372762203216553,0.6800122261047363,2.4110467433929443,0.4762194800732773,0.9999999999999987,1.0,0.9999999999999705,1.0,6.289522038787631e-15,1.2830938725244432,1.3372762203216553,0.6800122261047363,2.4110467433929443,0.4762194800732773,0.49999999999999933,0.5,0.49999999999998523,0.5,3.1447610193938157e-15,21,10,0.5563929080963135,0,0,10,0,0,0,0,0
0.49999999999996747,0.5,0.499999999999006,0.5,1.7555392807494294e-13,0.0,0.0,0.0,0.0,0.0,1.0,1.0,1.0,1.0,0.0,1.2288233387854792,1.1582566499710083,0.6800122261047363,2.456813335418701,0.4802037524004243,0.9999999999999349,1.0,0.999999999998012,1.0,3.511078561498859e-13,1.2288233387854792,1.1582566499710083,0.6800122261047363,2.456813335418701,0.4802037524004243,0.49999999999996747,0.5,0.499999999999006,0.5,1.7555392807494294e-13,31,10,0.8846209049224854,0,0,8,0,0,0,0,0
0.4999999999999754,0.5,0.499999999999006,0.5,1.5328919920566113e-13,0.0,0.0,0.0,0.0,0.0,1.0,1.0,1.0,1.0,0.0,1.2131916081033103,1.1168124675750732,0.6800122261047363,2.456813335418701,0.4531941317902221,0.9999999999999508,1.0,0.999999999998012,1.0,3.0657839841132226e-13,1.2131916081033103,1.1168124675750732,0.6800122261047363,2.456813335418701,0.4531941317902221,0.4999999999999754,0.5,0.499999999999006,0.5,1.5328919920566113e-13,41,10,1.2890329360961914,0,0,19,0,0,0,0,0
0.49999999999998024,0.5,0.499999999999006,0.5,1.377883555731038e-13,0.0,0.0,0.0,0.0,0.0,1.0,1.0,1.0,1.0,0.0,1.2166686502157473,1.1582566499710083,0.6478987336158752,2.456813335418701,0.4408545781217396,0.9999999999999605,1.0,0.999999999998012,1.0,2.755767111462076e-13,1.2166686502157473,1.1582566499710083,0.6478987336158752,2.456813335418701,0.4408545781217396,0.49999999999998024,0.5,0.499999999999006,0.5,1.377883555731038e-13,51,10,1.5923850536346436,0,0,14,0,0,0,0,0
0.49999999999998346,0.5,0.499999999999006,0.5,1.262016376232746e-13,0.0,0.0,0.0,0.0,0.0,1.0,1.0,1.0,1.0,0.0,1.2293556899320883,1.1621984243392944,0.6478987336158752,2.456813335418701,0.4145959750870946,0.9999999999999669,1.0,0.999999999998012,1.0,2.524032752465492e-13,1.2293556899320883,1.1621984243392944,0.6478987336158752,2.456813335418701,0.4145959750870946,0.49999999999998346,0.5,0.499999999999006,0.5,1.262016376232746e-13,61,10,2.466202735900879,0,0,11,0,0,0,0,0
0.4999999999999858,0.5,0.499999999999006,0.5,1.1711842838234065e-13,0.0,0.0,0.0,0.0,0.0,1.0,1.0,1.0,1.0,0.0,1.266450135640695,1.1776942014694214,0.6478987336158752,2.456813335418701,0.42168724906443955,0.9999999999999716,1.0,0.999999999998012,1.0,2.342368567646813e-13,1.266450135640695,1.1776942014694214,0.6478987336158752,2.456813335418701,0.42168724906443955,0.4999999999999858,0.5,0.499999999999006,0.5,1.1711842838234065e-13,71,10,3.071323871612549,2,0,11,0,0,0,0,0
0.4999999999993654,0.5,0.49999999994960426,0.5,5.564544566259071e-12,0.01234567901110134,0.0,0.0,0.9999999998992085,0.11042310998885992,0.9876543209888986,1.0,1.0079152724731134e-10,1.0,0.1104231099888599,1.3079059131351518,1.2066084146499634,0.6478987336158752,3.500467538833618,0.48903032869774066,0.9876543209876294,1.0,1.1158159946418636e-30,1.0,0.11042310999998683,1.3079059131351518,1.2066084146499634,0.6478987336158752,3.500467538833618,0.48903032869774066,0.4999999999993654,0.5,0.49999999994960426,0.5,5.564544566259071e-12,81,10,3.3538689613342285,1,0,33,0,0,0,0,0
0.4999999201462342,0.5,0.4999927333587168,0.5,7.575539205066003e-07,0.01098901098790339,0.0,0.0,0.9999999998992085,0.10425091186317523,0.9890109890120965,1.0,1.0079152724731134e-10,1.0,0.10425091186317524,1.3050629470374557,1.1786011457443237,0.6478987336158752,3.500467538833618,0.5012643932130053,0.989010829304565,1.0,1.1158159946418636e-30,1.0,0.10425089505015599,1.3050629470374557,1.1786011457443237,0.6478987336158752,3.500467538833618,0.5012643932130053,0.4999999201462342,0.5,0.4999927333587168,0.5,7.575539205066003e-07,91,10,3.7132558822631836,2,0,4,0,0,0,0,0
0.4999999280525476,0.5,0.4999927333587168,0.5,7.194693831018611e-07,0.009900990098011965,0.0,0.0,0.9999999998992085,0.09900990098011964,0.990099009901988,1.0,1.0079152724731134e-10,1.0,0.09900990098011964,1.2897119126697578,1.1745052337646484,0.6478987336158752,3.500467538833618,0.4965748188901107,0.9900988660070833,1.0,1.1158159946418636e-30,1.0,0.09900988661116354,1.2897119126697578,1.1745052337646484,0.6478987336158752,3.500467538833618,0.4965748188901107,0.4999999280525476,0.5,0.4999927333587168,0.5,7.194693831018611e-07,101,10,4.505113840103149,1,0,13,0,0,0,0,0
0.4999999345343001,0.5,0.4999927333587168,0.5,6.866051517439882e-07,0.009009009008100978,0.0,0.0,0.9999999998992085,0.09448728360940904,0.9909909909918989,1.0,1.0079152724731134e-10,1.0,0.09448728360940904,1.2809568004565195,1.1582566499710083,0.6478987336158752,3.500467538833618,0.4880875457440424,0.9909908600604992,1.0,1.1158159946418636e-30,1.0,0.09448727114517784,1.2809568004565195,1.1582566499710083,0.6478987336158752,3.500467538833618,0.4880875457440424,0.4999999345343001,0.5,0.4999927333587168,0.5,6.866051517439882e-07,111,10,4.8957788944244385,0,0,14,0,0,0,0,0
0.4999999399446882,0.5,0.4999927333587168,0.5,6.578682832074389e-07,0.008264462809084367,0.0,0.0,0.9999999998992085,0.09053265412396039,0.9917355371909156,1.0,1.0079152724731134e-10,1.0,0.09053265412396039,1.287046496040565,1.1621984243392944,0.6478987336158752,3.500467538833618,0.48744989837938835,0.9917354170802921,1.0,1.1158159946418636e-30,1.0,0.09053264317817203,1.287046496040565,1.1621984243392944,0.6478987336158752,3.500467538833618,0.48744989837938835,0.4999999399446882,0.5,0.4999927333587168,0.5,6.578682832074389e-07,121,10,5.341928958892822,0,0,20,0,0,0,0,0
0.4999999445290631,0.5,0.4999927333587168,0.5,6.324614781024524e-07,0.0076335877854901415,0.0,0.0,0.9999999998992085,0.08703629198352807,0.9923664122145098,1.0,1.0079152724731134e-10,1.0,0.08703629198352807,1.2935450209006099,1.1776942014694214,0.6478987336158752,3.500467538833618,0.47607430730465544,0.9923663012726363,1.0,1.1158159946418636e-30,1.0,0.08703628227131331,1.2935450209006099,1.1776942014694214,0.6478987336158752,3.500467538833618,0.47607430730465544,0.4999999445290631,0.5,0.4999927333587168,0.5,6.324614781024524e-07,131,10,5.699716091156006,0,0,18,0,0,0,0,0
0.49791622133195307,0.5,0.20619447449811457,0.5,0.024654987560885883,0.007092198580845451,0.0,0.0,0.9999999998992085,0.0839160252837351,0.9929078014191545,1.0,1.0079152724731134e-10,1.0,0.08391602528373508,1.3053563207599288,1.1963728666305542,0.6478987336158752,3.500467538833618,0.47954491689576095,0.9887402440830607,1.0,1.1158159946418636e-30,1.0,0.09702710270285628,1.3053563207599288,1.1963728666305542,0.6478987336158752,3.500467538833618,0.47954491689576095,0.49791622133195307,0.5,0.20619447449811457,0.5,0.024654987560885883,141,10,6.146856784820557,0,0,22,0,0,0,0,0
0.498054219919241,0.5,0.20619447449811457,0.5,0.023830248431966933,0.01324503311191523,0.0,0.0,0.9999999999999912,0.11432236093219884,0.9867549668880846,1.0,8.79380516425954e-15,1.0,0.11432236093219889,1.332444582159156,1.2066084146499634,0.6478987336158752,3.602173328399658,0.5129247103376401,0.9828634067265666,1.0,9.735211602637814e-35,1.0,0.12344244604418475,1.332444582159156,1.2066084146499634,0.6478987336158752,3.602173328399658,0.5129247103376401,0.498054219919241,0.5,0.20619447449811457,0.5,0.023830248431966933,151,10,6.439532995223999,0,0,22,0,0,0,0,0
0.4981750758248782,0.5,0.20619447449811457,0.5,0.023083093326513697,0.012422360247821116,0.0,0.0,0.9999999999999912,0.11076120806974066,0.9875776397521788,1.0,8.79380516425954e-15,1.0,0.11076120806974066,1.3401190505264708,1.2218694686889648,0.6478987336158752,3.602173328399658,0.5102421173609545,0.9839277914019351,1.0,9.735211602637814e-35,1.0,0.11961890545515554,1.3401190505264708,1.2218694686889648,0.6478987336158752,3.602173328399658,0.5102421173609545,0.4981750758248782,0.5,0.20619447449811457,0.5,0.023083093326513697,161,10,6.792587041854858,1,0,9,0,0,0,0,0
0.4982817965368696,0.5,0.20619447449811457,0.5,0.022402074975842786,0.011695906432159063,0.0,0.0,0.9999999999999912,0.10751331175393943,0.9883040935678409,1.0,8.79380516425954e-15,1.0,0.10751331175393943,1.3486557167175917,1.2218694686889648,0.6478987336158752,3.602173328399658,0.5100718320753339,0.9848676866415801,1.0,9.735211602637814e-35,1.0,0.11612984229140719,1.3486557167175917,1.2218694686889648,0.6478987336158752,3.602173328399658,0.5100718320753339,0.4982817965368696,0.5,0.20619447449811457,0.5,0.022402074975842786,171,10,7.107071876525879,0,0,12,0,0,0,0,0
0.49837672490499835,0.5,0.20619447449811457,0.5,0.021777979130949324,0.01104972375634917,0.0,0.0,0.9999999999999912,0.10453529241696624,0.9889502762436507,1.0,8.79380516425954e-15,1.0,0.10453529241696624,1.3556496764414876,1.2218694686889648,0.6478987336158752,3.602173328399658,0.5108451613920099,0.9857037260536474,1.0,9.735211602637814e-35,1.0,0.11292918974474839,1.3556496764414876,1.2218694686889648,0.6478987336158752,3.602173328399658,0.5108451613920099,0.49837672490499835,0.5,0.20619447449811457,0.5,0.021777979130949324,181,10,7.451512098312378,0,0,11,0,0,0,0,0
0.49846171312986753,0.5,0.20619447449811457,0.5,0.02120329403774219,0.010471204187953925,0.0,0.0,0.9999999999999912,0.10179173871331774,0.989528795812046,1.0,8.79380516425954e-15,1.0,0.10179173871331774,1.3558168948008753,1.2218694686889648,0.6478987336158752,3.602173328399658,0.5055316865128077,0.9864522220717811,1.0,9.735211602637814e-35,1.0,0.10997929768766686,1.3558168948008753,1.2218694686889648,0.6478987336158752,3.602173328399658,0.5055316865128077,0.49846171312986753,0.5,0.20619447449811457,0.5,0.02120329403774219,191,10,7.910537958145142,0,0,10,0,0,0,0,0
0.4960506826390563,0.5,2.645607206247693e-09,0.5,0.04071418797477623,0.009950248755727824,0.0,0.0,0.9999999999999912,0.09925341961320555,0.9900497512442721,1.0,8.79380516425954e-15,1.0,0.09925341961320555,1.36035054417985,1.2218694686889648,0.6478987336158752,3.602173328399658,0.5085960500353001,0.9821511165223847,1.0,9.735211602637814e-35,1.0,0.12776789485271214,1.36035054417985,1.2218694686889648,0.6478987336158752,3.602173328399658,0.5085960500353001,0.4960506826390563,0.5,2.645607206247693e-09,0.5,0.04071418797477623,201,10,8.234447717666626,0,0,15,0,0,0,0,0
0.496237853854668,0.5,2.645607206247693e-09,0.5,0.03974654560799057,0.009478672985314183,0.0,0.0,0.9999999999999912,0.09689596350346083,0.9905213270146856,1.0,8.79380516425954e-15,1.0,0.09689596350346082,1.3761449735876508,1.2642087936401367,0.6478987336158752,3.602173328399658,0.5118213887592296,0.9829970347240218,1.0,9.735211602637814e-35,1.0,0.12476112649047921,1.3761449735876508,1.2642087936401367,0.6478987336158752,3.602173328399658,0.5118213887592296,0.496237853854668,0.5,2.645607206247693e-09,0.5,0.03974654560799057,211,10,8.455704927444458,0,0,13,0,0,0,0,0
0.4964080867119228,0.5,2.645607206247693e-09,0.5,0.038844764571290435,0.00904977375520947,0.0,0.0,0.9999999999999912,0.09469886667602423,0.9909502262447905,1.0,8.79380516425954e-15,1.0,0.09469886667602423,1.3811327291829554,1.2944368124008179,0.6478987336158752,3.602173328399658,0.505414565062324,0.9837663996686362,1.0,9.735211602637814e-35,1.0,0.12195701816061584,1.3811327291829554,1.2944368124008179,0.6478987336158752,3.602173328399658,0.505414565062324,0.4964080867119228,0.5,2.645607206247693e-09,0.5,0.038844764571290435,221,10,8.913649797439575,0,0,20,0,0,0,0,0
0.49656358079360774,0.5,2.645607206247693e-09,0.5,0.03800169798806056,0.008658008657581354,0.0,0.0,0.9999999999999912,0.09264473834612076,0.9913419913424185,1.0,8.79380516425954e-15,1.0,0.09264473834612076,1.3828026523321737,1.2944368124008179,0.6478987336158752,3.602173328399658,0.5020758171893829,0.9844691529296342,1.0,9.735211602637814e-35,1.0,0.11933379049982029,1.3828026523321737,1.2944368124008179,0.6478987336158752,3.602173328399658,0.5020758171893829,0.49656358079360774,0.5,2.645607206247693e-09,0.5,0.03800169798806056,231,10,9.287418842315674,0,0,10,0,0,0,0,0
0.4967061708021718,0.5,2.645607206247693e-09,0.5,0.03721123956401319,0.008298755186312418,0.0,0.0,0.9999999999999912,0.09071871829034585,0.9917012448136875,1.0,8.79380516425954e-15,1.0,0.09071871829034585,1.3806244639440197,1.2996352910995483,0.6478987336158752,3.602173328399658,0.4947055779137667,0.985113586418031,1.0,9.735211602637814e-35,1.0,0.11687280487823215,1.3806244639440197,1.2996352910995483,0.6478987336158752,3.602173328399658,0.4947055779137667,0.4967061708021718,0.5,2.645607206247693e-09,0.5,0.03721123956401319,241,10,9.647321701049805,0,0,12,0,0,0,0,0
0.4968373990570653,0.5,2.645607206247693e-09,0.5,0.036468136558524614,0.007968127489646584,0.0,0.0,0.9999999999999912,0.08890802232389038,0.9920318725103534,1.0,8.79380516425954e-15,1.0,0.08890802232389038,1.3748066047748246,1.2944368124008179,0.6478987336158752,3.602173328399658,0.4891974487988099,0.985706670624484,1.0,9.735211602637814e-35,1.0,0.11455800426212621,1.3748066047748246,1.2944368124008179,0.6478987336158752,3.602173328399658,0.4891974487988099,0.4968373990570653,0.5,2.645607206247693e-09,0.5,0.036468136558524614,251,10,10.01904582977295,0,0,13,0,0,0,0,0
0.49695663834296566,0.5,2.645607206247693e-09,0.5,0.03576769147782474,0.007662835248663957,0.0,0.0,0.9999999999999912,0.08720158372542075,0.9923371647513359,1.0,8.79380516425954e-15,1.0,0.08720158372542075,1.3769550837319473,1.2874313592910767,0.6478987336158752,3.602173328399658,0.49712980408602725,0.9862504414372675,1.0,9.735211602637814e-35,1.0,0.11237501547809291,1.3769550837319473,1.2874313592910767,0.6478987336158752,3.602173328399658,0.49712980408602725,0.49695663834296566,0.5,2.645607206247693e-09,0.5,0.03576769147782474,261,10,10.434334993362427,0,0,6,0,0,0,0,0
0.4970689395111219,0.5,2.645607206247693e-09,0.5,0.03510625655041052,0.007380073800373774,0.0,0.0,0.9999999999999912,0.08558976755836607,0.9926199261996261,1.0,8.79380516425954e-15,1.0,0.08558976755836606,1.3694523100043574,1.2660120725631714,0.6478987336158752,3.602173328399658,0.4924559260123142,0.9867578052218702,1.0,9.735211602637814e-35,1.0,0.11031264449963266,1.3694523100043574,1.2660120725631714,0.6478987336158752,3.602173328399658,0.4924559260123142,0.4970689395111219,0.5,2.645607206247693e-09,0.5,0.03510625655041052,271,10,10.779583930969238,0,0,2,0,0,0,0,0
0.4971732477135732,0.5,2.645607206247693e-09,0.5,0.034480207345006016,0.007117437722068657,0.0,0.0,0.9999999999999912,0.08406414099944737,0.9928825622779313,1.0,8.79380516425954e-15,1.0,0.08406414099944737,1.3585928780328336,1.2413575649261475,0.6478987336158752,3.602173328399658,0.49073532798782654,0.9872290577050776,1.0,9.735211602637814e-35,1.0,0.1083597788088749,1.3585928780328336,1.2413575649261475,0.6478987336158752,3.602173328399658,0.49073532798782654,0.4971732477135732,0.5,2.645607206247693e-09,0.5,0.034480207345006016,281,10,11.181849718093872,0,0,10,0,0,0,0,0
0.49555217459121914,0.5,2.645607206247693e-09,0.5,0.04466618620681606,0.006872852233337872,0.0,0.0,0.9999999999999912,0.08261728714477917,0.9931271477666621,1.0,8.79380516425954e-15,1.0,0.08261728714477917,1.354056759593413,1.2218694686889648,0.6478987336158752,3.602173328399658,0.4946697322876711,0.9842314969491004,1.0,9.735211602637814e-35,1.0,0.12117595433806648,1.354056759593413,1.2218694686889648,0.6478987336158752,3.602173328399658,0.4946697322876711,0.49555217459121914,0.5,2.645607206247693e-09,0.5,0.04466618620681606,291,10,11.518191814422607,0,0,22,0,0,0,0,0
0.49569994287722513,0.5,2.645607206247693e-09,0.5,0.04392518943736128,0.009966777408310036,0.0,0.0,1.0,0.09933499260613704,0.99003322259169,1.0,2.082210818846773e-20,1.0,0.09933499260613705,1.3535420843137063,1.213043212890625,0.6478987336158752,3.7431259155273438,0.5088337256141778,0.9814331083461402,1.0,2.305118494683156e-40,1.0,0.13196097520265077,1.3535420843137063,1.213043212890625,0.6478987336158752,3.7431259155273438,0.5088337256141778,0.49569994287722513,0.5,2.645607206247693e-09,0.5,0.04392518943736128,301,10,11.898470878601074,0,0,4,0,0,0,0,0
0.4958382083795614,0.5,2.645607206247693e-09,0.5,0.04321988429095909,0.009646302250486561,0.0,0.0,1.0,0.09774073410327899,0.9903536977495134,1.0,2.082210818846773e-20,1.0,0.09774073410327899,1.3524900234013892,1.221067190170288,0.6478987336158752,3.7431259155273438,0.5081546277435054,0.9820301145086361,1.0,2.305118494683156e-40,1.0,0.1298633939827084,1.3524900234013892,1.221067190170288,0.6478987336158752,3.7431259155273438,0.5081546277435054,0.4958382083795614,0.5,2.645607206247693e-09,0.5,0.04321988429095909,311,10,12.249092817306519,0,0,25,0,0,0,0,0
0.49596785920885855,0.5,2.645607206247693e-09,0.5,0.042547494851194974,0.009345794392215952,0.0,0.0,1.0,0.09622084243589718,0.990654205607784,1.0,2.082210818846773e-20,1.0,0.09622084243589718,1.3460597286343203,1.2089934349060059,0.6478987336158752,3.7431259155273438,0.5040822310932477,0.9825899240255012,1.0,2.305118494683156e-40,1.0,0.12786271370883287,1.3460597286343203,1.2089934349060059,0.6478987336158752,3.7431259155273438,0.5040822310932477,0.49596785920885855,0.5,2.645607206247693e-09,0.5,0.042547494851194974,321,10,12.735252857208252,1,0,9,0,0,0,0,0
0.4960896761511891,0.5,2.645607206247693e-09,0.5,0.041905538316821325,0.009063444108463204,0.0,0.0,1.0,0.09476971082073127,0.9909365558915368,1.0,2.082210818846773e-20,1.0,0.09476971082073127,1.3399815375711261,1.199967861175537,0.6478987336158752,3.7431259155273438,0.4995925129152658,0.983115908193915,1.0,2.305118494683156e-40,1.0,0.12595169966919254,1.3399815375711261,1.199967861175537,0.6478987336158752,3.7431259155273438,0.4995925129152658,0.4960896761511891,0.5,2.645607206247693e-09,0.5,0.041905538316821325,331,10,13.116175889968872,0,0,6,0,0,0,0,0
0.4962043484048199,0.5,2.645607206247693e-09,0.5,0.04129178637611656,0.0087976539586549,0.0,0.0,1.0,0.09338230690648437,0.991202346041345,1.0,2.082210818846773e-20,1.0,0.09338230690648439,1.3347635330342826,1.1963728666305542,0.6478987336158752,3.7431259155273438,0.4944852626451123,0.983611042850985,1.0,2.305118494683156e-40,1.0,0.12412385111321604,1.3347635330342826,1.1963728666305542,0.6478987336158752,3.7431259155273438,0.4944852626451123,0.4962043484048199,0.5,2.645607206247693e-09,0.5,0.04129178637611656,341,10,13.462916851043701,0,0,3,0,0,0,0,0
0.49631248662690486,0.5,2.645607206247693e-09,0.5,0.04070423262488298,0.00854700854672741,0.0,0.0,1.0,0.0920540992641629,0.9914529914532726,1.0,2.082210818846773e-20,1.0,0.0920540992641629,1.3308533846143304,1.1862170696258545,0.6478987336158752,3.7431259155273438,0.4901587159219252,0.9840779647070821,1.0,2.305118494683156e-40,1.0,0.12237330825380625,1.3308533846143304,1.1862170696258545,0.6478987336158752,3.7431259155273438,0.4901587159219252,0.49631248662690486,0.5,2.645607206247693e-09,0.5,0.04070423262488298,351,10,13.806968927383423,0,0,12,0,0,0,0,0
0.49641463381175494,0.5,2.645607206247693e-09,0.5,0.04014106494150811,0.008310249307205874,0.0,0.0,1.0,0.0907809950560846,0.9916897506927941,1.0,2.082210818846773e-20,1.0,0.09078099505608461,1.3321270297108594,1.1963728666305542,0.6478987336158752,3.7431259155273438,0.4894145473567853,0.9845190183163041,1.0,2.305118494683156e-40,1.0,0.1206947732711271,1.3321270297108594,1.1963728666305542,0.6478987336158752,3.7431259155273438,0.4894145473567853,0.49641463381175494,0.5,2.645607206247693e-09,0.5,0.04014106494150811,361,10,14.185125827789307,0,0,10,0,0,0,0,0
0.4965112247195416,0.5,2.645607206247693e-09,0.5,0.039600637585774076,0.008086253369006256,0.0,0.0,1.0,0.08955928692872156,0.9919137466309937,1.0,2.082210818846773e-20,1.0,0.08955928692872156,1.341294215213899,1.2066084146499634,0.6478987336158752,3.7431259155273438,0.4927999622924471,0.984936196070077,1.0,2.305118494683156e-40,1.0,0.1190834303380363,1.341294215213899,1.2066084146499634,0.6478987336158752,3.7431259155273438,0.4927999622924471,0.4965112247195416,0.5,2.645607206247693e-09,0.5,0.039600637585774076,371,10,14.46802306175232,0,0,6,0,0,0,0,0
0.4965937433015163,0.5,2.645607206247693e-09,0.5,0.039081080188569386,0.007874015747772495,0.0,0.0,1.0,0.0883856075586189,0.9921259842522275,1.0,2.082210818846773e-20,1.0,0.0883856075586189,1.3506668319539448,1.221067190170288,0.6478987336158752,3.7431259155273438,0.4955894372679758,0.9853134708552601,1.0,2.305118494683156e-40,1.0,0.11753320919352438,1.3506668319539448,1.221067190170288,0.6478987336158752,3.7431259155273438,0.4955894372679758,0.4965937433015163,0.5,2.645607206247693e-09,0.5,0.039081080188569386,381,10,14.82287311553955,0,0,13,0,0,0,0,0
0.4966808598411194,0.5,2.645607206247693e-09,0.5,0.03858183265707298,0.007672634270847367,0.0,0.0,1.0,0.08725689058137451,0.9923273657291526,1.0,2.082210818846773e-20,1.0,0.08725689058137451,1.3532130443836417,1.2239457368850708,0.6478987336158752,3.7431259155273438,0.49375379248451323,0.9856890854113916,1.0,2.305118494683156e-40,1.0,0.11604365560011824,1.3532130443836417,1.2239457368850708,0.6478987336158752,3.7431259155273438,0.49375379248451323,0.4966808598411194,0.5,2.645607206247693e-09,0.5,0.03858183265707298,391,10,15.16350793838501,0,0,8,0,0,0,0,0
0.4967636314161539,0.5,2.645607206247693e-09,0.5,0.03810124076824872,0.007481296757858655,0.0,0.0,1.0,0.08617033687077501,0.9925187032421413,1.0,2.082210818846773e-20,1.0,0.08617033687077501,1.3530939419073358,1.2218694686889648,0.6478987336158752,3.7431259155273438,0.4920435644302089,0.986045966074449,1.0,2.305118494683156e-40,1.0,0.1146093199267937,1.3530939419073358,1.2218694686889648,0.6478987336158752,3.7431259155273438,0.4920435644302089,0.4967636314161539,0.5,2.645607206247693e-09,0.5,0.03810124076824872,401,10,15.590150833129883,0,0,3,0,0,0,0,0
0.496842375177318,0.5,2.645607206247693e-09,0.5,0.037638170954402764,0.009732360097083505,0.0,0.0,1.0,0.09817148905753535,0.9902676399029166,1.0,8.837241304651534e-28,1.0,0.09817148905753537,1.3615397734073538,1.2256114482879639,0.6478987336158752,3.9278390407562256,0.5042891850283817,0.9839523902575525,1.0,9.78329772804305e-48,1.0,0.12321219236805539,1.3615397734073538,1.2256114482879639,0.6478987336158752,3.9278390407562256,0.5042891850283817,0.496842375177318,0.5,2.645607206247693e-09,0.5,0.037638170954402764,411,10,15.951856851577759,0,0,2,0,0,0,0,0
0.4958921550917721,0.5,2.645607206247693e-09,0.5,0.04264208789383196,0.009826038602872905,0.0,0.0,1.0,0.09720629589406579,0.9901739613971271,1.0,8.837241304651534e-28,1.0,0.09720629589406579,1.3674225052575317,1.2256114482879639,0.6478987336158752,3.9278390407562256,0.5129512679074539,0.9819582715806713,1.0,9.78329772804305e-48,1.0,0.1308504736111435,1.3674225052575317,1.2256114482879639,0.6478987336158752,3.9278390407562256,0.5129512679074539,0.4958921550917721,0.5,2.645607206247693e-09,0.5,0.04264208789383196,421,10,16.319041967391968,0,0,6,0,0,0,0,0
0.49598746471841315,0.5,2.645607206247693e-09,0.5,0.04214903382464259,0.00959805626869952,0.0,0.0,1.0,0.09608338215292486,0.9904019437313004,1.0,8.837241304651534e-28,1.0,0.09608338215292486,1.3703294511184338,1.232550024986267,0.6478987336158752,3.9278390407562256,0.5104168486262267,0.9823768731681267,1.0,9.78329772804305e-48,1.0,0.12935209660044944,1.3703294511184338,1.232550024986267,0.6478987336158752,3.9278390407562256,0.5104168486262267,0.49598746471841315,0.5,2.645607206247693e-09,0.5,0.04214903382464259,431,10,16.76041078567505,1,0,20,0,0,0,0,0
0.49607831977113953,0.5,2.645607206247693e-09,0.5,0.041672682379313084,0.011647722681819773,0.0,0.0,1.0,0.10603812051476022,0.9883522773181801,1.0,8.837241304651534e-28,1.0,0.1060381205147602,1.371988917289137,1.232550024986267,0.6478987336158752,3.9278390407562256,0.5159095630809939,0.9805089168604595,1.0,9.78329772804305e-48,1.0,0.13617547035251928,1.371988917289137,1.232550024986267,0.6478987336158752,3.9278390407562256,0.5159095630809939,0.49607831977113953,0.5,2.645607206247693e-09,0.5,0.041672682379313084,441,10,17.16836977005005,1,0,24,0,0,0,0,0
0.4961652749867837,0.5,2.645607206247693e-09,0.5,0.04121213518599279,0.011389458320803814,0.0,0.0,1.0,0.10486996717121443,0.988610541679196,1.0,8.837241304651534e-28,1.0,0.10486996717121443,1.3826354973332051,1.2466726303100586,0.6478987336158752,3.9278390407562256,0.5197003234045635,0.9809410916527638,1.0,9.78329772804305e-48,1.0,0.13468788248743271,1.3826354973332051,1.2466726303100586,0.6478987336158752,3.9278390407562256,0.5197003234045635,0.4961652749867837,0.5,2.645607206247693e-09,0.5,0.04121213518599279,451,10,17.46486496925354,1,0,9,0,0,0,0,0
0.49471300173810273,0.5,2.645607206247693e-09,0.5,0.04779134351192669,0.011142398487380738,0.0,0.0,1.0,0.1037395817142421,0.9888576015126191,1.0,8.837241304651534e-28,1.0,0.1037395817142421,1.3950706232912886,1.2642087936401367,0.6478987336158752,3.9278390407562256,0.5274595063481979,0.9782836049888248,1.0,9.78329772804305e-48,1.0,0.1420387298076398,1.3950706232912886,1.2642087936401367,0.6478987336158752,3.9278390407562256,0.5274595063481979,0.49471300173810273,0.5,2.645607206247693e-09,0.5,0.04779134351192669,461,10,17.731022119522095,1,0,20,0,0,0,0,0
0.4948252522319783,0.5,2.645607206247693e-09,0.5,0.047287424839603014,0.010905829517372654,0.0,0.0,1.0,0.1026449722682726,0.9890941704826272,1.0,8.837241304651534e-28,1.0,0.10264497226827259,1.3993332081033418,1.2711247205734253,0.6478987336158752,3.9278390407562256,0.52775803067416,0.9787446749465838,1.0,9.78329772804305e-48,1.0,0.14055766429440084,1.3993332081033418,1.2711247205734253,0.6478987336158752,3.9278390407562256,0.52775803067416,0.4948252522319783,0.5,2.645607206247693e-09,0.5,0.047287424839603014,471,10,18.01794672012329,0,0,8,0,0,0,0,0
0.49493283534565763,0.5,2.645607206247693e-09,0.5,0.04679911444067559,0.010679097094974053,0.0,0.0,1.0,0.10158429096795937,0.9893209029050258,1.0,8.837241304651534e-28,1.0,0.10158429096795939,1.4022207082928837,1.278334617614746,0.6478987336158752,3.9278390407562256,0.5248732498362085,0.9791865735963413,1.0,9.78329772804305e-48,1.0,0.13912195105490488,1.4022207082928837,1.278334617614746,0.6478987336158752,3.9278390407562256,0.5248732498362085,0.49493283534565763,0.5,2.645607206247693e-09,0.5,0.04679911444067559,481,10,18.410500049591064,0,0,10,0,0,0,0,0
0.4950360362551147,0.5,2.645607206247693e-09,0.5,0.046325623005360125,0.010461600209129368,0.0,0.0,1.0,0.10055582084463721,0.9895383997908705,1.0,8.837241304651534e-28,1.0,0.10055582084463721,1.40239187850486,1.2944368124008179,0.6478987336158752,3.9278390407562256,0.5216160387559763,0.9796104723011002,1.0,9.78329772804305e-48,1.0,0.13772932340420924,1.40239187850486,1.2944368124008179,0.6478987336158752,3.9278390407562256,0.5216160387559763,0.4950360362551147,0.5,2.645607206247693e-09,0.5,0.046325623005360125,491,10,18.789741039276123,0,0,10,0,0,0,0,0
0.4951351173677871,0.5,2.645607206247693e-09,0.5,0.04586621598817333,0.010252785833697644,0.0,0.0,1.0,0.09955796414308245,0.9897472141663022,1.0,8.837241304651534e-28,1.0,0.09955796414308245,1.4034316079345293,1.2996352910995483,0.6478987336158752,3.9278390407562256,0.5189955616707712,0.9800174489018766,1.0,9.78329772804305e-48,1.0,0.1363776700407186,1.4034316079345293,1.2996352910995483,0.6478987336158752,3.9278390407562256,0.5189955616707712,0.4951351173677871,0.5,2.645607206247693e-09,0.5,0.04586621598817333,501,10,19.170979976654053,0,0,34,0,0,0,0,0
0.4952303205504136,0.5,2.645607206247693e-09,0.5,0.04542020881838716,0.012009091394682035,0.0,0.0,1.0,0.10785921905056313,0.9879909086053178,1.0,8.837241304651534e-28,1.0,0.10785921905056312,1.4079724659891744,1.2996352910995483,0.6478987336158752,3.9278390407562256,0.5264540662560112,0.9784515497061452,1.0,9.78329772804305e-48,1.0,0.1418414555537448,1.4079724659891744,1.2996352910995483,0.6478987336158752,3.9278390407562256,0.5264540662560112,0.4952303205504136,0.5,2.645607206247693e-09,0.5,0.04542020881838716,511,10,19.46995782852173,0,0,39,0,0,0,0,0
0.4943716456734638,0.5,2.645607206247693e-09,0.5,0.04984432803880798,0.01369797639670349,0.0,0.0,1.0,0.11525414814513435,0.9863020236032963,1.0,8.837241304651534e-28,1.0,0.11525414814513438,1.4189816429610445,1.3023687601089478,0.6478987336158752,3.9278390407562256,0.5396048517902122,0.9750453149502243,1.0,9.78329772804305e-48,1.0,0.1528613911545672,1.4189816429610445,1.3023687601089478,0.6478987336158752,3.9278390407562256,0.5396048517902122,0.4943716456734638,0.5,2.645607206247693e-09,0.5,0.04984432803880798,521,10,19.874698877334595,0,0,18,0,0,0,0,0
0.4944776410468449,0.5,2.645607206247693e-09,0.5,0.049378680764178624,0.0134400107395151,0.0,0.0,1.0,0.11417891792723318,0.9865599892604848,1.0,8.837241304651534e-28,1.0,0.11417891792723317,1.4217137796506145,1.306591272354126,0.6478987336158752,3.9278390407562256,0.5382251925642113,0.9755152713541748,1.0,9.78329772804305e-48,1.0,0.15145316967343733,1.4217137796506145,1.306591272354126,0.6478987336158752,3.9278390407562256,0.5382251925642113,0.4944776410468449,0.5,2.645607206247693e-09,0.5,0.049378680764178624,531,10,20.255537748336792,0,0,5,0,0,0,0,0
0.4945797179221343,0.5,2.645607206247693e-09,0.5,0.048925841917564064,0.013191581705512972,0.0,0.0,1.0,0.1131332224984073,0.986808418294487,1.0,8.837241304651534e-28,1.0,0.11313322249840733,1.4239789357687762,1.31691575050354,0.6478987336158752,3.9278390407562256,0.5366840886025254,0.9759678541387556,1.0,9.78329772804305e-48,1.0,0.15008312821948666,1.4239789357687762,1.31691575050354,0.6478987336158752,3.9278390407562256,0.5366840886025254,0.4945797179221343,0.5,2.645607206247693e-09,0.5,0.048925841917564064,541,10,20.71706795692444,0,0,2,0,0,0,0,0
0.493831416485322,0.5,2.645607206247693e-09,0.5,0.05230752019197236,0.012952170059314915,0.0,0.0,1.0,0.11211573437533523,0.987047829940685,1.0,8.837241304651534e-28,1.0,0.11211573437533523,1.4252370479102576,1.3112695217132568,0.6478987336158752,3.9278390407562256,0.5362472545151653,0.9747106629113291,1.0,9.78329772804305e-48,1.0,0.15369972449332459,1.4252370479102576,1.3112695217132568,0.6478987336158752,3.9278390407562256,0.5362472545151653,0.493831416485322,0.5,2.645607206247693e-09,0.5,0.05230752019197236,551,10,21.073874950408936,0,0,15,0,0,0,0,0
0.4939413733694836,0.5,2.645607206247693e-09,0.5,0.051845650116162934,0.012721293587669373,0.0,0.0,1.0,0.1111252081115062,0.9872787064123305,1.0,8.837241304651534e-28,1.0,0.11112520811150618,1.4266299858237759,1.3112695217132568,0.6478987336158752,3.9278390407562256,0.5367875922243158,0.975161453151298,1.0,9.78329772804305e-48,1.0,0.15236044154529316,1.4266299858237759,1.3112695217132568,0.6478987336158752,3.9278390407562256,0.5367875922243158,0.4939413733694836,0.5,2.645607206247693e-09,0.5,0.051845650116162934,561,10,21.44403886795044,0,0,12,0,0,0,0,0
0.4940474789146766,0.5,2.645607206247693e-09,0.5,0.051395799684687354,0.012498503857587598,0.0,0.0,1.0,0.11016047389358273,0.9875014961424123,1.0,8.837241304651534e-28,1.0,0.11016047389358272,1.4258352979469633,1.306591272354126,0.6478987336158752,3.9278390407562256,0.5343551987839812,0.9755964539717654,1.0,9.78329772804305e-48,1.0,0.15105553607625608,1.4258352979469633,1.306591272354126,0.6478987336158752,3.9278390407562256,0.5343551987839812,0.4940474789146766,0.5,2.645607206247693e-09,0.5,0.051395799684687354,571,10,21.86531400680542,1,0,50,0,0,0,0,0
0.494149931945405,0.5,2.645607206247693e-09,0.5,0.05095745657525999,0.01228338330926423,0.0,0.0,1.0,0.10922043173813613,0.9877166166907358,1.0,8.837241304651534e-28,1.0,0.10922043173813613,1.426596853080592,1.31691575050354,0.6478987336158752,3.9278390407562256,0.5315764101841054,0.9760164805815457,1.0,9.78329772804305e-48,1.0,0.1497835635431923,1.426596853080592,1.31691575050354,0.6478987336158752,3.9278390407562256,0.5315764101841054,0.494149931945405,0.5,2.645607206247693e-09,0.5,0.05095745657525999,581,10,22.29083490371704,0,0,54,0,0,0,0,0
0.4942489056452484,0.5,2.645607206247693e-09,0.5,0.05053013713199407,0.012075542644132856,0.0,0.0,1.0,0.10830404622336373,0.9879244573558672,1.0,8.837241304651534e-28,1.0,0.10830404622336373,1.4278765387341457,1.31691575050354,0.6478987336158752,3.9278390407562256,0.5316716556890231,0.9764222686463639,1.0,9.78329772804305e-48,1.0,0.14854315902592158,1.4278765387341457,1.31691575050354,0.6478987336158752,3.9278390407562256,0.5316716556890231,0.4942489056452484,0.5,2.645607206247693e-09,0.5,0.05053013713199407,591,10,22.705021858215332,0,0,9,0,0,0,0,0
0.494344597731018,0.5,2.645607206247693e-09,0.5,0.05011338972786755,0.011874618473681394,0.0,0.0,1.0,0.10741034169847709,0.9881253815263187,1.0,8.837241304651534e-28,1.0,0.1074103416984771,1.42802152826068,1.3214846849441528,0.6478987336158752,3.9278390407562256,0.5287693835362514,0.9768145769883545,1.0,9.78329772804305e-48,1.0,0.14733304673025446,1.42802152826068,1.3214846849441528,0.6478987336158752,3.9278390407562256,0.5287693835362514,0.494344597731018,0.5,2.645607206247693e-09,0.5,0.05011338972786755,601,10,22.994196891784668,0,0,16,0,0,0,0,0
0.493619637465556,0.5,2.645607206247693e-09,0.5,0.05356636756506928,0.011680271199153056,0.0,0.0,1.0,0.10653839792041801,0.9883197288008471,1.0,8.837241304651534e-28,1.0,0.106538397920418,1.4313083435431635,1.325681447982788,0.6478987336158752,3.9278390407562256,0.5303676050509483,0.9755590037319588,1.0,9.78329772804305e-48,1.0,0.15138223202788628,1.4313083435431635,1.325681447982788,0.6478987336158752,3.9278390407562256,0.5303676050509483,0.493619637465556,0.5,2.645607206247693e-09,0.5,0.05356636756506928,611,10,23.273986101150513,0,0,55,0,0,0,0,0
0.49364087551994207,0.5,2.645607206247693e-09,0.5,0.05316851235019284,0.011492183096107113,0.0,0.0,1.0,0.10568734607358196,0.988507816903893,1.0,8.837241304651534e-28,1.0,0.10568734607358196,1.436023385340465,1.3311587572097778,0.6478987336158752,3.9278390407562256,0.5316227103075402,0.9757895679437769,1.0,9.78329772804305e-48,1.0,0.15021868212115175,1.436023385340465,1.3311587572097778,0.6478987336158752,3.9278390407562256,0.5316227103075402,0.49364087551994207,0.5,2.645607206247693e-09,0.5,0.05316851235019284,621,10,23.612385034561157,0,0,30,0,0,0,0,0
0.4937416540378511,0.5,2.645607206247693e-09,0.5,0.05275150464871546,0.011310056581113339,0.0,0.0,1.0,0.10485636513344869,0.9886899434188867,1.0,8.837241304651534e-28,1.0,0.10485636513344869,1.435043021824016,1.3304558992385864,0.6478987336158752,3.9278390407562256,0.5279442048385768,0.9761732514945889,1.0,9.78329772804305e-48,1.0,0.14905427560644155,1.435043021824016,1.3304558992385864,0.6478987336158752,3.9278390407562256,0.5279442048385768,0.4937416540378511,0.5,2.645607206247693e-09,0.5,0.05275150464871546,631,10,24.067453861236572,1,0,32,0,0,0,0,0
0.4938392881402247,0.5,2.645607206247693e-09,0.5,0.05234415488287275,0.011133612640690354,0.0,0.0,1.0,0.10404467853955238,0.9888663873593098,1.0,8.837241304651534e-28,1.0,0.10404467853955238,1.4348600384039738,1.3311587572097778,0.6478987336158752,3.9278390407562256,0.5253110206719638,0.9765449636397591,1.0,9.78329772804305e-48,1.0,0.1479165094638666,1.4348600384039738,1.3311587572097778,0.6478987336158752,3.9278390407562256,0.5253110206719638,0.4938392881402247,0.5,2.645607206247693e-09,0.5,0.05234415488287275,641,10,24.468690872192383,0,0,11,0,0,0,0,0
0.4939339227310046,0.5,2.645607206247693e-09,0.5,0.0519460960176405,0.010962589405042269,0.0,0.0,1.0,0.10325155114717183,0.9890374105949578,1.0,8.837241304651534e-28,1.0,0.10325155114717183,1.4369948185900205,1.3372762203216553,0.6478987336158752,3.9278390407562256,0.52369143211203,0.9769052560569671,1.0,9.78329772804305e-48,1.0,0.14680438403249096,1.4369948185900205,1.3372762203216553,0.6478987336158752,3.9278390407562256,0.52369143211203,0.4939339227310046,0.5,2.645607206247693e-09,0.5,0.0519460960176405,651,10,24.892839908599854,0,0,15,0,0,0,0,0
0.49250990182127746,0.5,1.2609594764418875e-09,0.5,0.058259317504846114,0.010796741321144504,0.0,0.0,1.0,0.10247628638105902,0.9892032586788555,1.0,8.837241304651534e-28,1.0,0.10247628638105902,1.441299235135452,1.336827039718628,0.6478987336158752,3.9278390407562256,0.5304534702519256,0.9742230623214104,1.0,9.78329772804305e-48,1.0,0.15528062280923552,1.441299235135452,1.336827039718628,0.6478987336158752,3.9278390407562256,0.5304534702519256,0.49250990182127746,0.5,1.2609594764418875e-09,0.5,0.058259317504846114,661,10,25.266627073287964,0,0,25,0,0,0,0,0
0.4926215277255803,0.5,1.2609594764418875e-09,0.5,0.057830686282596286,0.010635836085359937,0.0,0.0,1.0,0.10171822386518219,0.9893641639146401,1.0,8.837241304651534e-28,1.0,0.10171822386518219,1.4388626810335368,1.3304558992385864,0.6478987336158752,3.9278390407562256,0.5275970192282298,0.9746072193658007,1.0,9.78329772804305e-48,1.0,0.15415083944936253,1.4388626810335368,1.3304558992385864,0.6478987336158752,3.9278390407562256,0.5275970192282298,0.4926215277255803,0.5,1.2609594764418875e-09,0.5,0.057830686282596286,671,10,25.70976209640503,0,0,5,0,0,0,0,0
0.49272987533607104,0.5,1.2609594764418875e-09,0.5,0.057411375323646534,0.01047965640716082,0.0,0.0,1.0,0.10097673675880026,0.9895203435928392,1.0,8.837241304651534e-28,1.0,0.10097673675880026,1.435989837989583,1.3297959566116333,0.6478987336158752,3.9278390407562256,0.524931210100145,0.9749800942649813,1.0,9.78329772804305e-48,1.0,0.15304533799887843,1.435989837989583,1.3297959566116333,0.6478987336158752,3.9278390407562256,0.524931210100145,0.49272987533607104,0.5,1.2609594764418875e-09,0.5,0.057411375323646534,681,10,26.111166954040527,0,0,16,0,0,0,0,0
0.49283508698099043,0.5,1.2609594764418875e-09,0.5,0.05700105180156431,0.010327997124857479,0.0,0.0,1.0,0.10025122978100301,0.9896720028751426,1.0,8.837241304651534e-28,1.0,0.10025122978100301,1.4354080436198653,1.3297959566116333,0.6478987336158752,3.9278390407562256,0.523640782559823,0.9753421768371232,1.0,9.78329772804305e-48,1.0,0.15196326184175932,1.4354080436198653,1.3297959566116333,0.6478987336158752,3.9278390407562256,0.523640782559823,0.49283508698099043,0.5,1.2609594764418875e-09,0.5,0.05700105180156431,691,10,26.450856924057007,0,0,14,0,0,0,0,0
0.49293729686713894,0.5,1.2609594764418875e-09,0.5,0.05659939928905417,0.010180664783561368,0.0,0.0,1.0,0.09954113715264722,0.9898193352164386,1.0,8.837241304651534e-28,1.0,0.09954113715264722,1.4357618881700382,1.3297959566116333,0.6478987336158752,3.9278390407562256,0.5216533355941457,0.9756939289507164,1.0,9.78329772804305e-48,1.0,0.15090379603539264,1.4357618881700382,1.3297959566116333,0.6478987336158752,3.9278390407562256,0.5216533355941457,0.49293729686713894,0.5,1.2609594764418875e-09,0.5,0.05659939928905417,701,10,26.8802649974823,0,0,9,0,0,0,0,0
0.49303663165100475,0.5,1.2609594764418875e-09,0.5,0.05620611673386197,0.010037476811921967,0.0,0.0,1.0,0.09884592074305143,0.9899625231880781,1.0,8.837241304651534e-28,1.0,0.09884592074305143,1.4378792730732475,1.3311587572097778,0.6478987336158752,3.9278390407562256,0.5202138502832103,0.9760357864900876,1.0,9.78329772804305e-48,1.0,0.14986616474261635,1.4378792730732475,1.3311587572097778,0.6478987336158752,3.9278390407562256,0.5202138502832103,0.49303663165100475,0.5,1.2609594764418875e-09,0.5,0.05620611673386197,711,10,27.318756103515625,0,0,10,0,0,0,0,0
0.4931332109623639,0.5,1.2609594764418875e-09,0.5,0.05582091751174583,0.009898260767373811,0.0,0.0,1.0,0.09816506835700725,0.9901017392326262,1.0,8.837241304651534e-28,1.0,0.09816506835700725,1.4347785720382087,1.3297959566116333,0.6478987336158752,3.9278390407562256,0.5190941639480247,0.976368161157354,1.0,9.78329772804305e-48,1.0,0.1488496288543244,1.4347785720382087,1.3297959566116333,0.6478987336158752,3.9278390407562256,0.5190941639480247,0.4931332109623639,0.5,1.2609594764418875e-09,0.5,0.05582091751174583,721,10,27.81227397918701,0,0,28,0,0,0,0,0
0.4932271478849034,0.5,1.2609594764418875e-09,0.5,0.05544352854975452,0.00976285364333313,0.0,0.0,1.0,0.09749809214972521,0.9902371463566669,1.0,8.837241304651534e-28,1.0,0.09749809214972521,1.4334324771174,1.3297959566116333,0.6478987336158752,3.9278390407562256,0.5180386887457604,0.9766914421264737,1.0,9.78329772804305e-48,1.0,0.147853483786169,1.4334324771174,1.3297959566116333,0.6478987336158752,3.9278390407562256,0.5180386887457604,0.4932271478849034,0.5,1.2609594764418875e-09,0.5,0.05544352854975452,731,10,28.189819812774658,1,0,5,0,0,0,0,0
0.4926502993930108,0.5,1.2609594764418875e-09,0.5,0.05791920517971637,0.009644129211744991,0.0,0.0,1.0,0.09684387999194415,0.990355870788255,1.0,8.837241304651534e-28,1.0,0.09684387999194415,1.4346937336098005,1.3297959566116333,0.6478987336158752,3.9278390407562256,0.5226809443368942,0.9756564695742765,1.0,9.78329772804305e-48,1.0,0.15119032489020187,1.4346937336098005,1.3297959566116333,0.6478987336158752,3.9278390407562256,0.5226809443368942,0.4926502993930108,0.5,1.2609594764418875e-09,0.5,0.05791920517971637,741,10,28.562957048416138,0,0,11,0,0,0,0,0
0.49274816491374296,0.5,1.2609594764418875e-09,0.5,0.05753846656006721,0.00951571204514386,0.0,0.0,1.0,0.096203304287692,0.9904842879548562,1.0,8.837241304651534e-28,1.0,0.09620330428769201,1.4337217845072283,1.3297959566116333,0.6478987336158752,3.9278390407562256,0.5222477216285688,0.9759806177823421,1.0,9.78329772804305e-48,1.0,0.15020627756982194,1.4337217845072283,1.3297959566116333,0.6478987336158752,3.9278390407562256,0.5222477216285688,0.49274816491374296,0.5,1.2609594764418875e-09,0.5,0.05753846656006721,751,10,28.98155188560486,0,0,1,0,0,0,0,0
0.49284345841027727,0.5,1.2609594764418875e-09,0.5,0.057165136521281516,0.009390669836929091,0.0,0.0,1.0,0.09557527240942511,0.990609330163071,1.0,8.837241304651534e-28,1.0,0.09557527240942511,1.4304336180198207,1.3276654481887817,0.6478987336158752,3.9278390407562256,0.5202956790722214,0.9762962469836254,1.0,9.78329772804305e-48,1.0,0.14924118089442878,1.4304336180198207,1.3276654481887817,0.6478987336158752,3.9278390407562256,0.5202956790722214,0.49284345841027727,0.5,1.2609594764418875e-09,0.5,0.057165136521281516,761,10,29.390277862548828,0,0,8,0,0,0,0,0
0.4929362799613762,0.5,1.2609594764418875e-09,0.5,0.056798977954686684,0.009268871265762696,0.0,0.0,1.0,0.09495938029037991,0.9907311287342374,1.0,8.837241304651534e-28,1.0,0.09495938029037991,1.4257802149974264,1.3214846849441528,0.6478987336158752,3.9278390407562256,0.5188835084431738,0.9766036886569895,1.0,9.78329772804305e-48,1.0,0.1482944348831614,1.4257802149974264,1.3214846849441528,0.6478987336158752,3.9278390407562256,0.5188835084431738,0.4929362799613762,0.5,1.2609594764418875e-09,0.5,0.056798977954686684,771,10,29.846065759658813,0,0,4,0,0,0,0,0
0.4923865196547086,0.5,1.0640917553743053e-10,0.5,0.0591287654851849,0.009150191736227352,0.0,0.0,1.0,0.0943552418521559,0.9908498082637727,1.0,8.837241304651534e-28,1.0,0.0943552418521559,1.4239686266560865,1.3112695217132568,0.6478987336158752,3.9278390407562256,0.52026754722321,0.9756228475731898,1.0,9.78329772804305e-48,1.0,0.15144703431004103,1.4239686266560865,1.3112695217132568,0.6478987336158752,3.9278390407562256,0.52026754722321,0.4923865196547086,0.5,1.0640917553743053e-10,0.5,0.0591287654851849,781,10,30.253203868865967,0,0,12,0,0,0,0,0
0.4924827709865075,0.5,1.0640917553743053e-10,0.5,0.05875997418355111,0.009034512953215628,0.0,0.0,1.0,0.0937624879881992,0.9909654870467843,1.0,8.837241304651534e-28,1.0,0.0937624879881992,1.4196117579108092,1.3059906959533691,0.6478987336158752,3.9278390407562256,0.5194668320884239,0.9759310290197993,1.0,9.78329772804305e-48,1.0,0.1505113190318856,1.4196117579108092,1.3059906959533691,0.6478987336158752,3.9278390407562256,0.5194668320884239,0.4924827709865075,0.5,1.0640917553743053e-10,0.5,0.05875997418355111,791,10,30.663821935653687,0,0,12,0,0,0,0,0
0.4925766190391103,0.5,1.0640917553743053e-10,0.5,0.05839799598829073,0.00892172252933029,0.0,0.0,1.0,0.09318076561650752,0.9910782774706697,1.0,8.837241304651534e-28,1.0,0.09318076561650752,1.4178521369726917,1.3058172464370728,0.6478987336158752,3.9278390407562256,0.5174322933885788,0.9762315155488904,1.0,9.78329772804305e-48,1.0,0.14959272065560125,1.4178521369726917,1.3058172464370728,0.6478987336158752,3.9278390407562256,0.5174322933885788,0.4925766190391103,0.5,1.0640917553743053e-10,0.5,0.05839799598829073,801,10,31.0705668926239,0,0,27,0,0,0,0,0
0.49266815271310405,0.5,1.0640917553743053e-10,0.5,0.05804262374928712,0.00881171362021401,0.0,0.0,1.0,0.09260973679626477,0.991188286379786,1.0,8.837241304651534e-28,1.0,0.09260973679626477,1.413832365217103,1.3023687601089478,0.6478987336158752,3.9278390407562256,0.5165611173131617,0.9765245918059942,1.0,9.78329772804305e-48,1.0,0.1486907240869901,1.413832365217103,1.3023687601089478,0.6478987336158752,3.9278390407562256,0.5165611173131617,0.49266815271310405,0.5,1.0640917553743053e-10,0.5,0.05804262374928712,811,10,31.560653924942017,0,0,6,0,0,0,0,0
0.49275745657774345,0.5,1.0640917553743053e-10,0.5,0.0576936590249287,0.008704384587081074,0.0,0.0,1.0,0.09204907790321488,0.9912956154129189,1.0,8.837241304651534e-28,1.0,0.0920490779032149,1.4108617835010013,1.2975456714630127,0.6478987336158752,3.9278390407562256,0.5145799946290261,0.9768105285684059,1.0,9.78329772804305e-48,1.0,0.14780483565379557,1.4108617835010013,1.2975456714630127,0.6478987336158752,3.9278390407562256,0.5145799946290261,0.49275745657774345,0.5,1.0640917553743053e-10,0.5,0.0576936590249287,821,10,31.996062994003296,0,0,6,0,0,0,0,0
0.4928446111315613,0.5,1.0640917553743053e-10,0.5,0.05735091161716692,0.008599638683506092,0.0,0.0,1.0,0.09149847885927455,0.9914003613164939,1.0,8.837241304651534e-28,1.0,0.09149847885927455,1.40679164885327,1.29392409324646,0.6478987336158752,3.9278390407562256,0.5133567946682571,0.9770895835796164,1.0,9.78329772804305e-48,1.0,0.14693458197484865,1.40679164885327,1.29392409324646,0.6478987336158752,3.9278390407562256,0.5133567946682571,0.4928446111315613,0.5,1.0640917553743053e-10,0.5,0.05735091161716692,831,10,32.494075775146484,0,0,15,0,0,0,0,0
0.49292969304438455,0.5,1.0640917553743053e-10,0.5,0.05701419913654636,0.00849738376455834,0.0,0.0,1.0,0.09095764241220956,0.9915026162354417,1.0,8.837241304651534e-28,1.0,0.09095764241220956,1.4048569802721955,1.2874313592910767,0.6478987336158752,3.9278390407562256,0.5116157277102182,0.9773620023242108,1.0,9.78329772804305e-48,1.0,0.14607950890125426,1.4048569802721955,1.2874313592910767,0.6478987336158752,3.9278390407562256,0.5116157277102182,0.49292969304438455,0.5,1.0640917553743053e-10,0.5,0.05701419913654636,841,10,33.10645079612732,0,0,8,0,0,0,0,0
0.4930127753822883,0.5,1.0640917553743053e-10,0.5,0.056683346594950675,0.00839753201644367,0.0,0.0,1.0,0.09042628346157475,0.9916024679835563,1.0,8.837241304651534e-28,1.0,0.09042628346157475,1.4035971944956886,1.2792857885360718,0.6478987336158752,3.9278390407562256,0.5114966631086834,0.977628018748133,1.0,9.78329772804305e-48,1.0,0.14523918052426432,1.4035971944956886,1.2792857885360718,0.6478987336158752,3.9278390407562256,0.5114966631086834,0.4930127753822883,0.5,1.0640917553743053e-10,0.5,0.056683346594950675,851,10,35.226059913635254,0,0,4,0,0,0,0,0
0.49309392781687267,0.5,1.0640917553743053e-10,0.5,0.05635818602400222,0.008299999704986717,0.0,0.0,1.0,0.08990412842744719,0.9917000002950133,1.0,8.837241304651534e-28,1.0,0.08990412842744719,1.401986041412398,1.2756693363189697,0.6478987336158752,3.9278390407562256,0.5096983511341485,0.9778878559287586,1.0,9.78329772804305e-48,1.0,0.14441317824493308,1.401986041412398,1.2756693363189697,0.6478987336158752,3.9278390407562256,0.5096983511341485,0.49309392781687267,0.5,1.0640917553743053e-10,0.5,0.05635818602400222,861,10,38.85183310508728,0,0,14,0,0,0,0,0
0.4931732168201233,0.5,1.0640917553743053e-10,0.5,0.056038556117227634,0.008204706941439223,0.0,0.0,1.0,0.08939091465877878,0.9917952930585607,1.0,8.837241304651534e-28,1.0,0.08939091465877878,1.400396201011097,1.2750942707061768,0.6478987336158752,3.9278390407562256,0.5081500267791785,0.9781417266988073,1.0,9.78329772804305e-48,1.0,0.14360109990106523,1.400396201011097,1.2750942707061768,0.6478987336158752,3.9278390407562256,0.5081500267791785,0.4931732168201233,0.5,1.0640917553743053e-10,0.5,0.056038556117227634,871,10,40.1690149307251,0,0,19,0,0,0,0,0
0.49325070583254843,0.5,1.0640917553743053e-10,0.5,0.05572430189263105,0.008111577464237869,0.0,0.0,1.0,0.0888863898784627,0.9918884225357619,1.0,8.837241304651534e-28,1.0,0.08888638987846269,1.3985387021918843,1.273982286453247,0.6478987336158752,3.9278390407562256,0.5081430860150932,0.9783898342008591,1.0,9.78329772804305e-48,1.0,0.14280255894326435,1.3985387021918843,1.273982286453247,0.6478987336158752,3.9278390407562256,0.5081430860150932,0.49325070583254843,0.5,1.0640917553743053e-10,0.5,0.05572430189263105,881,10,40.775288105010986,0,0,0,0,0,0,0,0
0.4933264554865041,0.5,1.0640917553743053e-10,0.5,0.05541527438389335,0.008020538435458545,0.0,0.0,1.0,0.08839031166245215,0.9919794615645414,1.0,8.837241304651534e-28,1.0,0.08839031166245215,1.3946227236628934,1.2711247205734253,0.6478987336158752,3.9278390407562256,0.5070358905626092,0.9786323725375498,1.0,9.78329772804305e-48,1.0,0.14201718368080013,1.3946227236628934,1.2711247205734253,0.6478987336158752,3.9278390407562256,0.5070358905626092,0.4933264554865041,0.5,1.0640917553743053e-10,0.5,0.05541527438389335,891,10,41.281617879867554,0,0,4,0,0,0,0,0
0.4934005236831023,0.5,1.0640917553743053e-10,0.5,0.0551113303341624,0.007931520250825264,0.0,0.0,1.0,0.0879024469504889,0.9920684797491747,1.0,8.837241304651534e-28,1.0,0.08790244695048889,1.3908450546592772,1.2660120725631714,0.6478987336158752,3.9278390407562256,0.5059529261558443,0.9788695271153794,1.0,9.78329772804305e-48,1.0,0.14124461653239714,1.3908450546592772,1.2660120725631714,0.6478987336158752,3.9278390407562256,0.5059529261558443,0.4934005236831023,0.5,1.0640917553743053e-10,0.5,0.0551113303341624,901,10,41.80021095275879,0,0,53,0,0,0,0,0
0.49347296579415495,0.5,1.0640917553743053e-10,0.5,0.05481233192396369,0.007844456362232232,0.0,0.0,1.0,0.08742257158619975,0.9921555436377677,1.0,8.837241304651534e-28,1.0,0.08742257158619975,1.3904120999293321,1.2660120725631714,0.6478987336158752,3.9278390407562256,0.5044754470891843,0.9791014752260778,1.0,9.78329772804305e-48,1.0,0.14048451336087975,1.3904120999293321,1.2660120725631714,0.6478987336158752,3.9278390407562256,0.5044754470891843,0.49347296579415495,0.5,1.0640917553743053e-10,0.5,0.05481233192396369,911,10,42.169737815856934,0,0,51,0,0,0,0,0
0.49354356246507247,0.5,1.0640917553743053e-10,0.5,0.054518114884043845,0.007759283111827973,0.0,0.0,1.0,0.0869504698845004,0.992240716888172,1.0,8.837241304651534e-28,1.0,0.0869504698845004,1.3898389260491901,1.2659883499145508,0.6478987336158752,3.9278390407562256,0.5052687527739325,0.9793278418183169,1.0,9.78329772804305e-48,1.0,0.13973646323287064,1.3898389260491901,1.2659883499145508,0.6478987336158752,3.9278390407562256,0.5052687527739325,0.49354356246507247,0.5,1.0640917553743053e-10,0.5,0.054518114884043845,921,10,42.5545608997345,1,0,27,0,0,0,0,0
0.4930758550330845,0.5,1.0640917553743053e-10,0.5,0.0565872978782961,0.007675939588541783,0.0,0.0,1.0,0.08648593422336814,0.9923240604114582,1.0,8.837241304651534e-28,1.0,0.08648593422336813,1.3911650778783764,1.2659883499145508,0.6478987336158752,3.9278390407562256,0.5072410673925752,0.9784757704776272,1.0,9.78329772804305e-48,1.0,0.14265382613955915,1.3911650778783764,1.2659883499145508,0.6478987336158752,3.9278390407562256,0.5072410673925752,0.4930758550330845,0.5,1.0640917553743053e-10,0.5,0.0565872978782961,931,10,42.981963872909546,0,0,10,0,0,0,0,0
0.49314943787013993,0.5,1.0640917553743053e-10,0.5,0.05629029610245662,0.007594367435634856,0.0,0.0,1.0,0.08602876466451173,0.9924056325643651,1.0,8.837241304651534e-28,1.0,0.08602876466451174,1.3912014686972631,1.2660120725631714,0.6478987336158752,3.9278390407562256,0.506752827562211,0.9787045083046451,1.0,9.78329772804305e-48,1.0,0.14191097450677542,1.3912014686972631,1.2660120725631714,0.6478987336158752,3.9278390407562256,0.506752827562211,0.49314943787013993,0.5,1.0640917553743053e-10,0.5,0.05629029610245662,941,10,43.41492986679077,0,0,8,0,0,0,0,0
0.49322147322376625,0.5,1.0640917553743053e-10,0.5,0.055997920888696255,0.007514510785417875,0.0,0.0,1.0,0.08557876858560394,0.9924854892145821,1.0,8.837241304651534e-28,1.0,0.08557876858560394,1.390041756642479,1.2660120725631714,0.6478987336158752,3.9278390407562256,0.5053862190914366,0.9789284356621145,1.0,9.78329772804305e-48,1.0,0.1411796002213804,1.390041756642479,1.2660120725631714,0.6478987336158752,3.9278390407562256,0.5053862190914366,0.49322147322376625,0.5,1.0640917553743053e-10,0.5,0.055997920888696255,951,10,43.78967499732971,0,0,2,0,0,0,0,0
0.4932920094024991,0.5,1.0640917553743053e-10,0.5,0.05571005338934441,0.007436316084216857,0.0,0.0,1.0,0.08513576034361765,0.9925636839157831,1.0,8.837241304651534e-28,1.0,0.08513576034361765,1.3920887426456725,1.2701010704040527,0.6478987336158752,3.9278390407562256,0.5046106680536949,0.9791477027207814,1.0,9.78329772804305e-48,1.0,0.14045941095712167,1.3920887426456725,1.2701010704040527,0.6478987336158752,3.9278390407562256,0.5046106680536949,0.4932920094024991,0.5,1.0640917553743053e-10,0.5,0.05571005338934441,961,10,44.15886306762695,1,0,4,0,0,0,0,0
0.4933610927248214,0.5,1.0640917553743053e-10,0.5,0.055426578986145406,0.007359731984482388,0.0,0.0,1.0,0.08469956095208443,0.9926402680155176,1.0,8.837241304651534e-28,1.0,0.08469956095208443,1.3908632970371895,1.2677552700042725,0.6478987336158752,3.9278390407562256,0.5039201901023728,0.9793624534651606,1.0,9.78329772804305e-48,1.0,0.13975012469866052,1.3908632970371895,1.2677552700042725,0.6478987336158752,3.9278390407562256,0.5039201901023728,0.4933610927248214,0.5,1.0640917553743053e-10,0.5,0.055426578986145406,971,10,44.555187940597534,0,0,6,0,0,0,0,0
0.49342876762059285,0.5,1.0640917553743053e-10,0.5,0.05514738709874996,0.007284709232346993,0.0,0.0,1.0,0.08426999777735207,0.992715290767653,1.0,8.837241304651534e-28,1.0,0.08426999777735207,1.3889183479225478,1.2659883499145508,0.6478987336158752,3.9278390407562256,0.5023515025317791,0.9795728260088388,1.0,9.78329772804305e-48,1.0,0.13905146927899834,1.3889183479225478,1.2659883499145508,0.6478987336158752,3.9278390407562256,0.5023515025317791,0.49342876762059285,0.5,1.0640917553743053e-10,0.5,0.05514738709874996,981,10,45.258341789245605,0,0,11,0,0,0,0,0
0.49349507672633863,0.5,1.0640917553743053e-10,0.5,0.054872371003696616,0.007211200561990312,0.0,0.0,1.0,0.08384690425161043,0.9927887994380097,1.0,8.837241304651534e-28,1.0,0.08384690425161043,1.3876031941530322,1.2642087936401367,0.6478987336158752,3.9278390407562256,0.5005419114753235,0.9797789528906871,1.0,9.78329772804305e-48,1.0,0.13836318194199562,1.3876031941530322,1.2642087936401367,0.6478987336158752,3.9278390407562256,0.5005419114753235,0.49349507672633863,0.5,1.0640917553743053e-10,0.5,0.054872371003696616,991,10,45.75445294380188,0,0,11,0,0,0,0,0
0.4940536210356952,0.5,1.2609594764418875e-09,0.5,0.05234932744119601,0.0071462997568418766,0.0,0.0,1.0,0.0834715186336886,0.9928537002431581,1.0,8.837241304651534e-28,1.0,0.0834715186336886,1.3849345484972,1.2631915211677551,0.6478987336158752,3.9278390407562256,0.4967503927055218,0.9809609423145487,1.0,9.78329772804305e-48,1.0,0.13421920800777987,1.3849345484972,1.2631915211677551,0.6478987336158752,3.9278390407562256,0.4967503927055218,0.4940536210356952,0.5,1.2609594764418875e-09,0.5,0.05234932744119601,1001,10,46.250818967819214,0,0,5,0,0,0,0,0
0.499009860786198,0.5,0.06838112595408635,0.5,0.01781635143063177,0.007136645702680397,0.0,0.0,1.0,0.0834717863519738,0.9928633542973195,1.0,8.837241304651534e-28,1.0,0.08347178635197379,1.3684598698616028,1.2536003589630127,0.6478987336158752,3.9278390407562256,0.4729658994812817,0.9908830758697157,1.0,9.78329772804305e-48,1.0,0.09189838566013128,1.3684598698616028,1.2536003589630127,0.6478987336158752,3.9278390407562256,0.4729658994812817,0.499009860786198,0.5,0.06838112595408635,0.5,0.01781635143063177,1011,10,46.685680866241455,0,0,21,0,0,0,0,0
0.4999999851640804,0.5,0.4999927333587168,0.5,3.237285685919944e-07,0.005999999999899197,0.0,0.0,1.0,0.07722693830393386,0.9940000000001007,1.0,8.837241304651534e-28,1.0,0.07722693830393386,1.3520488238930701,1.2436760067939758,0.6478987336158752,3.9278390407562256,0.4510453770071033,0.9939999703282616,1.0,9.78329772804305e-48,1.0,0.07722693600265611,1.3520488238930701,1.2436760067939758,0.6478987336158752,3.9278390407562256,0.4510453770071033,0.4999999851640804,0.5,0.4999927333587168,0.5,3.237285685919944e-07,1021,10,47.257054805755615,0,0,6,0,0,0,0,0
0.49999999999989786,0.5,0.49999999994960426,0.5,1.9427892415500714e-12,0.005999999999899197,0.0,0.0,1.0,0.07722693830393386,0.9940000000001007,1.0,8.837241304651534e-28,1.0,0.07722693830393386,1.338949817240238,1.2329262495040894,0.6478987336158752,3.9278390407562256,0.43650603832765045,0.9939999999998965,1.0,9.78329772804305e-48,1.0,0.07722693830522326,1.338949817240238,1.2329262495040894,0.6478987336158752,3.9278390407562256,0.43650603832765045,0.49999999999989786,0.5,0.49999999994960426,0.5,1.9427892415500714e-12,1031,10,47.61512279510498,0,0,10,0,0,0,0,0
0.4999999999999999,0.5,0.49999999999995115,0.5,2.0563041838750303e-15,0.00499999999999999,0.0,0.0,1.0,0.07053367989832929,0.995,1.0,8.837241304651534e-28,1.0,0.0705336798983293,1.3254499704837799,1.225757360458374,0.6478987336158752,3.9278390407562256,0.41893627329617245,0.9949999999999998,1.0,9.78329772804305e-48,1.0,0.07053367989832943,1.3254499704837799,1.225757360458374,0.6478987336158752,3.9278390407562256,0.41893627329617245,0.4999999999999999,0.5,0.49999999999995115,0.5,2.0563041838750303e-15,1043,10,48.122920989990234,0,2,14,0,0,0,0,0
0.5,0.5,0.4999999999999999,0.5,4.965068306494546e-18,0.003,0.0,0.0,1.0,0.05469003565550128,0.997,1.0,8.837241304651534e-28,1.0,0.05469003565550128,1.3102177879810333,1.2212200164794922,0.6478987336158752,3.9278390407562256,0.39585957758809764,0.997,1.0,9.78329772804305e-48,1.0,0.05469003565550128,1.3102177879810333,1.2212200164794922,0.6478987336158752,3.9278390407562256,0.39585957758809764,0.5,0.5,0.4999999999999999,0.5,4.965068306494546e-18,1054,10,48.65478992462158,0,1,12,0,0,0,0,0
0.5,0.5,0.5,0.5,0.0,0.003,0.0,0.0,1.0,0.05469003565550128,0.997,1.0,8.837241304651534e-28,1.0,0.05469003565550128,1.3096357575058937,1.221113681793213,0.6478987336158752,3.9278390407562256,0.3939918487453012,0.997,1.0,9.78329772804305e-48,1.0,0.05469003565550128,1.3096357575058937,1.221113681793213,0.6478987336158752,3.9278390407562256,0.3939918487453012,0.5,0.5,0.5,0.5,0.0,1065,10,49.058695793151855,0,1,17,0,0,0,0,0
0.5,0.5,0.5,0.5,0.0,0.003,0.0,0.0,1.0,0.05469003565550128,0.997,1.0,8.837241304651534e-28,1.0,0.05469003565550128,1.307948501944542,1.213329017162323,0.6478987336158752,3.9278390407562256,0.3940503576389282,0.997,1.0,9.78329772804305e-48,1.0,0.05469003565550128,1.307948501944542,1.213329017162323,0.6478987336158752,3.9278390407562256,0.3940503576389282,0.5,0.5,0.5,0.5,0.0,1075,10,49.59453797340393,0,0,6,0,0,0,0,0
0.5,0.5,0.5,0.5,0.0,0.003,0.0,0.0,1.0,0.05469003565550128,0.997,1.0,8.837241304651534e-28,1.0,0.05469003565550128,1.3088307701349258,1.2173410058021545,0.6478987336158752,3.9278390407562256,0.3935286644940502,0.997,1.0,9.78329772804305e-48,1.0,0.05469003565550128,1.3088307701349258,1.2173410058021545,0.6478987336158752,3.9278390407562256,0.3935286644940502,0.5,0.5,0.5,0.5,0.0,1085,10,50.11005687713623,0,0,4,0,0,0,0,0
0.5,0.5,0.5,0.5,0.0,0.003,0.0,0.0,1.0,0.05469003565550128,0.997,1.0,8.837241304651534e-28,1.0,0.05469003565550128,1.3100729725360871,1.221113681793213,0.6478987336158752,3.9278390407562256,0.39520788525407946,0.997,1.0,9.78329772804305e-48,1.0,0.05469003565550128,1.3100729725360871,1.221113681793213,0.6478987336158752,3.9278390407562256,0.39520788525407946,0.5,0.5,0.5,0.5,0.0,1095,10,50.47582197189331,0,0,14,0,0,0,0,0
0.5,0.5,0.5,0.5,0.0,0.003,0.0,0.0,1.0,0.05469003565550128,0.997,1.0,8.837241304651534e-28,1.0,0.05469003565550128,1.3085651287436486,1.221113681793213,0.6478987336158752,3.9278390407562256,0.39301719831969495,0.997,1.0,9.78329772804305e-48,1.0,0.05469003565550128,1.3085651287436486,1.221113681793213,0.6478987336158752,3.9278390407562256,0.39301719831969495,0.5,0.5,0.5,0.5,0.0,1105,10,50.969191789627075,0,0,16,0,0,0,0,0
0.5,0.5,0.5,0.5,0.0,0.003,0.0,0.0,1.0,0.05469003565550128,0.997,1.0,8.837241304651534e-28,1.0,0.05469003565550128,1.3068895941376686,1.2127145528793335,0.6478987336158752,3.9278390407562256,0.39326846727065573,0.997,1.0,9.78329772804305e-48,1.0,0.05469003565550128,1.3068895941376686,1.2127145528793335,0.6478987336158752,3.9278390407562256,0.39326846727065573,0.5,0.5,0.5,0.5,0.0,1117,10,51.56489181518555,0,2,10,0,0,0,0,0
0.5,0.5,0.5,0.5,0.0,0.003,0.0,0.0,1.0,0.05469003565550128,0.997,1.0,8.837241304651534e-28,1.0,0.05469003565550128,1.3077824321389198,1.221113681793213,0.6478987336158752,3.9278390407562256,0.3925061077636749,0.997,1.0,9.78329772804305e-48,1.0,0.05469003565550128,1.3077824321389198,1.221113681793213,0.6478987336158752,3.9278390407562256,0.3925061077636749,0.5,0.5,0.5,0.5,0.0,1128,10,52.19343686103821,0,1,8,0,0,0,0,0
0.5,0.5,0.5,0.5,0.0,0.003,0.0,0.0,1.0,0.05469003565550128,0.997,1.0,8.837241304651534e-28,1.0,0.05469003565550128,1.3082359216809272,1.213329017162323,0.6478987336158752,3.9278390407562256,0.39339842429081195,0.997,1.0,9.78329772804305e-48,1.0,0.05469003565550128,1.3082359216809272,1.213329017162323,0.6478987336158752,3.9278390407562256,0.39339842429081195,0.5,0.5,0.5,0.5,0.0,1139,10,52.68372082710266,0,1,10,0,0,0,0,0
0.5,0.5,0.5,0.5,0.0,0.003,0.0,0.0,1.0,0.05469003565550128,0.997,1.0,8.837241304651534e-28,1.0,0.05469003565550128,1.3094017078280449,1.2173410058021545,0.6478987336158752,3.9278390407562256,0.3935503461081738,0.997,1.0,9.78329772804305e-48,1.0,0.05469003565550128,1.3094017078280449,1.2173410058021545,0.6478987336158752,3.9278390407562256,0.3935503461081738,0.5,0.5,0.5,0.5,0.0,1151,10,53.24884295463562,0,2,20,0,0,0,0,0
0.5,0.5,0.5,0.5,0.0,0.003,0.0,0.0,1.0,0.05469003565550128,0.997,1.0,8.837241304651534e-28,1.0,0.05469003565550128,1.3081221868991852,1.213329017162323,0.6478987336158752,3.9278390407562256,0.3927390195835704,0.997,1.0,9.78329772804305e-48,1.0,0.05469003565550128,1.3081221868991852,1.213329017162323,0.6478987336158752,3.9278390407562256,0.3927390195835704,0.5,0.5,0.5,0.5,0.0,1162,10,53.709152936935425,0,1,12,0,0,0,0,0
0.5,0.5,0.5,0.5,0.0,0.003,0.0,0.0,1.0,0.05469003565550128,0.997,1.0,8.837241304651534e-28,1.0,0.05469003565550128,1.3085468002557754,1.213329017162323,0.6478987336158752,3.9278390407562256,0.3936251667525067,0.997,1.0,9.78329772804305e-48,1.0,0.05469003565550128,1.3085468002557754,1.213329017162323,0.6478987336158752,3.9278390407562256,0.3936251667525067,0.5,0.5,0.5,0.5,0.0,1173,10,54.16991996765137,0,1,7,0,0,0,0,0
0.5,0.5,0.5,0.5,0.0,0.003,0.0,0.0,1.0,0.05469003565550128,0.997,1.0,8.837241304651534e-28,1.0,0.05469003565550128,1.3092723150849341,1.213329017162323,0.6478987336158752,3.9278390407562256,0.3945657446552516,0.997,1.0,9.78329772804305e-48,1.0,0.05469003565550128,1.3092723150849341,1.213329017162323,0.6478987336158752,3.9278390407562256,0.3945657446552516,0.5,0.5,0.5,0.5,0.0,1183,10,54.52466297149658,0,0,9,0,0,0,0,0
0.5,0.5,0.5,0.5,0.0,0.003,0.0,0.0,1.0,0.05469003565550128,0.997,1.0,8.837241304651534e-28,1.0,0.05469003565550128,1.3088931890130042,1.2215746641159058,0.6478987336158752,3.9278390407562256,0.3929237619728971,0.997,1.0,9.78329772804305e-48,1.0,0.05469003565550128,1.3088931890130042,1.2215746641159058,0.6478987336158752,3.9278390407562256,0.3929237619728971,0.5,0.5,0.5,0.5,0.0,1193,10,54.90789985656738,0,0,9,0,0,0,0,0
0.5,0.5,0.5,0.5,0.0,0.003,0.0,0.0,1.0,0.05469003565550128,0.997,1.0,8.837241304651534e-28,1.0,0.05469003565550128,1.3090828827619552,1.220388650894165,0.6478987336158752,3.9278390407562256,0.3931761925731163,0.997,1.0,9.78329772804305e-48,1.0,0.05469003565550128,1.3090828827619552,1.220388650894165,0.6478987336158752,3.9278390407562256,0.3931761925731163,0.5,0.5,0.5,0.5,0.0,1203,10,55.29713487625122,0,0,17,0,0,0,0,0
0.5,0.5,0.5,0.5,0.0,0.003,0.0,0.0,1.0,0.05469003565550128,0.997,1.0,8.837241304651534e-28,1.0,0.05469003565550128,1.3089826244711875,1.2173410058021545,0.6478987336158752,3.9278390407562256,0.3932943863822099,0.997,1.0,9.78329772804305e-48,1.0,0.05469003565550128,1.3089826244711875,1.2173410058021545,0.6478987336158752,3.9278390407562256,0.3932943863822099,0.5,0.5,0.5,0.5,0.0,1213,10,55.66133093833923,0,0,8,0,0,0,0,0
0.5,0.5,0.5,0.5,0.0,0.003,0.0,0.0,1.0,0.05469003565550128,0.997,1.0,8.837241304651534e-28,1.0,0.05469003565550128,1.309256485760212,1.221113681793213,0.6478987336158752,3.9278390407562256,0.3934991936235561,0.997,1.0,9.78329772804305e-48,1.0,0.05469003565550128,1.309256485760212,1.221113681793213,0.6478987336158752,3.9278390407562256,0.3934991936235561,0.5,0.5,0.5,0.5,0.0,1223,10,56.03839373588562,0,0,5,0,0,0,0,0
0.5,0.5,0.5,0.5,0.0,0.003,0.0,0.0,1.0,0.05469003565550128,0.997,1.0,8.837241304651534e-28,1.0,0.05469003565550128,1.3080329157114028,1.213329017162323,0.6478987336158752,3.9278390407562256,0.39317004603191913,0.997,1.0,9.78329772804305e-48,1.0,0.05469003565550128,1.3080329157114028,1.213329017162323,0.6478987336158752,3.9278390407562256,0.39317004603191913,0.5,0.5,0.5,0.5,0.0,1233,10,56.400352001190186,0,0,20,0,0,0,0,0
0.5,0.5,0.5,0.5,0.0,0.003,0.0,0.0,1.0,0.05469003565550128,0.997,1.0,8.837241304651534e-28,1.0,0.05469003565550128,1.3077210129499435,1.213329017162323,0.6478987336158752,3.9278390407562256,0.3933494743001415,0.997,1.0,9.78329772804305e-48,1.0,0.05469003565550128,1.3077210129499435,1.213329017162323,0.6478987336158752,3.9278390407562256,0.3933494743001415,0.5,0.5,0.5,0.5,0.0,1246,10,56.86679291725159,0,3,10,0,0,0,0,0
0.5,0.5,0.5,0.5,0.0,0.003,0.0,0.0,1.0,0.05469003565550128,0.997,1.0,8.837241304651534e-28,1.0,0.05469003565550128,1.3091547948718072,1.2212200164794922,0.6478987336158752,3.9278390407562256,0.3930016702127022,0.997,1.0,9.78329772804305e-48,1.0,0.05469003565550128,1.3091547948718072,1.2212200164794922,0.6478987336158752,3.9278390407562256,0.3930016702127022,0.5,0.5,0.5,0.5,0.0,1256,10,57.28580093383789,0,0,3,0,0,0,0,0
0.5,0.5,0.5,0.5,0.0,0.003,0.0,0.0,1.0,0.05469003565550128,0.997,1.0,8.837241304651534e-28,1.0,0.05469003565550128,1.3079994996786117,1.2127145528793335,0.6478987336158752,3.9278390407562256,0.393080325176397,0.997,1.0,9.78329772804305e-48,1.0,0.05469003565550128,1.3079994996786117,1.2127145528793335,0.6478987336158752,3.9278390407562256,0.393080325176397,0.5,0.5,0.5,0.5,0.0,1266,10,57.64337086677551,0,0,5,0,0,0,0,0
0.5,0.5,0.5,0.5,0.0,0.003,0.0,0.0,1.0,0.05469003565550128,0.997,1.0,8.837241304651534e-28,1.0,0.05469003565550128,1.3087625004649162,1.213329017162323,0.6478987336158752,3.9278390407562256,0.39419724910577864,0.997,1.0,9.78329772804305e-48,1.0,0.05469003565550128,1.3087625004649162,1.213329017162323,0.6478987336158752,3.9278390407562256,0.39419724910577864,0.5,0.5,0.5,0.5,0.0,1277,10,58.155224084854126,0,1,7,0,0,0,0,0
0.5,0.5,0.5,0.5,0.0,0.003,0.0,0.0,1.0,0.05469003565550128,0.997,1.0,8.837241304651534e-28,1.0,0.05469003565550128,1.308100498855114,1.213329017162323,0.6478987336158752,3.9278390407562256,0.39378855496387677,0.997,1.0,9.78329772804305e-48,1.0,0.05469003565550128,1.308100498855114,1.213329017162323,0.6478987336158752,3.9278390407562256,0.39378855496387677,0.5,0.5,0.5,0.5,0.0,1287,10,58.51284980773926,0,0,12,0,0,0,0,0
0.5,0.5,0.5,0.5,0.0,0.003,0.0,0.0,1.0,0.05469003565550128,0.997,1.0,8.837241304651534e-28,1.0,0.05469003565550128,1.308356997191906,1.213329017162323,0.6478987336158752,3.9278390407562256,0.39294189212820063,0.997,1.0,9.78329772804305e-48,1.0,0.05469003565550128,1.308356997191906,1.213329017162323,0.6478987336158752,3.9278390407562256,0.39294189212820063,0.5,0.5,0.5,0.5,0.0,1297,10,58.943877935409546,0,0,4,0,0,0,0,0
0.5,0.5,0.5,0.5,0.0,0.003,0.0,0.0,1.0,0.05469003565550128,0.997,1.0,8.837241304651534e-28,1.0,0.05469003565550128,1.3065984740257264,1.213329017162323,0.6478987336158752,3.9278390407562256,0.39347624995715513,0.997,1.0,9.78329772804305e-48,1.0,0.05469003565550128,1.3065984740257264,1.213329017162323,0.6478987336158752,3.9278390407562256,0.39347624995715513,0.5,0.5,0.5,0.5,0.0,1308,10,59.60793900489807,0,1,21,0,0,0,0,0
0.5,0.5,0.5,0.5,0.0,0.003,0.0,0.0,1.0,0.05469003565550128,0.997,1.0,8.837241304651534e-28,1.0,0.05469003565550128,1.3085897347927093,1.221113681793213,0.6478987336158752,3.9278390407562256,0.3930012518018961,0.997,1.0,9.78329772804305e-48,1.0,0.05469003565550128,1.3085897347927093,1.221113681793213,0.6478987336158752,3.9278390407562256,0.3930012518018961,0.5,0.5,0.5,0.5,0.0,1318,10,60.05411982536316,0,0,14,0,0,0,0,0
0.5,0.5,0.5,0.5,0.0,0.003,0.0,0.0,1.0,0.05469003565550128,0.997,1.0,8.837241304651534e-28,1.0,0.05469003565550128,1.3098688094615936,1.221113681793213,0.6478987336158752,3.9278390407562256,0.39408921167519984,0.997,1.0,9.78329772804305e-48,1.0,0.05469003565550128,1.3098688094615936,1.221113681793213,0.6478987336158752,3.9278390407562256,0.39408921167519984,0.5,0.5,0.5,0.5,0.0,1330,10,60.49207806587219,0,2,9,0,0,0,0,0
0.5,0.5,0.5,0.5,0.0,0.004,0.0,0.0,1.0,0.063118935352238,0.996,1.0,2.6867951539670874e-28,1.0,0.063118935352238,1.3106224961280823,1.213329017162323,0.6478987336158752,3.9407947063446045,0.4033826489839443,0.996,1.0,2.9744256176062146e-48,1.0,0.063118935352238,1.3106224961280823,1.213329017162323,0.6478987336158752,3.9407947063446045,0.4033826489839443,0.5,0.5,0.5,0.5,0.0,1342,10,60.950212717056274,0,2,19,0,0,0,0,0
0.5,0.5,0.5,0.5,0.0,0.003,0.0,0.0,1.0,0.05469003565550128,0.997,1.0,8.837241304651534e-28,1.0,0.05469003565550128,1.3080102877616882,1.213329017162323,0.6478987336158752,3.9278390407562256,0.39299119181706427,0.997,1.0,9.78329772804305e-48,1.0,0.05469003565550128,1.3080102877616882,1.213329017162323,0.6478987336158752,3.9278390407562256,0.39299119181706427,0.5,0.5,0.5,0.5,0.0,1352,10,61.38526797294617,0,0,6,0,0,0,0,0
0.5,0.5,0.5,0.5,0.0,0.003,0.0,0.0,1.0,0.05469003565550128,0.997,1.0,8.837241304651534e-28,1.0,0.05469003565550128,1.3091811090111733,1.221113681793213,0.6478987336158752,3.9278390407562256,0.39367716149342047,0.997,1.0,9.78329772804305e-48,1.0,0.05469003565550128,1.3091811090111733,1.221113681793213,0.6478987336158752,3.9278390407562256,0.39367716149342047,0.5,0.5,0.5,0.5,0.0,1363,10,61.929034948349,0,1,6,0,0,0,0,0
0.5,0.5,0.5,0.5,0.0,0.003,0.0,0.0,1.0,0.05469003565550128,0.997,1.0,8.837241304651534e-28,1.0,0.05469003565550128,1.3079771882295608,1.213329017162323,0.6478987336158752,3.9278390407562256,0.3942789319833998,0.997,1.0,9.78329772804305e-48,1.0,0.05469003565550128,1.3079771882295608,1.213329017162323,0.6478987336158752,3.9278390407562256,0.3942789319833998,0.5,0.5,0.5,0.5,0.0,1375,10,62.42054486274719,0,2,6,0,0,0,0,0
0.5,0.5,0.5,0.5,0.0,0.003,0.0,0.0,1.0,0.05469003565550128,0.997,1.0,8.837241304651534e-28,1.0,0.05469003565550128,1.3088383186459542,1.2173410058021545,0.6478987336158752,3.9278390407562256,0.3937098217794292,0.997,1.0,9.78329772804305e-48,1.0,0.05469003565550128,1.3088383186459542,1.2173410058021545,0.6478987336158752,3.9278390407562256,0.3937098217794292,0.5,0.5,0.5,0.5,0.0,1386,10,62.90779995918274,0,1,12,0,0,0,0,0
0.5,0.5,0.5,0.5,0.0,0.003,0.0,0.0,1.0,0.05469003565550128,0.997,1.0,8.837241304651534e-28,1.0,0.05469003565550128,1.30861743414402,1.2173410058021545,0.6478987336158752,3.9278390407562256,0.3928822245814781,0.997,1.0,9.78329772804305e-48,1.0,0.05469003565550128,1.30861743414402,1.2173410058021545,0.6478987336158752,3.9278390407562256,0.3928822245814781,0.5,0.5,0.5,0.5,0.0,1396,10,63.304091930389404,0,0,20,0,0,0,0,0
0.5,0.5,0.5,0.5,0.0,0.003,0.0,0.0,1.0,0.05469003565550128,0.997,1.0,8.837241304651534e-28,1.0,0.05469003565550128,1.307725945353508,1.219241738319397,0.6478987336158752,3.9278390407562256,0.392464377537782,0.997,1.0,9.78329772804305e-48,1.0,0.05469003565550128,1.307725945353508,1.219241738319397,0.6478987336158752,3.9278390407562256,0.392464377537782,0.5,0.5,0.5,0.5,0.0,1406,10,63.82737588882446,0,0,5,0,0,0,0,0
0.5,0.5,0.5,0.5,0.0,0.003,0.0,0.0,1.0,0.05469003565550128,0.997,1.0,8.837241304651534e-28,1.0,0.05469003565550128,1.3091571089625358,1.221113681793213,0.6478987336158752,3.9278390407562256,0.39310567361489734,0.997,1.0,9.78329772804305e-48,1.0,0.05469003565550128,1.3091571089625358,1.221113681793213,0.6478987336158752,3.9278390407562256,0.39310567361489734,0.5,0.5,0.5,0.5,0.0,1416,10,64.21636199951172,0,0,6,0,0,0,0,0
0.5,0.5,0.5,0.5,0.0,0.003,0.0,0.0,1.0,0.05469003565550128,0.997,1.0,8.837241304651534e-28,1.0,0.05469003565550128,1.3072900488376618,1.213329017162323,0.6478987336158752,3.9278390407562256,0.3930848394876006,0.997,1.0,9.78329772804305e-48,1.0,0.05469003565550128,1.3072900488376618,1.213329017162323,0.6478987336158752,3.9278390407562256,0.3930848394876006,0.5,0.5,0.5,0.5,0.0,1426,10,64.71555781364441,0,0,18,0,0,0,0,0
0.5,0.5,0.5,0.5,0.0,0.003,0.0,0.0,1.0,0.05469003565550128,0.997,1.0,8.837241304651534e-28,1.0,0.05469003565550128,1.3078238068223,1.2127145528793335,0.6478987336158752,3.9278390407562256,0.3941826738362159,0.997,1.0,9.78329772804305e-48,1.0,0.05469003565550128,1.3078238068223,1.2127145528793335,0.6478987336158752,3.9278390407562256,0.3941826738362159,0.5,0.5,0.5,0.5,0.0,1436,10,65.21609377861023,0,0,16,0,0,0,0,0
0.5,0.5,0.5,0.5,0.0,0.003,0.0,0.0,1.0,0.05469003565550128,0.997,1.0,8.837241304651534e-28,1.0,0.05469003565550128,1.3086545595526695,1.213329017162323,0.6478987336158752,3.9278390407562256,0.39313759624861433,0.997,1.0,9.78329772804305e-48,1.0,0.05469003565550128,1.3086545595526695,1.213329017162323,0.6478987336158752,3.9278390407562256,0.39313759624861433,0.5,0.5,0.5,0.5,0.0,1447,10,65.63905310630798,0,1,7,0,0,0,0,0
0.5,0.5,0.5,0.5,0.0,0.003,0.0,0.0,1.0,0.05469003565550128,0.997,1.0,8.837241304651534e-28,1.0,0.05469003565550128,1.3083918241262436,1.2173410058021545,0.6478987336158752,3.9278390407562256,0.3934128926953473,0.997,1.0,9.78329772804305e-48,1.0,0.05469003565550128,1.3083918241262436,1.2173410058021545,0.6478987336158752,3.9278390407562256,0.3934128926953473,0.5,0.5,0.5,0.5,0.0,1458,10,66.13059091567993,0,1,4,0,0,0,0,0
0.5,0.5,0.5,0.5,0.0,0.003,0.0,0.0,1.0,0.05469003565550128,0.997,1.0,8.837241304651534e-28,1.0,0.05469003565550128,1.3082602584958076,1.213329017162323,0.6478987336158752,3.9278390407562256,0.393548391289529,0.997,1.0,9.78329772804305e-48,1.0,0.05469003565550128,1.3082602584958076,1.213329017162323,0.6478987336158752,3.9278390407562256,0.393548391289529,0.5,0.5,0.5,0.5,0.0,1468,10,66.6178469657898,0,0,14,0,0,0,0,0
0.5,0.5,0.5,0.5,0.0,0.003,0.0,0.0,1.0,0.05469003565550128,0.997,1.0,8.837241304651534e-28,1.0,0.05469003565550128,1.3081323627233505,1.213329017162323,0.6478987336158752,3.9278390407562256,0.39323849450432524,0.997,1.0,9.78329772804305e-48,1.0,0.05469003565550128,1.3081323627233505,1.213329017162323,0.6478987336158752,3.9278390407562256,0.39323849450432524,0.5,0.5,0.5,0.5,0.0,1479,10,67.88086485862732,0,1,17,0,0,0,0,0
0.5,0.5,0.5,0.5,0.0,0.003,0.0,0.0,1.0,0.05469003565550128,0.997,1.0,8.837241304651534e-28,1.0,0.05469003565550128,1.3078659154772758,1.2173410058021545,0.6478987336158752,3.9278390407562256,0.3942045737022501,0.997,1.0,9.78329772804305e-48,1.0,0.05469003565550128,1.3078659154772758,1.2173410058021545,0.6478987336158752,3.9278390407562256,0.3942045737022501,0.5,0.5,0.5,0.5,0.0,1489,10,68.28249907493591,0,0,13,0,0,0,0,0
0.5,0.5,0.5,0.5,0.0,0.003,0.0,0.0,1.0,0.05469003565550128,0.997,1.0,8.837241304651534e-28,1.0,0.05469003565550128,1.3087240412831307,1.221113681793213,0.6478987336158752,3.9278390407562256,0.39284370671981006,0.997,1.0,9.78329772804305e-48,1.0,0.05469003565550128,1.3087240412831307,1.221113681793213,0.6478987336158752,3.9278390407562256,0.39284370671981006,0.5,0.5,0.5,0.5,0.0,1500,10,68.72254991531372,0,1,39,0,0,0,0,0
0.5,0.5,0.5,0.5,0.0,0.003,0.0,0.0,1.0,0.05469003565550128,0.997,1.0,8.837241304651534e-28,1.0,0.05469003565550128,1.3081707019805908,1.213329017162323,0.6478987336158752,3.9278390407562256,0.3931405702073906,0.997,1.0,9.78329772804305e-48,1.0,0.05469003565550128,1.3081707019805908,1.213329017162323,0.6478987336158752,3.9278390407562256,0.3931405702073906,0.5,0.5,0.5,0.5,0.0,1510,10,69.51085996627808,0,0,11,0,0,0,0,0
0.5,0.5,0.5,0.5,0.0,0.003,0.0,0.0,1.0,0.05469003565550128,0.997,1.0,8.837241304651534e-28,1.0,0.05469003565550128,1.3075018595457077,1.213329017162323,0.6478987336158752,3.9278390407562256,0.39338518163837405,0.997,1.0,9.78329772804305e-48,1.0,0.05469003565550128,1.3075018595457077,1.213329017162323,0.6478987336158752,3.9278390407562256,0.39338518163837405,0.5,0.5,0.5,0.5,0.0,1520,10,70.06097412109375,0,0,12,0,0,0,0,0
0.5,0.5,0.5,0.5,0.0,0.003,0.0,0.0,1.0,0.05469003565550128,0.997,1.0,8.837241304651534e-28,1.0,0.05469003565550128,1.3073289886713029,1.211703360080719,0.6478987336158752,3.9278390407562256,0.3929744807876486,0.997,1.0,9.78329772804305e-48,1.0,0.05469003565550128,1.3073289886713029,1.211703360080719,0.6478987336158752,3.9278390407562256,0.3929744807876486,0.5,0.5,0.5,0.5,0.0,1531,10,70.53921294212341,0,1,20,0,0,0,0,0
0.5,0.5,0.5,0.5,0.0,0.003,0.0,0.0,1.0,0.05469003565550128,0.997,1.0,8.837241304651534e-28,1.0,0.05469003565550128,1.3080502479076386,1.213329017162323,0.6478987336158752,3.9278390407562256,0.39296957191321924,0.997,1.0,9.78329772804305e-48,1.0,0.05469003565550128,1.3080502479076386,1.213329017162323,0.6478987336158752,3.9278390407562256,0.39296957191321924,0.5,0.5,0.5,0.5,0.0,1541,10,70.96700191497803,0,0,19,0,0,0,0,0
0.5,0.5,0.5,0.5,0.0,0.003,0.0,0.0,1.0,0.05469003565550128,0.997,1.0,8.837241304651534e-28,1.0,0.05469003565550128,1.3078251442909241,1.2173410058021545,0.6478987336158752,3.9278390407562256,0.3938235882778582,0.997,1.0,9.78329772804305e-48,1.0,0.05469003565550128,1.3078251442909241,1.2173410058021545,0.6478987336158752,3.9278390407562256,0.3938235882778582,0.5,0.5,0.5,0.5,0.0,1552,10,71.49397301673889,0,1,6,0,0,0,0,0
0.5,0.5,0.5,0.5,0.0,0.003,0.0,0.0,1.0,0.05469003565550128,0.997,1.0,8.837241304651534e-28,1.0,0.05469003565550128,1.3079610590338706,1.2127145528793335,0.6478987336158752,3.9278390407562256,0.3933063353583064,0.997,1.0,9.78329772804305e-48,1.0,0.05469003565550128,1.3079610590338706,1.2127145528793335,0.6478987336158752,3.9278390407562256,0.3933063353583064,0.5,0.5,0.5,0.5,0.0,1562,10,71.93550682067871,0,0,7,0,0,0,0,0
0.5,0.5,0.5,0.5,0.0,0.003,0.0,0.0,1.0,0.05469003565550128,0.997,1.0,8.837241304651534e-28,1.0,0.05469003565550128,1.3090352429151535,1.221113681793213,0.6478987336158752,3.9278390407562256,0.3935869551958822,0.997,1.0,9.78329772804305e-48,1.0,0.05469003565550128,1.3090352429151535,1.221113681793213,0.6478987336158752,3.9278390407562256,0.3935869551958822,0.5,0.5,0.5,0.5,0.0,1572,10,72.38576674461365,0,0,6,0,0,0,0,0
0.5,0.5,0.5,0.5,0.0,0.003,0.0,0.0,1.0,0.05469003565550128,0.997,1.0,8.837241304651534e-28,1.0,0.05469003565550128,1.3081757795214652,1.2173410058021545,0.6478987336158752,3.9278390407562256,0.39243983387957976,0.997,1.0,9.78329772804305e-48,1.0,0.05469003565550128,1.3081757795214652,1.2173410058021545,0.6478987336158752,3.9278390407562256,0.39243983387957976,0.5,0.5,0.5,0.5,0.0,1582,10,72.83714509010315,0,0,9,0,0,0,0,0
0.5,0.5,0.5,0.5,0.0,0.003,0.0,0.0,1.0,0.05469003565550128,0.997,1.0,8.837241304651534e-28,1.0,0.05469003565550128,1.308931941986084,1.2212200164794922,0.6478987336158752,3.9278390407562256,0.3935974612946701,0.997,1.0,9.78329772804305e-48,1.0,0.05469003565550128,1.308931941986084,1.2212200164794922,0.6478987336158752,3.9278390407562256,0.3935974612946701,0.5,0.5,0.5,0.5,0.0,1593,10,73.24358701705933,0,1,17,0,0,0,0,0
0.5,0.5,0.5,0.5,0.0,0.003,0.0,0.0,1.0,0.05469003565550128,0.997,1.0,8.837241304651534e-28,1.0,0.05469003565550128,1.3086339649558067,1.2173410058021545,0.6478987336158752,3.9278390407562256,0.3932476372681719,0.997,1.0,9.78329772804305e-48,1.0,0.05469003565550128,1.3086339649558067,1.2173410058021545,0.6478987336158752,3.9278390407562256,0.3932476372681719,0.5,0.5,0.5,0.5,0.0,1603,10,73.6627357006073,0,0,13,0,0,0,0,0
0.5,0.5,0.5,0.5,0.0,0.003,0.0,0.0,1.0,0.05469003565550128,0.997,1.0,8.837241304651534e-28,1.0,0.05469003565550128,1.3078571976423263,1.213329017162323,0.6478987336158752,3.9278390407562256,0.39288523313787965,0.997,1.0,9.78329772804305e-48,1.0,0.05469003565550128,1.3078571976423263,1.213329017162323,0.6478987336158752,3.9278390407562256,0.39288523313787965,0.5,0.5,0.5,0.5,0.0,1613,10,74.06919288635254,0,0,16,0,0,0,0,0
0.5,0.5,0.5,0.5,0.0,0.003,0.0,0.0,1.0,0.05469003565550128,0.997,1.0,8.837241304651534e-28,1.0,0.05469003565550128,1.3085358352065086,1.221113681793213,0.6478987336158752,3.9278390407562256,0.39300310580751513,0.997,1.0,9.78329772804305e-48,1.0,0.05469003565550128,1.3085358352065086,1.221113681793213,0.6478987336158752,3.9278390407562256,0.39300310580751513,0.5,0.5,0.5,0.5,0.0,1623,10,74.45536589622498,0,0,11,0,0,0,0,0
0.5,0.5,0.5,0.5,0.0,0.003,0.0,0.0,1.0,0.05469003565550128,0.997,1.0,8.837241304651534e-28,1.0,0.05469003565550128,1.3078926531076431,1.211703360080719,0.6478987336158752,3.9278390407562256,0.3941949297084183,0.997,1.0,9.78329772804305e-48,1.0,0.05469003565550128,1.3078926531076431,1.211703360080719,0.6478987336158752,3.9278390407562256,0.3941949297084183,0.5,0.5,0.5,0.5,0.0,1634,10,74.85240697860718,0,1,12,0,0,0,0,0
0.5,0.5,0.5,0.5,0.0,0.003,0.0,0.0,1.0,0.05469003565550128,0.997,1.0,8.837241304651534e-28,1.0,0.05469003565550128,1.3083696634173394,1.213329017162323,0.6478987336158752,3.9278390407562256,0.39334067063386446,0.997,1.0,9.78329772804305e-48,1.0,0.05469003565550128,1.3083696634173394,1.213329017162323,0.6478987336158752,3.9278390407562256,0.39334067063386446,0.5,0.5,0.5,0.5,0.0,1645,10,75.25791096687317,0,1,17,0,0,0,0,0
0.5,0.5,0.5,0.5,0.0,0.003,0.0,0.0,1.0,0.05469003565550128,0.997,1.0,8.837241304651534e-28,1.0,0.05469003565550128,1.3079447364807129,1.213329017162323,0.6478987336158752,3.9278390407562256,0.39344757541374054,0.997,1.0,9.78329772804305e-48,1.0,0.05469003565550128,1.3079447364807129,1.213329017162323,0.6478987336158752,3.9278390407562256,0.39344757541374054,0.5,0.5,0.5,0.5,0.0,1655,10,75.66400480270386,0,0,4,0,0,0,0,0
0.5,0.5,0.5,0.5,0.0,0.003,0.0,0.0,1.0,0.05469003565550128,0.997,1.0,8.837241304651534e-28,1.0,0.05469003565550128,1.3087505907416344,1.213329017162323,0.6478987336158752,3.9278390407562256,0.39361386513954966,0.997,1.0,9.78329772804305e-48,1.0,0.05469003565550128,1.3087505907416344,1.213329017162323,0.6478987336158752,3.9278390407562256,0.39361386513954966,0.5,0.5,0.5,0.5,0.0,1665,10,75.99977898597717,0,0,12,0,0,0,0,0
0.5,0.5,0.5,0.5,0.0,0.003,0.0,0.0,1.0,0.05469003565550128,0.997,1.0,8.837241304651534e-28,1.0,0.05469003565550128,1.3085874180197716,1.213329017162323,0.6478987336158752,3.9278390407562256,0.3944085443844258,0.997,1.0,9.78329772804305e-48,1.0,0.05469003565550128,1.3085874180197716,1.213329017162323,0.6478987336158752,3.9278390407562256,0.3944085443844258,0.5,0.5,0.5,0.5,0.0,1676,10,76.46040606498718,0,1,5,0,0,0,0,0
0.5,0.5,0.5,0.5,0.0,0.003,0.0,0.0,1.0,0.05469003565550128,0.997,1.0,8.837241304651534e-28,1.0,0.05469003565550128,1.3069481702446937,1.213329017162323,0.6478987336158752,3.9278390407562256,0.39277821098849874,0.997,1.0,9.78329772804305e-48,1.0,0.05469003565550128,1.3069481702446937,1.213329017162323,0.6478987336158752,3.9278390407562256,0.39277821098849874,0.5,0.5,0.5,0.5,0.0,1686,10,76.90305590629578,0,0,15,0,0,0,0,0
0.5,0.5,0.5,0.5,0.0,0.003,0.0,0.0,1.0,0.05469003565550128,0.997,1.0,8.837241304651534e-28,1.0,0.05469003565550128,1.3069672601222992,1.2127145528793335,0.6478987336158752,3.9278390407562256,0.39398745649496814,0.997,1.0,9.78329772804305e-48,1.0,0.05469003565550128,1.3069672601222992,1.2127145528793335,0.6478987336158752,3.9278390407562256,0.39398745649496814,0.5,0.5,0.5,0.5,0.0,1696,10,77.27720594406128,0,0,10,0,0,0,0,0
0.5,0.5,0.5,0.5,0.0,0.004,0.0,0.0,1.0,0.063118935352238,0.996,1.0,2.6867951539670874e-28,1.0,0.063118935352238,1.3108118740916253,1.213329017162323,0.6478987336158752,3.9407947063446045,0.402078494746904,0.996,1.0,2.9744256176062146e-48,1.0,0.063118935352238,1.3108118740916253,1.213329017162323,0.6478987336158752,3.9407947063446045,0.402078494746904,0.5,0.5,0.5,0.5,0.0,1706,10,77.66014575958252,0,0,15,0,0,0,0,0
0.5,0.5,0.5,0.5,0.0,0.003,0.0,0.0,1.0,0.05469003565550128,0.997,1.0,8.837241304651534e-28,1.0,0.05469003565550128,1.3081384785175323,1.2139333486557007,0.6478987336158752,3.9278390407562256,0.3936245130274787,0.997,1.0,9.78329772804305e-48,1.0,0.05469003565550128,1.3081384785175323,1.2139333486557007,0.6478987336158752,3.9278390407562256,0.3936245130274787,0.5,0.5,0.5,0.5,0.0,1717,10,78.09679293632507,0,1,19,0,0,0,0,0
0.5,0.5,0.5,0.5,0.0,0.003,0.0,0.0,1.0,0.05469003565550128,0.997,1.0,8.837241304651534e-28,1.0,0.05469003565550128,1.3069021089076995,1.2128678560256958,0.6478987336158752,3.9278390407562256,0.39359078267920006,0.997,1.0,9.78329772804305e-48,1.0,0.05469003565550128,1.3069021089076995,1.2128678560256958,0.6478987336158752,3.9278390407562256,0.39359078267920006,0.5,0.5,0.5,0.5,0.0,1729,10,78.53739285469055,0,2,11,0,0,0,0,0
0.5,0.5,0.5,0.5,0.0,0.004,0.0,0.0,1.0,0.063118935352238,0.996,1.0,8.837241304651534e-28,1.0,0.063118935352238,1.3103472595214845,1.213329017162323,0.6478987336158752,3.9278390407562256,0.400942335348353,0.996,1.0,9.78329772804305e-48,1.0,0.063118935352238,1.3103472595214845,1.213329017162323,0.6478987336158752,3.9278390407562256,0.400942335348353,0.5,0.5,0.5,0.5,0.0,1739,10,78.96983599662781,0,0,16,0,0,0,0,0
0.5,0.5,0.5,0.5,0.0,0.003,0.0,0.0,1.0,0.05469003565550128,0.997,1.0,8.837241304651534e-28,1.0,0.05469003565550128,1.3070195617079734,1.213329017162323,0.6478987336158752,3.9278390407562256,0.39297028264874884,0.997,1.0,9.78329772804305e-48,1.0,0.05469003565550128,1.3070195617079734,1.213329017162323,0.6478987336158752,3.9278390407562256,0.39297028264874884,0.5,0.5,0.5,0.5,0.0,1750,10,79.46737408638,0,1,8,0,0,0,0,0
0.5,0.5,0.5,0.5,0.0,0.003,0.0,0.0,1.0,0.05469003565550128,0.997,1.0,8.837241304651534e-28,1.0,0.05469003565550128,1.3084375165104867,1.213329017162323,0.6478987336158752,3.9278390407562256,0.3935142320407594,0.997,1.0,9.78329772804305e-48,1.0,0.05469003565550128,1.3084375165104867,1.213329017162323,0.6478987336158752,3.9278390407562256,0.3935142320407594,0.5,0.5,0.5,0.5,0.0,1763,10,80.05307579040527,0,3,12,0,0,0,0,0
0.5,0.5,0.5,0.5,0.0,0.003,0.0,0.0,1.0,0.05469003565550128,0.997,1.0,8.837241304651534e-28,1.0,0.05469003565550128,1.3080674809217454,1.2127145528793335,0.6478987336158752,3.9278390407562256,0.39330168406952143,0.997,1.0,9.78329772804305e-48,1.0,0.05469003565550128,1.3080674809217454,1.2127145528793335,0.6478987336158752,3.9278390407562256,0.39330168406952143,0.5,0.5,0.5,0.5,0.0,1773,10,80.40845274925232,0,0,16,0,0,0,0,0
0.5,0.5,0.5,0.5,0.0,0.003,0.0,0.0,1.0,0.05469003565550128,0.997,1.0,8.837241304651534e-28,1.0,0.05469003565550128,1.307948512494564,1.213329017162323,0.6478987336158752,3.9278390407562256,0.39298316751574347,0.997,1.0,9.78329772804305e-48,1.0,0.05469003565550128,1.307948512494564,1.213329017162323,0.6478987336158752,3.9278390407562256,0.39298316751574347,0.5,0.5,0.5,0.5,0.0,1784,10,81.00823187828064,0,1,11,0,0,0,0,0
0.5,0.5,0.5,0.5,0.0,0.003,0.0,0.0,1.0,0.05469003565550128,0.997,1.0,8.837241304651534e-28,1.0,0.05469003565550128,1.308639420390129,1.2173410058021545,0.6478987336158752,3.9278390407562256,0.3943406525156378,0.997,1.0,9.78329772804305e-48,1.0,0.05469003565550128,1.308639420390129,1.2173410058021545,0.6478987336158752,3.9278390407562256,0.3943406525156378,0.5,0.5,0.5,0.5,0.0,1794,10,81.44141006469727,0,0,12,0,0,0,0,0
0.5,0.5,0.5,0.5,0.0,0.003,0.0,0.0,1.0,0.05469003565550128,0.997,1.0,8.837241304651534e-28,1.0,0.05469003565550128,1.3083713113069535,1.213329017162323,0.6478987336158752,3.9278390407562256,0.3932618317298319,0.997,1.0,9.78329772804305e-48,1.0,0.05469003565550128,1.3083713113069535,1.213329017162323,0.6478987336158752,3.9278390407562256,0.3932618317298319,0.5,0.5,0.5,0.5,0.0,1804,10,81.90076279640198,0,0,4,0,0,0,0,0
0.5,0.5,0.5,0.5,0.0,0.003,0.0,0.0,1.0,0.05469003565550128,0.997,1.0,8.837241304651534e-28,1.0,0.05469003565550128,1.309207121670246,1.213329017162323,0.6478987336158752,3.9278390407562256,0.3939559979583738,0.997,1.0,9.78329772804305e-48,1.0,0.05469003565550128,1.309207121670246,1.213329017162323,0.6478987336158752,3.9278390407562256,0.3939559979583738,0.5,0.5,0.5,0.5,0.0,1817,10,82.4797899723053,0,3,23,0,0,0,0,0
0.5,0.5,0.5,0.5,0.0,0.003,0.0,0.0,1.0,0.05469003565550128,0.997,1.0,8.837241304651534e-28,1.0,0.05469003565550128,1.3078456566333772,1.2153692245483398,0.6478987336158752,3.9278390407562256,0.3930329820504861,0.997,1.0,9.78329772804305e-48,1.0,0.05469003565550128,1.3078456566333772,1.2153692245483398,0.6478987336158752,3.9278390407562256,0.3930329820504861,0.5,0.5,0.5,0.5,0.0,1827,10,82.98440289497375,0,0,11,0,0,0,0,0
0.5,0.5,0.5,0.5,0.0,0.003,0.0,0.0,1.0,0.05469003565550128,0.997,1.0,8.837241304651534e-28,1.0,0.05469003565550128,1.3069827031493186,1.213329017162323,0.6478987336158752,3.9278390407562256,0.3931405974950314,0.997,1.0,9.78329772804305e-48,1.0,0.05469003565550128,1.3069827031493186,1.213329017162323,0.6478987336158752,3.9278390407562256,0.3931405974950314,0.5,0.5,0.5,0.5,0.0,1839,10,83.45950388908386,0,2,7,0,0,0,0,0
0.5,0.5,0.5,0.5,0.0,0.003,0.0,0.0,1.0,0.05469003565550128,0.997,1.0,8.837241304651534e-28,1.0,0.05469003565550128,1.310270838856697,1.2212200164794922,0.6478987336158752,3.9278390407562256,0.3939383742943392,0.997,1.0,9.78329772804305e-48,1.0,0.05469003565550128,1.310270838856697,1.2212200164794922,0.6478987336158752,3.9278390407562256,0.3939383742943392,0.5,0.5,0.5,0.5,0.0,1850,10,83.90077900886536,0,1,19,0,0,0,0,0
0.5,0.5,0.5,0.5,0.0,0.003,0.0,0.0,1.0,0.05469003565550128,0.997,1.0,8.837241304651534e-28,1.0,0.05469003565550128,1.3083734881281852,1.2127145528793335,0.6478987336158752,3.9278390407562256,0.3945565044388144,0.997,1.0,9.78329772804305e-48,1.0,0.05469003565550128,1.3083734881281852,1.2127145528793335,0.6478987336158752,3.9278390407562256,0.3945565044388144,0.5,0.5,0.5,0.5,0.0,1861,10,84.3841290473938,0,1,17,0,0,0,0,0
0.5,0.5,0.5,0.5,0.0,0.003,0.0,0.0,1.0,0.05469003565550128,0.997,1.0,8.837241304651534e-28,1.0,0.05469003565550128,1.3074273844957351,1.213329017162323,0.6478987336158752,3.9278390407562256,0.39275313077779,0.997,1.0,9.78329772804305e-48,1.0,0.05469003565550128,1.3074273844957351,1.213329017162323,0.6478987336158752,3.9278390407562256,0.39275313077779,0.5,0.5,0.5,0.5,0.0,1871,10,84.90590786933899,0,0,26,0,0,0,0,0
0.5,0.5,0.5,0.5,0.0,0.003,0.0,0.0,1.0,0.05469003565550128,0.997,1.0,8.837241304651534e-28,1.0,0.05469003565550128,1.3083458275794984,1.213329017162323,0.6478987336158752,3.9278390407562256,0.39313706948217253,0.997,1.0,9.78329772804305e-48,1.0,0.05469003565550128,1.3083458275794984,1.213329017162323,0.6478987336158752,3.9278390407562256,0.39313706948217253,0.5,0.5,0.5,0.5,0.0,1882,10,85.38747191429138,0,1,8,0,0,0,0,0
0.5,0.5,0.5,0.5,0.0,0.003,0.0,0.0,1.0,0.05469003565550128,0.997,1.0,8.837241304651534e-28,1.0,0.05469003565550128,1.3074477760195733,1.2127145528793335,0.6478987336158752,3.9278390407562256,0.3932758196286001,0.997,1.0,9.78329772804305e-48,1.0,0.05469003565550128,1.3074477760195733,1.2127145528793335,0.6478987336158752,3.9278390407562256,0.3932758196286001,0.5,0.5,0.5,0.5,0.0,1893,10,86.02836990356445,0,1,9,0,0,0,0,0
0.5,0.5,0.5,0.5,0.0,0.003,0.0,0.0,1.0,0.05469003565550128,0.997,1.0,8.837241304651534e-28,1.0,0.05469003565550128,1.3087203521728517,1.2173410058021545,0.6478987336158752,3.9278390407562256,0.39330374043258826,0.997,1.0,9.78329772804305e-48,1.0,0.05469003565550128,1.3087203521728517,1.2173410058021545,0.6478987336158752,3.9278390407562256,0.39330374043258826,0.5,0.5,0.5,0.5,0.0,1906,10,86.53278088569641,0,3,6,0,0,0,0,0
0.5,0.5,0.5,0.5,0.0,0.003,0.0,0.0,1.0,0.05469003565550128,0.997,1.0,8.837241304651534e-28,1.0,0.05469003565550128,1.308327176451683,1.2173410058021545,0.6478987336158752,3.9278390407562256,0.392808110456441,0.997,1.0,9.78329772804305e-48,1.0,0.05469003565550128,1.308327176451683,1.2173410058021545,0.6478987336158752,3.9278390407562256,0.392808110456441,0.5,0.5,0.5,0.5,0.0,1917,10,87.03097701072693,0,1,14,0,0,0,0,0
0.5,0.5,0.5,0.5,0.0,0.003,0.0,0.0,1.0,0.05469003565550128,0.997,1.0,8.837241304651534e-28,1.0,0.05469003565550128,1.308001318216324,1.2158998250961304,0.6478987336158752,3.9278390407562256,0.39318118378836964,0.997,1.0,9.78329772804305e-48,1.0,0.05469003565550128,1.308001318216324,1.2158998250961304,0.6478987336158752,3.9278390407562256,0.39318118378836964,0.5,0.5,0.5,0.5,0.0,1928,10,87.52919387817383,0,1,5,0,0,0,0,0
0.5,0.5,0.5,0.5,0.0,0.003,0.0,0.0,1.0,0.05469003565550128,0.997,1.0,8.837241304651534e-28,1.0,0.05469003565550128,1.30907061702013,1.2173410058021545,0.6478987336158752,3.9278390407562256,0.3940041473698928,0.997,1.0,9.78329772804305e-48,1.0,0.05469003565550128,1.30907061702013,1.2173410058021545,0.6478987336158752,3.9278390407562256,0.3940041473698928,0.5,0.5,0.5,0.5,0.0,1938,10,87.99942803382874,0,0,9,0,0,0,0,0
0.5,0.5,0.5,0.5,0.0,0.003,0.0,0.0,1.0,0.05469003565550128,0.997,1.0,8.837241304651534e-28,1.0,0.05469003565550128,1.3086619629263878,1.2173410058021545,0.6478987336158752,3.9278390407562256,0.3928633232446174,0.997,1.0,9.78329772804305e-48,1.0,0.05469003565550128,1.3086619629263878,1.2173410058021545,0.6478987336158752,3.9278390407562256,0.3928633232446174,0.5,0.5,0.5,0.5,0.0,1951,10,88.51613688468933,0,3,24,0,0,0,0,0
0.5,0.5,0.5,0.5,0.0,0.003,0.0,0.0,1.0,0.05469003565550128,0.997,1.0,8.837241304651534e-28,1.0,0.05469003565550128,1.308029977619648,1.213329017162323,0.6478987336158752,3.9278390407562256,0.3945936360764097,0.997,1.0,9.78329772804305e-48,1.0,0.05469003565550128,1.308029977619648,1.213329017162323,0.6478987336158752,3.9278390407562256,0.3945936360764097,0.5,0.5,0.5,0.5,0.0,1961,10,88.94223880767822,0,0,13,0,0,0,0,0
0.5,0.5,0.5,0.5,0.0,0.003,0.0,0.0,1.0,0.05469003565550128,0.997,1.0,8.837241304651534e-28,1.0,0.05469003565550128,1.3090967622995378,1.221113681793213,0.6478987336158752,3.9278390407562256,0.39339008123684693,0.997,1.0,9.78329772804305e-48,1.0,0.05469003565550128,1.3090967622995378,1.221113681793213,0.6478987336158752,3.9278390407562256,0.39339008123684693,0.5,0.5,0.5,0.5,0.0,1972,10,89.37361693382263,0,1,13,0,0,0,0,0
0.5,0.5,0.5,0.5,0.0,0.003,0.0,0.0,1.0,0.05469003565550128,0.997,1.0,8.837241304651534e-28,1.0,0.05469003565550128,1.3079260302186013,1.213329017162323,0.6478987336158752,3.9278390407562256,0.39382101897722477,0.997,1.0,9.78329772804305e-48,1.0,0.05469003565550128,1.3079260302186013,1.213329017162323,0.6478987336158752,3.9278390407562256,0.39382101897722477,0.5,0.5,0.5,0.5,0.0,1982,10,90.01832795143127,0,0,22,0,0,0,0,0
0.5,0.5,0.5,0.5,0.0,0.003,0.0,0.0,1.0,0.05469003565550128,0.997,1.0,8.837241304651534e-28,1.0,0.05469003565550128,1.3095060901641846,1.221113681793213,0.6478987336158752,3.9278390407562256,0.3936612946978364,0.997,1.0,9.78329772804305e-48,1.0,0.05469003565550128,1.3095060901641846,1.221113681793213,0.6478987336158752,3.9278390407562256,0.3936612946978364,0.5,0.5,0.5,0.5,0.0,1992,10,90.45557594299316,0,0,5,0,0,0,0,0
0.5,0.5,0.5,0.5,0.0,0.003,0.0,0.0,1.0,0.05469003565550128,0.997,1.0,8.837241304651534e-28,1.0,0.05469003565550128,1.3088925058841705,1.213329017162323,0.6478987336158752,3.9278390407562256,0.3939391619567977,0.997,1.0,9.78329772804305e-48,1.0,0.05469003565550128,1.3088925058841705,1.213329017162323,0.6478987336158752,3.9278390407562256,0.3939391619567977,0.5,0.5,0.5,0.5,0.0,2002,10,90.88285899162292,0,0,16,0,0,0,0,0
0.5,0.5,0.5,0.5,0.0,0.003,0.0,0.0,1.0,0.05469003565550128,0.997,1.0,8.837241304651534e-28,1.0,0.05469003565550128,1.3095051649808884,1.2212156653404236,0.6478987336158752,3.9278390407562256,0.3939287587469318,0.997,1.0,9.78329772804305e-48,1.0,0.05469003565550128,1.3095051649808884,1.2212156653404236,0.6478987336158752,3.9278390407562256,0.3939287587469318,0.5,0.5,0.5,0.5,0.0,2013,10,91.49288988113403,0,1,11,0,0,0,0,0
0.5,0.5,0.5,0.5,0.0,0.003,0.0,0.0,1.0,0.05469003565550128,0.997,1.0,8.837241304651534e-28,1.0,0.05469003565550128,1.307890665113926,1.213329017162323,0.6478987336158752,3.9278390407562256,0.3932671257877136,0.997,1.0,9.78329772804305e-48,1.0,0.05469003565550128,1.307890665113926,1.213329017162323,0.6478987336158752,3.9278390407562256,0.3932671257877136,0.5,0.5,0.5,0.5,0.0,2024,10,91.93454694747925,0,1,8,0,0,0,0,0
0.5,0.5,0.5,0.5,0.0,0.003,0.0,0.0,1.0,0.05469003565550128,0.997,1.0,8.837241304651534e-28,1.0,0.05469003565550128,1.3094178605079652,1.221113681793213,0.6478987336158752,3.9278390407562256,0.3932170876083741,0.997,1.0,9.78329772804305e-48,1.0,0.05469003565550128,1.3094178605079652,1.221113681793213,0.6478987336158752,3.9278390407562256,0.3932170876083741,0.5,0.5,0.5,0.5,0.0,2036,10,92.4133870601654,0,2,16,0,0,0,0,0
0.5,0.5,0.5,0.5,0.0,0.003,0.0,0.0,1.0,0.05469003565550128,0.997,1.0,8.837241304651534e-28,1.0,0.05469003565550128,1.3092844190001487,1.2215746641159058,0.6478987336158752,3.9278390407562256,0.39264481321387473,0.997,1.0,9.78329772804305e-48,1.0,0.05469003565550128,1.3092844190001487,1.2215746641159058,0.6478987336158752,3.9278390407562256,0.39264481321387473,0.5,0.5,0.5,0.5,0.0,2047,10,92.93346500396729,0,1,27,0,0,0,0,0
0.5,0.5,0.5,0.5,0.0,0.003,0.0,0.0,1.0,0.05469003565550128,0.997,1.0,8.837241304651534e-28,1.0,0.05469003565550128,1.3074642782211303,1.213329017162323,0.6478987336158752,3.9278390407562256,0.39319608939021633,0.997,1.0,9.78329772804305e-48,1.0,0.05469003565550128,1.3074642782211303,1.213329017162323,0.6478987336158752,3.9278390407562256,0.39319608939021633,0.5,0.5,0.5,0.5,0.0,2058,10,93.72879695892334,0,1,31,0,0,0,0,0
0.5,0.5,0.5,0.5,0.0,0.003,0.0,0.0,1.0,0.05469003565550128,0.997,1.0,8.837241304651534e-28,1.0,0.05469003565550128,1.3071694052815437,1.2127145528793335,0.6478987336158752,3.9278390407562256,0.39347236496319227,0.997,1.0,9.78329772804305e-48,1.0,0.05469003565550128,1.3071694052815437,1.2127145528793335,0.6478987336158752,3.9278390407562256,0.39347236496319227,0.5,0.5,0.5,0.5,0.0,2068,10,94.52376174926758,0,0,13,0,0,0,0,0
0.5,0.5,0.5,0.5,0.0,0.003,0.0,0.0,1.0,0.05469003565550128,0.997,1.0,8.837241304651534e-28,1.0,0.05469003565550128,1.3089753130078317,1.2212200164794922,0.6478987336158752,3.9278390407562256,0.3925141173822077,0.997,1.0,9.78329772804305e-48,1.0,0.05469003565550128,1.3089753130078317,1.2212200164794922,0.6478987336158752,3.9278390407562256,0.3925141173822077,0.5,0.5,0.5,0.5,0.0,2078,10,95.06348490715027,0,0,38,0,0,0,0,0
0.5,0.5,0.5,0.5,0.0,0.003,0.0,0.0,1.0,0.05469003565550128,0.997,1.0,8.837241304651534e-28,1.0,0.05469003565550128,1.3066922457814216,1.2127145528793335,0.6478987336158752,3.9278390407562256,0.3931854867177572,0.997,1.0,9.78329772804305e-48,1.0,0.05469003565550128,1.3066922457814216,1.2127145528793335,0.6478987336158752,3.9278390407562256,0.3931854867177572,0.5,0.5,0.5,0.5,0.0,2088,10,95.62605786323547,0,0,12,0,0,0,0,0
0.5,0.5,0.5,0.5,0.0,0.003,0.0,0.0,1.0,0.05469003565550128,0.997,1.0,8.837241304651534e-28,1.0,0.05469003565550128,1.308116164982319,1.2127145528793335,0.6478987336158752,3.9278390407562256,0.3949116323520458,0.997,1.0,9.78329772804305e-48,1.0,0.05469003565550128,1.308116164982319,1.2127145528793335,0.6478987336158752,3.9278390407562256,0.3949116323520458,0.5,0.5,0.5,0.5,0.0,2099,10,96.15538787841797,0,1,10,0,0,0,0,0
0.5,0.5,0.5,0.5,0.0,0.003,0.0,0.0,1.0,0.05469003565550128,0.997,1.0,8.837241304651534e-28,1.0,0.05469003565550128,1.309741162776947,1.2215746641159058,0.6478987336158752,3.9278390407562256,0.39338008471543,0.997,1.0,9.78329772804305e-48,1.0,0.05469003565550128,1.309741162776947,1.2215746641159058,0.6478987336158752,3.9278390407562256,0.39338008471543,0.5,0.5,0.5,0.5,0.0,2111,10,96.61556601524353,0,2,19,0,0,0,0,0
0.5,0.5,0.5,0.5,0.0,0.003,0.0,0.0,1.0,0.05469003565550128,0.997,1.0,8.837241304651534e-28,1.0,0.05469003565550128,1.3093155379891395,1.221113681793213,0.6478987336158752,3.9278390407562256,0.39406864394012087,0.997,1.0,9.78329772804305e-48,1.0,0.05469003565550128,1.3093155379891395,1.221113681793213,0.6478987336158752,3.9278390407562256,0.39406864394012087,0.5,0.5,0.5,0.5,0.0,2122,10,97.0286238193512,0,1,19,0,0,0,0,0
0.5,0.5,0.5,0.5,0.0,0.003,0.0,0.0,1.0,0.05469003565550128,0.997,1.0,8.837241304651534e-28,1.0,0.05469003565550128,1.3088377214074134,1.213329017162323,0.6478987336158752,3.9278390407562256,0.3933589129502582,0.997,1.0,9.78329772804305e-48,1.0,0.05469003565550128,1.3088377214074134,1.213329017162323,0.6478987336158752,3.9278390407562256,0.3933589129502582,0.5,0.5,0.5,0.5,0.0,2132,10,97.5910279750824,0,0,20,0,0,0,0,0
0.5,0.5,0.5,0.5,0.0,0.003,0.0,0.0,1.0,0.05469003565550128,0.997,1.0,8.837241304651534e-28,1.0,0.05469003565550128,1.307018816769123,1.2127145528793335,0.6478987336158752,3.9278390407562256,0.39365805161855416,0.997,1.0,9.78329772804305e-48,1.0,0.05469003565550128,1.307018816769123,1.2127145528793335,0.6478987336158752,3.9278390407562256,0.39365805161855416,0.5,0.5,0.5,0.5,0.0,2142,10,99.04338693618774,0,0,16,0,0,0,0,0
0.5,0.5,0.5,0.5,0.0,0.003,0.0,0.0,1.0,0.05469003565550128,0.997,1.0,8.837241304651534e-28,1.0,0.05469003565550128,1.309248488843441,1.221113681793213,0.6478987336158752,3.9278390407562256,0.3931646632329872,0.997,1.0,9.78329772804305e-48,1.0,0.05469003565550128,1.309248488843441,1.221113681793213,0.6478987336158752,3.9278390407562256,0.3931646632329872,0.5,0.5,0.5,0.5,0.0,2154,10,99.48860478401184,0,2,9,0,0,0,0,0
0.5,0.5,0.5,0.5,0.0,0.003,0.0,0.0,1.0,0.05469003565550128,0.997,1.0,8.837241304651534e-28,1.0,0.05469003565550128,1.3083669891357421,1.213329017162323,0.6478987336158752,3.9278390407562256,0.39328273584040585,0.997,1.0,9.78329772804305e-48,1.0,0.05469003565550128,1.3083669891357421,1.213329017162323,0.6478987336158752,3.9278390407562256,0.39328273584040585,0.5,0.5,0.5,0.5,0.0,2166,10,100.29194068908691,0,2,7,0,0,0,0,0
0.5,0.5,0.5,0.5,0.0,0.003,0.0,0.0,1.0,0.05469003565550128,0.997,1.0,8.837241304651534e-28,1.0,0.05469003565550128,1.3091592873334885,1.221113681793213,0.6478987336158752,3.9278390407562256,0.3939416974002458,0.997,1.0,9.78329772804305e-48,1.0,0.05469003565550128,1.3091592873334885,1.221113681793213,0.6478987336158752,3.9278390407562256,0.3939416974002458,0.5,0.5,0.5,0.5,0.0,2176,10,100.74697279930115,0,0,6,0,0,0,0,0
0.5,0.5,0.5,0.5,0.0,0.003,0.0,0.0,1.0,0.05469003565550128,0.997,1.0,8.837241304651534e-28,1.0,0.05469003565550128,1.3086144656538963,1.2173410058021545,0.6478987336158752,3.9278390407562256,0.3929553919116424,0.997,1.0,9.78329772804305e-48,1.0,0.05469003565550128,1.3086144656538963,1.2173410058021545,0.6478987336158752,3.9278390407562256,0.3929553919116424,0.5,0.5,0.5,0.5,0.0,2187,10,101.27085494995117,0,1,7,0,0,0,0,0
0.5,0.5,0.5,0.5,0.0,0.003,0.0,0.0,1.0,0.05469003565550128,0.997,1.0,8.837241304651534e-28,1.0,0.05469003565550128,1.3082698585987091,1.2173410058021545,0.6478987336158752,3.9278390407562256,0.3940546735350843,0.997,1.0,9.78329772804305e-48,1.0,0.05469003565550128,1.3082698585987091,1.2173410058021545,0.6478987336158752,3.9278390407562256,0.3940546735350843,0.5,0.5,0.5,0.5,0.0,2197,10,101.97715592384338,0,0,11,0,0,0,0,0
0.5,0.5,0.5,0.5,0.0,0.003,0.0,0.0,1.0,0.05469003565550128,0.997,1.0,8.837241304651534e-28,1.0,0.05469003565550128,1.3085444973111153,1.221113681793213,0.6478987336158752,3.9278390407562256,0.39259345296260434,0.997,1.0,9.78329772804305e-48,1.0,0.05469003565550128,1.3085444973111153,1.221113681793213,0.6478987336158752,3.9278390407562256,0.39259345296260434,0.5,0.5,0.5,0.5,0.0,2207,10,102.4267430305481,0,0,30,0,0,0,0,0
0.5,0.5,0.5,0.5,0.0,0.003,0.0,0.0,1.0,0.05469003565550128,0.997,1.0,8.837241304651534e-28,1.0,0.05469003565550128,1.3093025560379028,1.2212200164794922,0.6478987336158752,3.9278390407562256,0.3929255941784757,0.997,1.0,9.78329772804305e-48,1.0,0.05469003565550128,1.3093025560379028,1.2212200164794922,0.6478987336158752,3.9278390407562256,0.3929255941784757,0.5,0.5,0.5,0.5,0.0,2217,10,103.38027381896973,0,0,10,0,0,0,0,0
0.5,0.5,0.5,0.5,0.0,0.003,0.0,0.0,1.0,0.05469003565550128,0.997,1.0,8.837241304651534e-28,1.0,0.05469003565550128,1.3078491380214692,1.213329017162323,0.6478987336158752,3.9278390407562256,0.39401514503355534,0.997,1.0,9.78329772804305e-48,1.0,0.05469003565550128,1.3078491380214692,1.213329017162323,0.6478987336158752,3.9278390407562256,0.39401514503355534,0.5,0.5,0.5,0.5,0.0,2227,10,103.89735913276672,0,0,12,0,0,0,0,0
0.5,0.5,0.5,0.5,0.0,0.003,0.0,0.0,1.0,0.05469003565550128,0.997,1.0,8.837241304651534e-28,1.0,0.05469003565550128,1.3084186595678329,1.221113681793213,0.6478987336158752,3.9278390407562256,0.39275569185668974,0.997,1.0,9.78329772804305e-48,1.0,0.05469003565550128,1.3084186595678329,1.221113681793213,0.6478987336158752,3.9278390407562256,0.39275569185668974,0.5,0.5,0.5,0.5,0.0,2238,10,104.33119297027588,0,1,9,0,0,0,0,0
0.5,0.5,0.5,0.5,0.0,0.003,0.0,0.0,1.0,0.05469003565550128,0.997,1.0,8.837241304651534e-28,1.0,0.05469003565550128,1.3087537801265716,1.213329017162323,0.6478987336158752,3.9278390407562256,0.39318013697375126,0.997,1.0,9.78329772804305e-48,1.0,0.05469003565550128,1.3087537801265716,1.213329017162323,0.6478987336158752,3.9278390407562256,0.39318013697375126,0.5,0.5,0.5,0.5,0.0,2248,10,104.78835892677307,0,0,7,0,0,0,0,0
0.5,0.5,0.5,0.5,0.0,0.003,0.0,0.0,1.0,0.05469003565550128,0.997,1.0,8.837241304651534e-28,1.0,0.05469003565550128,1.3085137720108033,1.213329017162323,0.6478987336158752,3.9278390407562256,0.39354835004380095,0.997,1.0,9.78329772804305e-48,1.0,0.05469003565550128,1.3085137720108033,1.213329017162323,0.6478987336158752,3.9278390407562256,0.39354835004380095,0.5,0.5,0.5,0.5,0.0,2258,10,105.19918894767761,0,0,6,0,0,0,0,0
0.5,0.5,0.5,0.5,0.0,0.003,0.0,0.0,1.0,0.05469003565550128,0.997,1.0,8.837241304651534e-28,1.0,0.05469003565550128,1.3090654114484788,1.2173410058021545,0.6478987336158752,3.9278390407562256,0.39333679172086106,0.997,1.0,9.78329772804305e-48,1.0,0.05469003565550128,1.3090654114484788,1.2173410058021545,0.6478987336158752,3.9278390407562256,0.39333679172086106,0.5,0.5,0.5,0.5,0.0,2269,10,105.86430096626282,0,1,11,0,0,0,0,0
0.5,0.5,0.5,0.5,0.0,0.003,0.0,0.0,1.0,0.05469003565550128,0.997,1.0,8.837241304651534e-28,1.0,0.05469003565550128,1.3077590121626854,1.213329017162323,0.6478987336158752,3.9278390407562256,0.3929192797344006,0.997,1.0,9.78329772804305e-48,1.0,0.05469003565550128,1.3077590121626854,1.213329017162323,0.6478987336158752,3.9278390407562256,0.3929192797344006,0.5,0.5,0.5,0.5,0.0,2283,10,106.4305899143219,0,4,15,0,0,0,0,0
0.5,0.5,0.5,0.5,0.0,0.003,0.0,0.0,1.0,0.05469003565550128,0.997,1.0,8.837241304651534e-28,1.0,0.05469003565550128,1.3090454456806182,1.2173410058021545,0.6478987336158752,3.9278390407562256,0.39339593702787706,0.997,1.0,9.78329772804305e-48,1.0,0.05469003565550128,1.3090454456806182,1.2173410058021545,0.6478987336158752,3.9278390407562256,0.39339593702787706,0.5,0.5,0.5,0.5,0.0,2294,10,107.05567574501038,0,1,14,0,0,0,0,0
0.5,0.5,0.5,0.5,0.0,0.003,0.0,0.0,1.0,0.05469003565550128,0.997,1.0,8.837241304651534e-28,1.0,0.05469003565550128,1.3087713133096694,1.213329017162323,0.6478987336158752,3.9278390407562256,0.39362750004415004,0.997,1.0,9.78329772804305e-48,1.0,0.05469003565550128,1.3087713133096694,1.213329017162323,0.6478987336158752,3.9278390407562256,0.39362750004415004,0.5,0.5,0.5,0.5,0.0,2304,10,107.6015408039093,0,0,22,0,0,0,0,0
